/*******************************************************************************
 * Size: 16 px
 * Bpp: 4
 * Opts: --bpp 4 --size 16 --no-compress --font ../ASSETS/fa-solid-900.otf --range 0xe005,0xf001,0xf002,0xf004,0xf005,0xf007,0xf008,0xf00c,0xf00d,0xf011,0xf013,0xf015,0xf017,0xf021,0xf023,0xf025,0xf02d,0xf041,0xf043,0xf04a,0xf04b,0xf04d,0xf053,0xf054,0xf057,0xf05a,0xf065,0xf06a,0xf06b,0xf06c,0xf06d,0xf06e,0xf071,0xf072,0xf073,0xf075,0xf077,0xf078,0xf083,0xf084,0xf090,0xf095,0xf09d,0xf0ac,0xf0b1,0xf0c0,0xf0c2,0xf0c6,0xf0c8,0xf0d1,0xf0e7,0xf0e9,0xf0eb,0xf0ec,0xf0ee,0xf0f1,0xf0f3,0xf0f4,0xf11b,0xf130,0xf132,0xf133,0xf135,0xf164,0xf183,0xf185,0xf186,0xf1ad,0xf1b9,0xf1bb,0xf1de,0xf1e2,0xf1e6,0xf1eb,0xf1f8,0xf206,0xf21b,0xf236,0xf240,0xf241,0xf242,0xf243,0xf244,0xf290,0xf2c7,0xf2cd,0xf2dc,0xf2e7,0xf2f1,0xf2f6,0xf3c5,0xf3fd,0xf494,0xf52a,0xf54e,0xf54f,0xf553,0xf5aa,0xf5b0,0xf5da,0xf5e7,0xf5fd,0xf6fc,0xf72e,0xf773,0xf794,0xf7b6,0xf7c0,0xf7e4,0xf863,0xf8ff,0xf233 --format lvgl
 ******************************************************************************/

#ifdef __has_include
    #if __has_include("lvgl.h")
        #ifndef LV_LVGL_H_INCLUDE_SIMPLE
            #define LV_LVGL_H_INCLUDE_SIMPLE
        #endif
    #endif
#endif

#ifdef LV_LVGL_H_INCLUDE_SIMPLE
    #include "lvgl.h"
#else
    #include "lvgl.h"
#endif

#ifndef UI_FONT_FA16
#define UI_FONT_FA16 1
#endif

#if UI_FONT_FA16

/*-----------------
 *    BITMAPS
 *----------------*/

/*Store the image of the glyphs*/
static LV_ATTRIBUTE_LARGE_CONST const uint8_t glyph_bitmap[] = {
    /* U+E005 "" */
    0x0, 0x0, 0x0, 0xbb, 0x0, 0x0, 0x0, 0x0,
    0x0, 0xbf, 0xff, 0xff, 0xff, 0xfb, 0x0, 0x0,
    0x0, 0xbf, 0xff, 0xff, 0xff, 0xfb, 0x0, 0x0,
    0x0, 0x0, 0x0, 0xff, 0x0, 0x0, 0x0, 0x0,
    0x0, 0x0, 0x0, 0xff, 0x0, 0x0, 0x0, 0x0,
    0x0, 0x0, 0x7f, 0xff, 0xf7, 0x0, 0x0, 0x0,
    0xbf, 0xff, 0xff, 0xff, 0xff, 0xfe, 0xb3, 0x0,
    0xff, 0xff, 0xff, 0xff, 0xff, 0xff, 0xff, 0x70,
    0xff, 0xff, 0xff, 0xff, 0xff, 0xff, 0xff, 0xf3,
    0xbf, 0xff, 0xff, 0xff, 0xff, 0xff, 0xff, 0xfb,
    0x0, 0x0, 0x5f, 0xff, 0xf5, 0x4, 0xff, 0xfe,
    0x0, 0x0, 0x1, 0x66, 0x10, 0x0, 0xbf, 0xfb,

    /* U+F001 "" */
    0x0, 0x0, 0x0, 0x0, 0x0, 0x0, 0x0, 0x0,
    0x0, 0x0, 0x0, 0x0, 0x3, 0x7a, 0xea, 0x0,
    0x0, 0x2, 0x59, 0xcf, 0xff, 0xff, 0xf0, 0x0,
    0xb, 0xff, 0xff, 0xff, 0xff, 0xff, 0x0, 0x0,
    0xff, 0xff, 0xff, 0xff, 0xff, 0xf0, 0x0, 0xf,
    0xff, 0xff, 0xff, 0xd9, 0xff, 0x0, 0x0, 0xff,
    0xfb, 0x84, 0x10, 0xf, 0xf0, 0x0, 0xf, 0xf0,
    0x0, 0x0, 0x0, 0xff, 0x0, 0x0, 0xff, 0x0,
    0x0, 0x0, 0xf, 0xf0, 0x0, 0xf, 0xf0, 0x0,
    0x19, 0xee, 0xff, 0x0, 0x0, 0xff, 0x0, 0xa,
    0xff, 0xff, 0xf1, 0x9e, 0xef, 0xf0, 0x0, 0xff,
    0xff, 0xff, 0xaf, 0xff, 0xff, 0x0, 0xa, 0xff,
    0xff, 0xaf, 0xff, 0xff, 0xf0, 0x0, 0x19, 0xee,
    0x91, 0xaf, 0xff, 0xfa, 0x0, 0x0, 0x0, 0x0,
    0x1, 0x9e, 0xe9, 0x10, 0x0, 0x0, 0x0, 0x0,

    /* U+F002 "" */
    0x0, 0x3, 0xae, 0xfe, 0xa3, 0x0, 0x0, 0x0,
    0x0, 0x7, 0xff, 0xff, 0xff, 0xf7, 0x0, 0x0,
    0x0, 0x8, 0xff, 0x83, 0x3, 0x8f, 0xf7, 0x0,
    0x0, 0x3, 0xff, 0x30, 0x0, 0x0, 0x3f, 0xf3,
    0x0, 0x0, 0xaf, 0x80, 0x0, 0x0, 0x0, 0x8f,
    0xa0, 0x0, 0xe, 0xf3, 0x0, 0x0, 0x0, 0x3,
    0xfe, 0x0, 0x0, 0xff, 0x0, 0x0, 0x0, 0x0,
    0xf, 0xf0, 0x0, 0xe, 0xf3, 0x0, 0x0, 0x0,
    0x3, 0xfd, 0x0, 0x0, 0xaf, 0x80, 0x0, 0x0,
    0x0, 0x8f, 0xa0, 0x0, 0x3, 0xff, 0x30, 0x0,
    0x0, 0x3f, 0xf2, 0x0, 0x0, 0x8, 0xff, 0x83,
    0x3, 0x8f, 0xfe, 0x10, 0x0, 0x0, 0x8, 0xff,
    0xff, 0xff, 0xfe, 0xfd, 0x10, 0x0, 0x0, 0x3,
    0xae, 0xfd, 0xa3, 0x1d, 0xfd, 0x10, 0x0, 0x0,
    0x0, 0x0, 0x0, 0x0, 0x1d, 0xfd, 0x10, 0x0,
    0x0, 0x0, 0x0, 0x0, 0x0, 0x1d, 0xfc, 0x0,
    0x0, 0x0, 0x0, 0x0, 0x0, 0x0, 0x1c, 0xb0,
    0x0, 0x0, 0x0, 0x0, 0x0, 0x0, 0x0, 0x0,
    0x0,

    /* U+F004 "" */
    0x1, 0x9d, 0xea, 0x30, 0x3, 0xae, 0xd9, 0x10,
    0x1e, 0xff, 0xff, 0xf4, 0x4f, 0xff, 0xff, 0xe1,
    0x9f, 0xff, 0xff, 0xff, 0xff, 0xff, 0xff, 0xf9,
    0xdf, 0xff, 0xff, 0xff, 0xff, 0xff, 0xff, 0xfd,
    0xff, 0xff, 0xff, 0xff, 0xff, 0xff, 0xff, 0xff,
    0xcf, 0xff, 0xff, 0xff, 0xff, 0xff, 0xff, 0xfc,
    0x7f, 0xff, 0xff, 0xff, 0xff, 0xff, 0xff, 0xf7,
    0xd, 0xff, 0xff, 0xff, 0xff, 0xff, 0xff, 0xd0,
    0x3, 0xff, 0xff, 0xff, 0xff, 0xff, 0xff, 0x30,
    0x0, 0x8f, 0xff, 0xff, 0xff, 0xff, 0xf8, 0x0,
    0x0, 0xa, 0xff, 0xff, 0xff, 0xff, 0xa0, 0x0,
    0x0, 0x0, 0xaf, 0xff, 0xff, 0xfa, 0x0, 0x0,
    0x0, 0x0, 0x9, 0xff, 0xff, 0x90, 0x0, 0x0,
    0x0, 0x0, 0x0, 0x6d, 0xd6, 0x0, 0x0, 0x0,

    /* U+F005 "" */
    0x0, 0x0, 0x0, 0x0, 0x9a, 0x0, 0x0, 0x0,
    0x0, 0x0, 0x0, 0x0, 0x3, 0xff, 0x30, 0x0,
    0x0, 0x0, 0x0, 0x0, 0x0, 0xb, 0xff, 0xb0,
    0x0, 0x0, 0x0, 0x0, 0x0, 0x0, 0x3f, 0xff,
    0xf4, 0x0, 0x0, 0x0, 0x0, 0x0, 0x0, 0xcf,
    0xff, 0xfc, 0x0, 0x0, 0x0, 0x5, 0x8a, 0xdf,
    0xff, 0xff, 0xff, 0xfd, 0xa8, 0x50, 0x7f, 0xff,
    0xff, 0xff, 0xff, 0xff, 0xff, 0xff, 0xf7, 0xc,
    0xff, 0xff, 0xff, 0xff, 0xff, 0xff, 0xff, 0xc0,
    0x1, 0xcf, 0xff, 0xff, 0xff, 0xff, 0xff, 0xfc,
    0x10, 0x0, 0x1c, 0xff, 0xff, 0xff, 0xff, 0xff,
    0xc1, 0x0, 0x0, 0x1, 0xef, 0xff, 0xff, 0xff,
    0xfe, 0x10, 0x0, 0x0, 0x0, 0xff, 0xff, 0xff,
    0xff, 0xff, 0x0, 0x0, 0x0, 0x1, 0xff, 0xff,
    0xff, 0xff, 0xff, 0x10, 0x0, 0x0, 0x4, 0xff,
    0xff, 0xff, 0xff, 0xff, 0x40, 0x0, 0x0, 0x6,
    0xff, 0xfd, 0x55, 0xdf, 0xff, 0x60, 0x0, 0x0,
    0x8, 0xfd, 0x50, 0x0, 0x5, 0xdf, 0x80, 0x0,
    0x0, 0x1, 0x40, 0x0, 0x0, 0x0, 0x4, 0x10,
    0x0,

    /* U+F007 "" */
    0x0, 0x0, 0x5, 0x97, 0x20, 0x0, 0x0, 0x0,
    0x0, 0xcf, 0xff, 0xf6, 0x0, 0x0, 0x0, 0x8,
    0xff, 0xff, 0xff, 0x20, 0x0, 0x0, 0xd, 0xff,
    0xff, 0xff, 0x60, 0x0, 0x0, 0xe, 0xff, 0xff,
    0xff, 0x70, 0x0, 0x0, 0xa, 0xff, 0xff, 0xff,
    0x30, 0x0, 0x0, 0x1, 0xef, 0xff, 0xf9, 0x0,
    0x0, 0x0, 0x0, 0x19, 0xcb, 0x50, 0x0, 0x0,
    0x0, 0x0, 0x0, 0x0, 0x0, 0x0, 0x0, 0x0,
    0x0, 0x36, 0x77, 0x52, 0x0, 0x0, 0x0, 0x4e,
    0xff, 0xff, 0xff, 0xa1, 0x0, 0x5, 0xff, 0xff,
    0xff, 0xff, 0xfd, 0x0, 0x1e, 0xff, 0xff, 0xff,
    0xff, 0xff, 0x90, 0x6f, 0xff, 0xff, 0xff, 0xff,
    0xff, 0xf0, 0x9f, 0xff, 0xff, 0xff, 0xff, 0xff,
    0xf2, 0x7f, 0xff, 0xff, 0xff, 0xff, 0xff, 0xe1,

    /* U+F008 "" */
    0x4e, 0xff, 0xff, 0xff, 0xff, 0xff, 0xe4, 0xef,
    0xff, 0xff, 0xff, 0xff, 0xff, 0xfe, 0xf9, 0xd,
    0xff, 0xff, 0xff, 0x50, 0x9f, 0xf9, 0xd, 0xff,
    0xff, 0xff, 0x50, 0x9f, 0xff, 0xff, 0xff, 0xff,
    0xff, 0xff, 0xff, 0xff, 0xff, 0xff, 0xff, 0xff,
    0xff, 0xff, 0xf9, 0xd, 0xff, 0xff, 0xff, 0x50,
    0x9f, 0xf9, 0xd, 0xff, 0xff, 0xff, 0x50, 0x9f,
    0xff, 0xff, 0xff, 0xff, 0xff, 0xff, 0xff, 0xff,
    0xff, 0xff, 0xff, 0xff, 0xff, 0xff, 0xf9, 0xd,
    0xff, 0xff, 0xff, 0x50, 0x9f, 0xf9, 0xd, 0xff,
    0xff, 0xff, 0x50, 0x9f, 0xef, 0xff, 0xff, 0xff,
    0xff, 0xff, 0xfe, 0x4e, 0xff, 0xff, 0xff, 0xff,
    0xff, 0xe4,

    /* U+F00C "" */
    0x0, 0x0, 0x0, 0x0, 0x0, 0x0, 0x0, 0x0,
    0x0, 0x0, 0x0, 0x0, 0x0, 0x0, 0xc, 0xb0,
    0x0, 0x0, 0x0, 0x0, 0x0, 0x0, 0x9f, 0xc0,
    0x0, 0x0, 0x0, 0x0, 0x0, 0x5, 0xff, 0x20,
    0x0, 0x0, 0x0, 0x0, 0x0, 0x1e, 0xf6, 0x0,
    0x0, 0x0, 0x0, 0x0, 0x0, 0xcf, 0xb0, 0x0,
    0x0, 0x0, 0x0, 0x0, 0x8, 0xfe, 0x10, 0x0,
    0x0, 0x0, 0x0, 0x0, 0x4f, 0xf4, 0x0, 0x0,
    0xb, 0xc1, 0x0, 0x1, 0xef, 0x80, 0x0, 0x0,
    0xc, 0xfd, 0x10, 0xb, 0xfc, 0x0, 0x0, 0x0,
    0x1, 0xdf, 0xd1, 0x6f, 0xf2, 0x0, 0x0, 0x0,
    0x0, 0x1d, 0xfd, 0xff, 0x50, 0x0, 0x0, 0x0,
    0x0, 0x1, 0xdf, 0xf9, 0x0, 0x0, 0x0, 0x0,
    0x0, 0x0, 0x1c, 0xc0, 0x0, 0x0, 0x0, 0x0,
    0x0, 0x0, 0x0, 0x0, 0x0, 0x0, 0x0, 0x0,

    /* U+F00D "" */
    0x0, 0x0, 0x0, 0x0, 0x0, 0x0, 0x0, 0xa,
    0xc1, 0x0, 0x0, 0x0, 0x1b, 0xb0, 0xc, 0xfd,
    0x10, 0x0, 0x1, 0xdf, 0xc0, 0x1, 0xdf, 0xd1,
    0x0, 0x1d, 0xfd, 0x10, 0x0, 0x1c, 0xfd, 0x11,
    0xdf, 0xd1, 0x0, 0x0, 0x1, 0xcf, 0xdd, 0xfd,
    0x10, 0x0, 0x0, 0x0, 0x1c, 0xff, 0xd1, 0x0,
    0x0, 0x0, 0x0, 0x1d, 0xff, 0xd1, 0x0, 0x0,
    0x0, 0x1, 0xdf, 0xcc, 0xfd, 0x10, 0x0, 0x0,
    0x1d, 0xfc, 0x10, 0xcf, 0xd2, 0x0, 0x1, 0xdf,
    0xc1, 0x0, 0xc, 0xfe, 0x20, 0xc, 0xfc, 0x10,
    0x0, 0x0, 0xcf, 0xd0, 0x9, 0xb0, 0x0, 0x0,
    0x0, 0xa, 0xa0,

    /* U+F011 "" */
    0x0, 0x0, 0x0, 0xb, 0xb0, 0x0, 0x0, 0x0,
    0x0, 0x0, 0x0, 0xf, 0xf0, 0x0, 0x0, 0x0,
    0x0, 0x8, 0x70, 0xf, 0xf0, 0x7, 0x80, 0x0,
    0x0, 0xbf, 0xd0, 0xf, 0xf0, 0xd, 0xfb, 0x0,
    0x8, 0xfe, 0x20, 0xf, 0xf0, 0x2, 0xef, 0x80,
    0x2f, 0xf3, 0x0, 0xf, 0xf0, 0x0, 0x3f, 0xf2,
    0x8f, 0x90, 0x0, 0xf, 0xf0, 0x0, 0x9, 0xf8,
    0xdf, 0x30, 0x0, 0xf, 0xf0, 0x0, 0x3, 0xfc,
    0xff, 0x0, 0x0, 0xf, 0xf0, 0x0, 0x1, 0xfe,
    0xff, 0x10, 0x0, 0xb, 0xb0, 0x0, 0x1, 0xff,
    0xdf, 0x40, 0x0, 0x0, 0x0, 0x0, 0x4, 0xfd,
    0x8f, 0x90, 0x0, 0x0, 0x0, 0x0, 0x9, 0xf8,
    0x2f, 0xf4, 0x0, 0x0, 0x0, 0x0, 0x4f, 0xf2,
    0x6, 0xfe, 0x40, 0x0, 0x0, 0x4, 0xef, 0x60,
    0x0, 0xbf, 0xf9, 0x41, 0x14, 0x9f, 0xfb, 0x0,
    0x0, 0x6, 0xff, 0xff, 0xff, 0xff, 0x60, 0x0,
    0x0, 0x0, 0x28, 0xdf, 0xfd, 0x82, 0x0, 0x0,

    /* U+F013 "" */
    0x0, 0x0, 0x0, 0x1, 0x44, 0x10, 0x0, 0x0,
    0x0, 0x0, 0x0, 0x0, 0xd, 0xff, 0xd0, 0x0,
    0x0, 0x0, 0x0, 0x0, 0x0, 0x1f, 0xff, 0xf2,
    0x0, 0x0, 0x0, 0x0, 0x23, 0x0, 0x6f, 0xff,
    0xf6, 0x0, 0x32, 0x0, 0x1, 0xff, 0xeb, 0xff,
    0xff, 0xff, 0xbe, 0xff, 0x20, 0xa, 0xff, 0xff,
    0xff, 0xff, 0xff, 0xff, 0xff, 0xa0, 0xd, 0xff,
    0xff, 0xff, 0xdd, 0xff, 0xff, 0xff, 0xd0, 0x3,
    0xef, 0xff, 0xf4, 0x0, 0x4f, 0xff, 0xfe, 0x30,
    0x0, 0x1f, 0xff, 0xa0, 0x0, 0xa, 0xff, 0xf2,
    0x0, 0x0, 0xf, 0xff, 0x90, 0x0, 0x9, 0xff,
    0xf0, 0x0, 0x0, 0x9f, 0xff, 0xd0, 0x0, 0xd,
    0xff, 0xf9, 0x0, 0xa, 0xff, 0xff, 0xfc, 0x66,
    0xdf, 0xff, 0xff, 0xa0, 0xd, 0xff, 0xff, 0xff,
    0xff, 0xff, 0xff, 0xff, 0xd0, 0x5, 0xff, 0xff,
    0xff, 0xff, 0xff, 0xff, 0xff, 0x50, 0x0, 0x8a,
    0x52, 0xbf, 0xff, 0xfb, 0x25, 0xa8, 0x0, 0x0,
    0x0, 0x0, 0x3f, 0xff, 0xf3, 0x0, 0x0, 0x0,
    0x0, 0x0, 0x0, 0xf, 0xff, 0xf0, 0x0, 0x0,
    0x0, 0x0, 0x0, 0x0, 0x6, 0xbb, 0x60, 0x0,
    0x0, 0x0,

    /* U+F015 "" */
    0x0, 0x0, 0x0, 0x0, 0x0, 0x0, 0x0, 0x0,
    0x0, 0x0, 0x0, 0x0, 0x1, 0xcc, 0x10, 0x0,
    0x0, 0x0, 0x0, 0x0, 0x0, 0x2d, 0xff, 0xd2,
    0x0, 0x0, 0x0, 0x0, 0x0, 0x2, 0xef, 0xff,
    0xfe, 0x20, 0x0, 0x0, 0x0, 0x0, 0x3e, 0xff,
    0xff, 0xff, 0xe3, 0x0, 0x0, 0x0, 0x4, 0xff,
    0xff, 0xff, 0xff, 0xff, 0x40, 0x0, 0x0, 0x5f,
    0xff, 0xff, 0xff, 0xff, 0xff, 0xf5, 0x0, 0x6,
    0xff, 0xff, 0xff, 0xff, 0xff, 0xff, 0xff, 0x60,
    0xe, 0xff, 0xff, 0xff, 0xff, 0xff, 0xff, 0xff,
    0xe0, 0x4, 0xbf, 0xff, 0xff, 0xff, 0xff, 0xff,
    0xfb, 0x40, 0x0, 0x7f, 0xff, 0xff, 0xff, 0xff,
    0xff, 0xf7, 0x0, 0x0, 0x7f, 0xff, 0xf9, 0x0,
    0x8f, 0xff, 0xf7, 0x0, 0x0, 0x7f, 0xff, 0xf0,
    0x0, 0xf, 0xff, 0xf7, 0x0, 0x0, 0x7f, 0xff,
    0xf0, 0x0, 0xf, 0xff, 0xf7, 0x0, 0x0, 0x7f,
    0xff, 0xf0, 0x0, 0xf, 0xff, 0xf7, 0x0, 0x0,
    0x6f, 0xff, 0xf7, 0x77, 0x7f, 0xff, 0xf6, 0x0,
    0x0, 0xa, 0xff, 0xff, 0xff, 0xff, 0xff, 0xa0,
    0x0,

    /* U+F017 "" */
    0x0, 0x0, 0x28, 0xdf, 0xfd, 0x82, 0x0, 0x0,
    0x0, 0x6, 0xff, 0xff, 0xff, 0xff, 0x60, 0x0,
    0x0, 0xbf, 0xff, 0xff, 0xff, 0xff, 0xfb, 0x0,
    0x6, 0xff, 0xff, 0xf6, 0x6f, 0xff, 0xff, 0x60,
    0x2f, 0xff, 0xff, 0xf4, 0x4f, 0xff, 0xff, 0xf2,
    0x9f, 0xff, 0xff, 0xf4, 0x4f, 0xff, 0xff, 0xf8,
    0xdf, 0xff, 0xff, 0xf4, 0x4f, 0xff, 0xff, 0xfd,
    0xff, 0xff, 0xff, 0xf4, 0x2f, 0xff, 0xff, 0xff,
    0xff, 0xff, 0xff, 0xf9, 0x2, 0xcf, 0xff, 0xff,
    0xdf, 0xff, 0xff, 0xff, 0xc2, 0x9, 0xff, 0xfd,
    0x9f, 0xff, 0xff, 0xff, 0xff, 0x79, 0xff, 0xf8,
    0x2f, 0xff, 0xff, 0xff, 0xff, 0xff, 0xff, 0xf2,
    0x6, 0xff, 0xff, 0xff, 0xff, 0xff, 0xff, 0x60,
    0x0, 0xbf, 0xff, 0xff, 0xff, 0xff, 0xfb, 0x0,
    0x0, 0x6, 0xff, 0xff, 0xff, 0xff, 0x60, 0x0,
    0x0, 0x0, 0x29, 0xdf, 0xfd, 0x92, 0x0, 0x0,

    /* U+F021 "" */
    0x0, 0x0, 0x29, 0xdf, 0xfd, 0x82, 0x0, 0xbb,
    0x0, 0x7, 0xff, 0xff, 0xff, 0xff, 0x60, 0xff,
    0x0, 0xaf, 0xf9, 0x41, 0x14, 0x9f, 0xfb, 0xff,
    0x7, 0xfe, 0x30, 0x0, 0x0, 0x4, 0xef, 0xff,
    0x2f, 0xf4, 0x0, 0x0, 0x0, 0xbf, 0xff, 0xff,
    0x7f, 0x90, 0x0, 0x0, 0x0, 0xbf, 0xff, 0xfb,
    0xcf, 0x40, 0x0, 0x0, 0x0, 0x0, 0x0, 0x0,
    0xac, 0x0, 0x0, 0x0, 0x0, 0x0, 0x0, 0x0,
    0x0, 0x0, 0x0, 0x0, 0x0, 0x0, 0x0, 0xca,
    0x0, 0x0, 0x0, 0x0, 0x0, 0x0, 0x4, 0xfc,
    0xbf, 0xff, 0xfb, 0x0, 0x0, 0x0, 0x9, 0xf7,
    0xff, 0xff, 0xfb, 0x0, 0x0, 0x0, 0x4f, 0xf2,
    0xff, 0xfe, 0x40, 0x0, 0x0, 0x3, 0xef, 0x70,
    0xff, 0xcf, 0xf9, 0x41, 0x14, 0x9f, 0xfb, 0x0,
    0xff, 0x6, 0xff, 0xff, 0xff, 0xff, 0x70, 0x0,
    0xab, 0x0, 0x28, 0xdf, 0xfd, 0x92, 0x0, 0x0,

    /* U+F023 "" */
    0x0, 0x1, 0xae, 0xea, 0x10, 0x0, 0x0, 0x1e,
    0xff, 0xff, 0xe1, 0x0, 0x0, 0xaf, 0xb1, 0x1b,
    0xfa, 0x0, 0x0, 0xef, 0x10, 0x1, 0xfe, 0x0,
    0x0, 0xff, 0x0, 0x0, 0xff, 0x0, 0x0, 0xff,
    0x0, 0x0, 0xff, 0x0, 0x4e, 0xff, 0xff, 0xff,
    0xff, 0xe4, 0xef, 0xff, 0xff, 0xff, 0xff, 0xfe,
    0xff, 0xff, 0xff, 0xff, 0xff, 0xff, 0xff, 0xff,
    0xff, 0xff, 0xff, 0xff, 0xff, 0xff, 0xff, 0xff,
    0xff, 0xff, 0xff, 0xff, 0xff, 0xff, 0xff, 0xff,
    0xff, 0xff, 0xff, 0xff, 0xff, 0xff, 0xff, 0xff,
    0xff, 0xff, 0xff, 0xff, 0xff, 0xff, 0xff, 0xff,
    0xff, 0xff, 0xef, 0xff, 0xff, 0xff, 0xff, 0xfe,
    0x4e, 0xff, 0xff, 0xff, 0xff, 0xe4,

    /* U+F025 "" */
    0x0, 0x0, 0x8c, 0xff, 0xc8, 0x0, 0x0, 0x0,
    0x4e, 0xff, 0xff, 0xff, 0xe4, 0x0, 0x4, 0xff,
    0xc4, 0x11, 0x4c, 0xff, 0x40, 0xe, 0xf8, 0x0,
    0x0, 0x0, 0x8f, 0xe0, 0x8f, 0xc0, 0x0, 0x0,
    0x0, 0xc, 0xf8, 0xdf, 0x40, 0x0, 0x0, 0x0,
    0x4, 0xfc, 0xff, 0x10, 0x0, 0x0, 0x0, 0x1,
    0xff, 0xff, 0x0, 0x0, 0x0, 0x0, 0x0, 0xff,
    0xff, 0xef, 0x70, 0x0, 0x6, 0xfe, 0xff, 0xff,
    0xff, 0xf0, 0x0, 0xf, 0xff, 0xff, 0xff, 0xff,
    0xf0, 0x0, 0xf, 0xff, 0xff, 0xff, 0xff, 0xf0,
    0x0, 0xf, 0xff, 0xff, 0xef, 0xff, 0xf0, 0x0,
    0xf, 0xff, 0xfe, 0x8f, 0xff, 0xf0, 0x0, 0xf,
    0xff, 0xf8, 0x8, 0xef, 0x70, 0x0, 0x7, 0xfe,
    0x80,

    /* U+F02D "" */
    0x8, 0xef, 0xff, 0xff, 0xff, 0xff, 0xf7, 0x8f,
    0xff, 0xff, 0xff, 0xff, 0xff, 0xff, 0xef, 0xff,
    0xff, 0xff, 0xff, 0xff, 0xff, 0xff, 0xff, 0xff,
    0xff, 0xff, 0xff, 0xff, 0xff, 0xff, 0x20, 0x0,
    0x0, 0x2f, 0xff, 0xff, 0xff, 0xa8, 0x88, 0x88,
    0xaf, 0xff, 0xff, 0xff, 0xff, 0xff, 0xff, 0xff,
    0xff, 0xff, 0xff, 0x20, 0x0, 0x0, 0x2f, 0xff,
    0xff, 0xff, 0xa8, 0x88, 0x88, 0xaf, 0xff, 0xff,
    0xff, 0xff, 0xff, 0xff, 0xff, 0xff, 0xff, 0xff,
    0xff, 0xff, 0xff, 0xff, 0xff, 0xff, 0xff, 0xff,
    0xff, 0xff, 0xff, 0xf7, 0xff, 0x40, 0x0, 0x0,
    0x0, 0xf, 0xf0, 0xef, 0x40, 0x0, 0x0, 0x0,
    0xf, 0xf0, 0x8f, 0xff, 0xff, 0xff, 0xff, 0xff,
    0xfb, 0x8, 0xef, 0xff, 0xff, 0xff, 0xff, 0xfb,

    /* U+F041 "" */
    0x0, 0x6, 0xbe, 0xeb, 0x60, 0x0, 0x1, 0xcf,
    0xff, 0xff, 0xfc, 0x10, 0xc, 0xff, 0xff, 0xff,
    0xff, 0xc0, 0x6f, 0xff, 0xff, 0xff, 0xff, 0xf6,
    0xbf, 0xff, 0xff, 0xff, 0xff, 0xfb, 0xef, 0xff,
    0xff, 0xff, 0xff, 0xfe, 0xef, 0xff, 0xff, 0xff,
    0xff, 0xfe, 0xcf, 0xff, 0xff, 0xff, 0xff, 0xfc,
    0x7f, 0xff, 0xff, 0xff, 0xff, 0xf7, 0x1f, 0xff,
    0xff, 0xff, 0xff, 0xf1, 0x8, 0xff, 0xff, 0xff,
    0xff, 0x70, 0x0, 0xef, 0xff, 0xff, 0xfe, 0x0,
    0x0, 0x4f, 0xff, 0xff, 0xf4, 0x0, 0x0, 0x9,
    0xff, 0xff, 0x90, 0x0, 0x0, 0x0, 0xcf, 0xfc,
    0x0, 0x0, 0x0, 0x0, 0x1d, 0xd1, 0x0, 0x0,
    0x0, 0x0, 0x0, 0x0, 0x0, 0x0,

    /* U+F043 "" */
    0x0, 0x0, 0x1, 0x10, 0x0, 0x0, 0x0, 0x0,
    0x2f, 0xe2, 0x0, 0x0, 0x0, 0x0, 0xcf, 0xfc,
    0x0, 0x0, 0x0, 0x7, 0xff, 0xff, 0x70, 0x0,
    0x0, 0x2f, 0xff, 0xff, 0xf2, 0x0, 0x0, 0xbf,
    0xff, 0xff, 0xfb, 0x0, 0x4, 0xff, 0xff, 0xff,
    0xff, 0x40, 0xc, 0xff, 0xff, 0xff, 0xff, 0xc0,
    0x4f, 0xff, 0xff, 0xff, 0xff, 0xf4, 0xaf, 0xff,
    0xff, 0xff, 0xff, 0xfa, 0xef, 0x6c, 0xff, 0xff,
    0xff, 0xfe, 0xef, 0x16, 0xff, 0xff, 0xff, 0xfe,
    0xbf, 0x61, 0xef, 0xff, 0xff, 0xfb, 0x6f, 0xe1,
    0x19, 0xdf, 0xff, 0xf6, 0xc, 0xfe, 0x62, 0x2f,
    0xff, 0xc0, 0x1, 0xcf, 0xff, 0xff, 0xfc, 0x10,
    0x0, 0x6, 0xbe, 0xeb, 0x60, 0x0,

    /* U+F04A "" */
    0x0, 0x0, 0x0, 0x0, 0x0, 0x0, 0x0, 0x0,
    0x0, 0x0, 0x0, 0xae, 0x30, 0x0, 0x4, 0xe9,
    0x0, 0x0, 0xc, 0xff, 0x70, 0x0, 0x5f, 0xff,
    0x0, 0x1, 0xcf, 0xff, 0x80, 0x6, 0xff, 0xff,
    0x0, 0x1d, 0xff, 0xff, 0x80, 0x6f, 0xff, 0xff,
    0x1, 0xdf, 0xff, 0xff, 0x87, 0xff, 0xff, 0xff,
    0x2d, 0xff, 0xff, 0xff, 0xdf, 0xff, 0xff, 0xff,
    0xcf, 0xff, 0xff, 0xff, 0xff, 0xff, 0xff, 0xff,
    0xcf, 0xff, 0xff, 0xff, 0xff, 0xff, 0xff, 0xff,
    0x2d, 0xff, 0xff, 0xff, 0xdf, 0xff, 0xff, 0xff,
    0x1, 0xdf, 0xff, 0xff, 0x87, 0xff, 0xff, 0xff,
    0x0, 0x1d, 0xff, 0xff, 0x80, 0x6f, 0xff, 0xff,
    0x0, 0x1, 0xcf, 0xff, 0x80, 0x6, 0xff, 0xff,
    0x0, 0x0, 0xc, 0xff, 0x70, 0x0, 0x5f, 0xff,
    0x0, 0x0, 0x0, 0xae, 0x30, 0x0, 0x4, 0xe9,
    0x0, 0x0, 0x0, 0x0, 0x0, 0x0, 0x0, 0x0,

    /* U+F04B "" */
    0x0, 0x0, 0x0, 0x0, 0x0, 0x0, 0x9, 0xe7,
    0x0, 0x0, 0x0, 0x0, 0x0, 0xff, 0xfe, 0x60,
    0x0, 0x0, 0x0, 0xf, 0xff, 0xff, 0xd4, 0x0,
    0x0, 0x0, 0xff, 0xff, 0xff, 0xfb, 0x30, 0x0,
    0xf, 0xff, 0xff, 0xff, 0xff, 0xa2, 0x0, 0xff,
    0xff, 0xff, 0xff, 0xff, 0xf8, 0x1f, 0xff, 0xff,
    0xff, 0xff, 0xff, 0xfc, 0xff, 0xff, 0xff, 0xff,
    0xff, 0xff, 0xcf, 0xff, 0xff, 0xff, 0xff, 0xff,
    0x81, 0xff, 0xff, 0xff, 0xff, 0xfa, 0x20, 0xf,
    0xff, 0xff, 0xff, 0xb3, 0x0, 0x0, 0xff, 0xff,
    0xfd, 0x40, 0x0, 0x0, 0xf, 0xff, 0xe6, 0x0,
    0x0, 0x0, 0x0, 0x9e, 0x70, 0x0, 0x0, 0x0,
    0x0, 0x0, 0x0, 0x0, 0x0, 0x0, 0x0, 0x0,

    /* U+F04D "" */
    0x4e, 0xff, 0xff, 0xff, 0xff, 0xff, 0xe4, 0xef,
    0xff, 0xff, 0xff, 0xff, 0xff, 0xfe, 0xff, 0xff,
    0xff, 0xff, 0xff, 0xff, 0xff, 0xff, 0xff, 0xff,
    0xff, 0xff, 0xff, 0xff, 0xff, 0xff, 0xff, 0xff,
    0xff, 0xff, 0xff, 0xff, 0xff, 0xff, 0xff, 0xff,
    0xff, 0xff, 0xff, 0xff, 0xff, 0xff, 0xff, 0xff,
    0xff, 0xff, 0xff, 0xff, 0xff, 0xff, 0xff, 0xff,
    0xff, 0xff, 0xff, 0xff, 0xff, 0xff, 0xff, 0xff,
    0xff, 0xff, 0xff, 0xff, 0xff, 0xff, 0xff, 0xff,
    0xff, 0xff, 0xff, 0xff, 0xff, 0xff, 0xff, 0xff,
    0xff, 0xff, 0xff, 0xff, 0xef, 0xff, 0xff, 0xff,
    0xff, 0xff, 0xfe, 0x4e, 0xff, 0xff, 0xff, 0xff,
    0xff, 0xe4,

    /* U+F053 "" */
    0x0, 0x0, 0x0, 0x0, 0x0, 0x0, 0x0, 0x0,
    0x1c, 0xb0, 0x0, 0x0, 0x1, 0xdf, 0xc0, 0x0,
    0x0, 0x1d, 0xfd, 0x10, 0x0, 0x1, 0xdf, 0xd1,
    0x0, 0x0, 0x1d, 0xfd, 0x10, 0x0, 0x1, 0xdf,
    0xd1, 0x0, 0x0, 0xc, 0xfd, 0x10, 0x0, 0x0,
    0xc, 0xfd, 0x10, 0x0, 0x0, 0x1, 0xdf, 0xd1,
    0x0, 0x0, 0x0, 0x1d, 0xfd, 0x10, 0x0, 0x0,
    0x1, 0xdf, 0xd1, 0x0, 0x0, 0x0, 0x1d, 0xfd,
    0x10, 0x0, 0x0, 0x1, 0xdf, 0xc0, 0x0, 0x0,
    0x0, 0x1c, 0xb0, 0x0, 0x0, 0x0, 0x0, 0x0,

    /* U+F054 "" */
    0x0, 0x0, 0x0, 0x0, 0x0, 0xb, 0xc1, 0x0,
    0x0, 0x0, 0xc, 0xfd, 0x10, 0x0, 0x0, 0x1,
    0xdf, 0xd1, 0x0, 0x0, 0x0, 0x1d, 0xfd, 0x10,
    0x0, 0x0, 0x1, 0xdf, 0xd1, 0x0, 0x0, 0x0,
    0x1d, 0xfd, 0x10, 0x0, 0x0, 0x1, 0xdf, 0xc0,
    0x0, 0x0, 0x1, 0xdf, 0xc0, 0x0, 0x0, 0x1d,
    0xfd, 0x10, 0x0, 0x1, 0xdf, 0xd1, 0x0, 0x0,
    0x1d, 0xfd, 0x10, 0x0, 0x1, 0xdf, 0xd1, 0x0,
    0x0, 0xc, 0xfd, 0x10, 0x0, 0x0, 0xb, 0xc1,
    0x0, 0x0, 0x0, 0x0, 0x0, 0x0, 0x0, 0x0,

    /* U+F057 "" */
    0x0, 0x0, 0x28, 0xdf, 0xfd, 0x82, 0x0, 0x0,
    0x0, 0x6, 0xff, 0xff, 0xff, 0xff, 0x60, 0x0,
    0x0, 0xbf, 0xff, 0xff, 0xff, 0xff, 0xfb, 0x0,
    0x6, 0xff, 0xff, 0xff, 0xff, 0xff, 0xff, 0x60,
    0x2f, 0xff, 0xff, 0xff, 0xff, 0xff, 0xff, 0xf2,
    0x8f, 0xff, 0xf3, 0x7f, 0xf7, 0x3f, 0xff, 0xf8,
    0xdf, 0xff, 0xf7, 0x7, 0x70, 0x7f, 0xff, 0xfd,
    0xff, 0xff, 0xff, 0x70, 0x7, 0xff, 0xff, 0xff,
    0xff, 0xff, 0xff, 0x70, 0x7, 0xff, 0xff, 0xff,
    0xdf, 0xff, 0xf7, 0x7, 0x70, 0x7f, 0xff, 0xfd,
    0x8f, 0xff, 0xf3, 0x7f, 0xf7, 0x3f, 0xff, 0xf8,
    0x2f, 0xff, 0xff, 0xff, 0xff, 0xff, 0xff, 0xf2,
    0x6, 0xff, 0xff, 0xff, 0xff, 0xff, 0xff, 0x60,
    0x0, 0xbf, 0xff, 0xff, 0xff, 0xff, 0xfb, 0x0,
    0x0, 0x6, 0xff, 0xff, 0xff, 0xff, 0x60, 0x0,
    0x0, 0x0, 0x28, 0xdf, 0xfd, 0x82, 0x0, 0x0,

    /* U+F05A "" */
    0x0, 0x0, 0x28, 0xdf, 0xfd, 0x82, 0x0, 0x0,
    0x0, 0x6, 0xff, 0xff, 0xff, 0xff, 0x60, 0x0,
    0x0, 0xbf, 0xff, 0xff, 0xff, 0xff, 0xfb, 0x0,
    0x6, 0xff, 0xff, 0xff, 0xff, 0xff, 0xff, 0x60,
    0x2f, 0xff, 0xff, 0xf4, 0x4f, 0xff, 0xff, 0xf2,
    0x8f, 0xff, 0xff, 0xf4, 0x4f, 0xff, 0xff, 0xf8,
    0xdf, 0xff, 0xff, 0xff, 0xff, 0xff, 0xff, 0xfd,
    0xff, 0xff, 0xff, 0x30, 0x2f, 0xff, 0xff, 0xff,
    0xff, 0xff, 0xff, 0x72, 0xf, 0xff, 0xff, 0xff,
    0xdf, 0xff, 0xff, 0xf7, 0xf, 0xff, 0xff, 0xfd,
    0x8f, 0xff, 0xff, 0xd5, 0xd, 0xff, 0xff, 0xf8,
    0x2f, 0xff, 0xff, 0x20, 0x2, 0xff, 0xff, 0xf2,
    0x6, 0xff, 0xff, 0xff, 0xff, 0xff, 0xff, 0x60,
    0x0, 0xbf, 0xff, 0xff, 0xff, 0xff, 0xfb, 0x0,
    0x0, 0x6, 0xff, 0xff, 0xff, 0xff, 0x60, 0x0,
    0x0, 0x0, 0x28, 0xdf, 0xfd, 0x82, 0x0, 0x0,

    /* U+F065 "" */
    0xbf, 0xff, 0xb0, 0x0, 0xb, 0xff, 0xfb, 0xff,
    0xff, 0xb0, 0x0, 0xb, 0xff, 0xff, 0xff, 0x0,
    0x0, 0x0, 0x0, 0x0, 0xff, 0xff, 0x0, 0x0,
    0x0, 0x0, 0x0, 0xff, 0xbb, 0x0, 0x0, 0x0,
    0x0, 0x0, 0xbb, 0x0, 0x0, 0x0, 0x0, 0x0,
    0x0, 0x0, 0x0, 0x0, 0x0, 0x0, 0x0, 0x0,
    0x0, 0x0, 0x0, 0x0, 0x0, 0x0, 0x0, 0x0,
    0x0, 0x0, 0x0, 0x0, 0x0, 0x0, 0x0, 0xbb,
    0x0, 0x0, 0x0, 0x0, 0x0, 0xbb, 0xff, 0x0,
    0x0, 0x0, 0x0, 0x0, 0xff, 0xff, 0x0, 0x0,
    0x0, 0x0, 0x0, 0xff, 0xff, 0xff, 0xb0, 0x0,
    0xb, 0xff, 0xff, 0xbf, 0xff, 0xb0, 0x0, 0xb,
    0xff, 0xfb,

    /* U+F06A "" */
    0x0, 0x0, 0x28, 0xdf, 0xfd, 0x82, 0x0, 0x0,
    0x0, 0x6, 0xff, 0xff, 0xff, 0xff, 0x60, 0x0,
    0x0, 0xbf, 0xff, 0xff, 0xff, 0xff, 0xfb, 0x0,
    0x6, 0xff, 0xff, 0xff, 0xff, 0xff, 0xff, 0x60,
    0x2f, 0xff, 0xff, 0xf5, 0x5f, 0xff, 0xff, 0xf2,
    0x9f, 0xff, 0xff, 0xf0, 0x1f, 0xff, 0xff, 0xf8,
    0xdf, 0xff, 0xff, 0xf2, 0x2f, 0xff, 0xff, 0xfd,
    0xff, 0xff, 0xff, 0xf3, 0x3f, 0xff, 0xff, 0xff,
    0xff, 0xff, 0xff, 0xf6, 0x6f, 0xff, 0xff, 0xff,
    0xdf, 0xff, 0xff, 0xff, 0xff, 0xff, 0xff, 0xfd,
    0x9f, 0xff, 0xff, 0xf4, 0x4f, 0xff, 0xff, 0xf8,
    0x2f, 0xff, 0xff, 0xf4, 0x4f, 0xff, 0xff, 0xf2,
    0x6, 0xff, 0xff, 0xff, 0xff, 0xff, 0xff, 0x60,
    0x0, 0xbf, 0xff, 0xff, 0xff, 0xff, 0xfb, 0x0,
    0x0, 0x6, 0xff, 0xff, 0xff, 0xff, 0x60, 0x0,
    0x0, 0x0, 0x29, 0xdf, 0xfd, 0x92, 0x0, 0x0,

    /* U+F06B "" */
    0x0, 0x1a, 0xfd, 0x50, 0x5, 0xdf, 0xa1, 0x0,
    0x0, 0xaf, 0x9c, 0xf4, 0x4f, 0xc9, 0xfa, 0x0,
    0x0, 0xfa, 0x0, 0xdd, 0xdd, 0x0, 0xae, 0x0,
    0x0, 0xdd, 0x10, 0x4f, 0xf4, 0x1, 0xdc, 0x0,
    0xbf, 0xff, 0xff, 0xff, 0xff, 0xff, 0xff, 0xfb,
    0xff, 0xff, 0xff, 0xff, 0xff, 0xff, 0xff, 0xff,
    0xbf, 0xff, 0xff, 0xff, 0xff, 0xff, 0xff, 0xfb,
    0x0, 0x0, 0x0, 0x0, 0x0, 0x0, 0x0, 0x0,
    0x7, 0x77, 0x77, 0x71, 0x17, 0x77, 0x77, 0x70,
    0xf, 0xff, 0xff, 0xf3, 0x3f, 0xff, 0xff, 0xf0,
    0xf, 0xff, 0xff, 0xf3, 0x3f, 0xff, 0xff, 0xf0,
    0xf, 0xff, 0xff, 0xf3, 0x3f, 0xff, 0xff, 0xf0,
    0xf, 0xff, 0xff, 0xf3, 0x3f, 0xff, 0xff, 0xf0,
    0xe, 0xff, 0xff, 0xf3, 0x3f, 0xff, 0xff, 0xe0,
    0x4, 0xef, 0xff, 0xf3, 0x3f, 0xff, 0xfe, 0x40,

    /* U+F06C "" */
    0x0, 0x0, 0x0, 0x0, 0x0, 0x0, 0x0, 0x0,
    0x0, 0x0, 0x0, 0x0, 0x0, 0x0, 0x0, 0x8c,
    0x0, 0x0, 0x0, 0x0, 0x0, 0x0, 0x1a, 0xff,
    0x0, 0x0, 0x0, 0x0, 0x2, 0x59, 0xff, 0xff,
    0x0, 0x0, 0x1, 0x9d, 0xff, 0xff, 0xff, 0xff,
    0x0, 0x0, 0x3f, 0xff, 0xff, 0xff, 0xff, 0xff,
    0x0, 0x1, 0xff, 0xff, 0xff, 0xff, 0xff, 0xff,
    0x0, 0x5, 0x52, 0x0, 0x2, 0xff, 0xff, 0xff,
    0x0, 0x0, 0x14, 0x78, 0x8a, 0xff, 0xff, 0xfe,
    0x0, 0x19, 0xff, 0xff, 0xff, 0xff, 0xff, 0xfb,
    0x2, 0xdf, 0xff, 0xff, 0xff, 0xff, 0xff, 0xf5,
    0xc, 0xfb, 0xff, 0xff, 0xff, 0xff, 0xff, 0xb0,
    0x5f, 0x61, 0xff, 0xff, 0xff, 0xff, 0xfe, 0x10,
    0xbe, 0x0, 0x3f, 0xff, 0xff, 0xff, 0xb1, 0x0,
    0xea, 0x0, 0x1, 0x9d, 0xfe, 0xb5, 0x0, 0x0,
    0xd5, 0x0, 0x0, 0x0, 0x0, 0x0, 0x0, 0x0,

    /* U+F06D "" */
    0x0, 0x0, 0x0, 0x0, 0x0, 0x0, 0x0, 0x0,
    0x0, 0x5e, 0x40, 0x0, 0x0, 0x0, 0x0, 0x4,
    0xff, 0xf2, 0x0, 0x0, 0x0, 0x0, 0x2f, 0xff,
    0xfd, 0x1b, 0xb0, 0x0, 0x0, 0xcf, 0xff, 0xff,
    0xef, 0xf8, 0x0, 0x6, 0xff, 0xff, 0xff, 0xff,
    0xff, 0x30, 0xe, 0xff, 0xff, 0xff, 0xff, 0xff,
    0xc0, 0x5f, 0xff, 0xff, 0xff, 0xff, 0xff, 0xf3,
    0xaf, 0xff, 0xe5, 0xff, 0xff, 0xff, 0xf9, 0xdf,
    0xff, 0x30, 0x5f, 0xff, 0xff, 0xfd, 0xff, 0xfb,
    0x0, 0x8, 0xe2, 0xcf, 0xff, 0xff, 0xf8, 0x0,
    0x0, 0x0, 0x8f, 0xff, 0xdf, 0xfa, 0x0, 0x0,
    0x0, 0x9f, 0xfc, 0x8f, 0xff, 0x20, 0x0, 0x1,
    0xff, 0xf8, 0xe, 0xff, 0xe5, 0x11, 0x5d, 0xff,
    0xe0, 0x4, 0xff, 0xff, 0xff, 0xff, 0xff, 0x40,
    0x0, 0x4e, 0xff, 0xff, 0xff, 0xe4, 0x0, 0x0,
    0x0, 0x8d, 0xff, 0xd8, 0x0, 0x0,

    /* U+F06E "" */
    0x0, 0x0, 0x0, 0x28, 0xdf, 0xfd, 0x82, 0x0,
    0x0, 0x0, 0x0, 0x0, 0x8, 0xff, 0xff, 0xff,
    0xff, 0x80, 0x0, 0x0, 0x0, 0x1, 0xcf, 0xff,
    0xd9, 0x9d, 0xff, 0xfc, 0x10, 0x0, 0x0, 0xc,
    0xff, 0xf5, 0x0, 0x0, 0x5f, 0xff, 0xc0, 0x0,
    0x0, 0xbf, 0xff, 0x50, 0x1, 0xe8, 0x5, 0xff,
    0xfb, 0x0, 0x5, 0xff, 0xfd, 0x0, 0x1, 0xff,
    0x80, 0xdf, 0xff, 0x40, 0xd, 0xff, 0xf9, 0x1,
    0x1b, 0xff, 0xe0, 0x9f, 0xff, 0xd0, 0xd, 0xff,
    0xf9, 0xe, 0xff, 0xff, 0xe0, 0x9f, 0xff, 0xd0,
    0x5, 0xff, 0xfd, 0x8, 0xff, 0xff, 0x80, 0xdf,
    0xff, 0x40, 0x0, 0xbf, 0xff, 0x50, 0x8e, 0xe8,
    0x5, 0xff, 0xfb, 0x0, 0x0, 0xc, 0xff, 0xf5,
    0x0, 0x0, 0x5f, 0xff, 0xc0, 0x0, 0x0, 0x1,
    0xcf, 0xff, 0xd9, 0x9d, 0xff, 0xfc, 0x10, 0x0,
    0x0, 0x0, 0x8, 0xff, 0xff, 0xff, 0xff, 0x80,
    0x0, 0x0, 0x0, 0x0, 0x0, 0x28, 0xdf, 0xfd,
    0x92, 0x0, 0x0, 0x0,

    /* U+F071 "" */
    0x0, 0x0, 0x0, 0x1, 0xcc, 0x10, 0x0, 0x0,
    0x0, 0x0, 0x0, 0x0, 0x8, 0xff, 0x80, 0x0,
    0x0, 0x0, 0x0, 0x0, 0x0, 0x1f, 0xff, 0xf1,
    0x0, 0x0, 0x0, 0x0, 0x0, 0x0, 0xaf, 0xff,
    0xfa, 0x0, 0x0, 0x0, 0x0, 0x0, 0x2, 0xff,
    0xff, 0xff, 0x20, 0x0, 0x0, 0x0, 0x0, 0xb,
    0xff, 0x55, 0xff, 0xb0, 0x0, 0x0, 0x0, 0x0,
    0x3f, 0xff, 0x1, 0xff, 0xf3, 0x0, 0x0, 0x0,
    0x0, 0xcf, 0xff, 0x22, 0xff, 0xfc, 0x0, 0x0,
    0x0, 0x5, 0xff, 0xff, 0x33, 0xff, 0xff, 0x50,
    0x0, 0x0, 0xd, 0xff, 0xff, 0x66, 0xff, 0xff,
    0xd0, 0x0, 0x0, 0x6f, 0xff, 0xff, 0xff, 0xff,
    0xff, 0xf6, 0x0, 0x0, 0xef, 0xff, 0xff, 0x44,
    0xff, 0xff, 0xfe, 0x0, 0x7, 0xff, 0xff, 0xff,
    0x44, 0xff, 0xff, 0xff, 0x70, 0xe, 0xff, 0xff,
    0xff, 0xff, 0xff, 0xff, 0xff, 0xe0, 0xa, 0xff,
    0xff, 0xff, 0xff, 0xff, 0xff, 0xff, 0xa0,

    /* U+F072 "" */
    0x0, 0x0, 0x17, 0x71, 0x0, 0x0, 0x0, 0x0,
    0x0, 0x0, 0x0, 0x2f, 0xfd, 0x10, 0x0, 0x0,
    0x0, 0x0, 0x0, 0x0, 0xd, 0xff, 0xc0, 0x0,
    0x0, 0x0, 0x0, 0x0, 0x0, 0x8, 0xff, 0xfb,
    0x0, 0x0, 0x0, 0x0, 0xcd, 0x0, 0x2, 0xff,
    0xff, 0xa0, 0x0, 0x0, 0x0, 0xaf, 0xb0, 0x0,
    0xdf, 0xff, 0xf9, 0x0, 0x0, 0x0, 0x6f, 0xfc,
    0xcc, 0xef, 0xff, 0xff, 0xcc, 0xcc, 0xb3, 0x2f,
    0xff, 0xff, 0xff, 0xff, 0xff, 0xff, 0xff, 0xfd,
    0x2f, 0xff, 0xff, 0xff, 0xff, 0xff, 0xff, 0xff,
    0xfd, 0x6f, 0xfc, 0xcc, 0xef, 0xff, 0xff, 0xcc,
    0xcc, 0xb3, 0xaf, 0xb0, 0x0, 0xdf, 0xff, 0xf9,
    0x0, 0x0, 0x0, 0xbd, 0x0, 0x2, 0xff, 0xff,
    0xa0, 0x0, 0x0, 0x0, 0x0, 0x0, 0x8, 0xff,
    0xfb, 0x0, 0x0, 0x0, 0x0, 0x0, 0x0, 0xd,
    0xff, 0xc0, 0x0, 0x0, 0x0, 0x0, 0x0, 0x0,
    0x2f, 0xfd, 0x10, 0x0, 0x0, 0x0, 0x0, 0x0,
    0x0, 0x17, 0x71, 0x0, 0x0, 0x0, 0x0, 0x0,

    /* U+F073 "" */
    0x0, 0xb, 0xb0, 0x0, 0xb, 0xb0, 0x0, 0x0,
    0xf, 0xf0, 0x0, 0xf, 0xf0, 0x0, 0x4e, 0xff,
    0xff, 0xff, 0xff, 0xff, 0xe4, 0xef, 0xff, 0xff,
    0xff, 0xff, 0xff, 0xfe, 0xff, 0xff, 0xff, 0xff,
    0xff, 0xff, 0xff, 0xff, 0xff, 0xff, 0xff, 0xff,
    0xff, 0xff, 0xff, 0xff, 0xff, 0xff, 0xff, 0xff,
    0xff, 0xff, 0x12, 0xff, 0x12, 0xff, 0x12, 0xff,
    0xff, 0x21, 0xff, 0x21, 0xff, 0x21, 0xff, 0xff,
    0xff, 0xff, 0xff, 0xff, 0xff, 0xff, 0xff, 0xff,
    0xff, 0xff, 0xff, 0xff, 0xff, 0xff, 0x12, 0xff,
    0x12, 0xff, 0x12, 0xff, 0xff, 0x21, 0xff, 0x21,
    0xff, 0x21, 0xff, 0xef, 0xff, 0xff, 0xff, 0xff,
    0xff, 0xfe, 0x4e, 0xff, 0xff, 0xff, 0xff, 0xff,
    0xe4,

    /* U+F075 "" */
    0x0, 0x0, 0x2, 0x9d, 0xff, 0xd9, 0x20, 0x0,
    0x0, 0x0, 0x8, 0xff, 0xff, 0xff, 0xff, 0x80,
    0x0, 0x0, 0xd, 0xff, 0xff, 0xff, 0xff, 0xff,
    0xc0, 0x0, 0x9, 0xff, 0xff, 0xff, 0xff, 0xff,
    0xff, 0x90, 0x4, 0xff, 0xff, 0xff, 0xff, 0xff,
    0xff, 0xff, 0x40, 0xaf, 0xff, 0xff, 0xff, 0xff,
    0xff, 0xff, 0xfa, 0xe, 0xff, 0xff, 0xff, 0xff,
    0xff, 0xff, 0xff, 0xe0, 0xff, 0xff, 0xff, 0xff,
    0xff, 0xff, 0xff, 0xff, 0xd, 0xff, 0xff, 0xff,
    0xff, 0xff, 0xff, 0xff, 0xe0, 0xaf, 0xff, 0xff,
    0xff, 0xff, 0xff, 0xff, 0xfa, 0x3, 0xff, 0xff,
    0xff, 0xff, 0xff, 0xff, 0xff, 0x40, 0xa, 0xff,
    0xff, 0xff, 0xff, 0xff, 0xff, 0x90, 0x0, 0xaf,
    0xff, 0xff, 0xff, 0xff, 0xff, 0xd0, 0x0, 0x2f,
    0xff, 0xff, 0xff, 0xff, 0xff, 0x80, 0x0, 0xb,
    0xff, 0xd7, 0x9d, 0xff, 0xd9, 0x20, 0x0, 0x0,
    0xdb, 0x50, 0x0, 0x0, 0x0, 0x0, 0x0, 0x0,
    0x0, 0x0, 0x0, 0x0, 0x0, 0x0, 0x0, 0x0,
    0x0,

    /* U+F077 "" */
    0x0, 0x0, 0x0, 0x0, 0x0, 0x0, 0x0, 0x0,
    0x0, 0x0, 0x0, 0x1c, 0xc1, 0x0, 0x0, 0x0,
    0x0, 0x0, 0x1, 0xdf, 0xfd, 0x10, 0x0, 0x0,
    0x0, 0x0, 0x1d, 0xfd, 0xdf, 0xd1, 0x0, 0x0,
    0x0, 0x1, 0xdf, 0xd1, 0x1d, 0xfd, 0x10, 0x0,
    0x0, 0x1d, 0xfd, 0x10, 0x1, 0xdf, 0xd1, 0x0,
    0x1, 0xdf, 0xd1, 0x0, 0x0, 0x1d, 0xfd, 0x10,
    0xc, 0xfd, 0x10, 0x0, 0x0, 0x1, 0xdf, 0xc0,
    0xb, 0xc1, 0x0, 0x0, 0x0, 0x0, 0x1c, 0xb0,
    0x0, 0x0, 0x0, 0x0, 0x0, 0x0, 0x0, 0x0,

    /* U+F078 "" */
    0x0, 0x0, 0x0, 0x0, 0x0, 0x0, 0x0, 0x0,
    0xb, 0xc1, 0x0, 0x0, 0x0, 0x0, 0x1c, 0xb0,
    0xc, 0xfd, 0x10, 0x0, 0x0, 0x1, 0xdf, 0xc0,
    0x1, 0xdf, 0xd1, 0x0, 0x0, 0x1d, 0xfd, 0x10,
    0x0, 0x1d, 0xfd, 0x10, 0x1, 0xdf, 0xd1, 0x0,
    0x0, 0x1, 0xdf, 0xd1, 0x1d, 0xfd, 0x10, 0x0,
    0x0, 0x0, 0x1d, 0xfd, 0xdf, 0xd1, 0x0, 0x0,
    0x0, 0x0, 0x1, 0xdf, 0xfd, 0x10, 0x0, 0x0,
    0x0, 0x0, 0x0, 0x1c, 0xc1, 0x0, 0x0, 0x0,
    0x0, 0x0, 0x0, 0x0, 0x0, 0x0, 0x0, 0x0,

    /* U+F083 "" */
    0x0, 0xbf, 0xb1, 0x4b, 0xff, 0xff, 0xff, 0xe4,
    0x5f, 0xff, 0xff, 0xff, 0xff, 0xff, 0xff, 0xfe,
    0xef, 0xff, 0xff, 0xff, 0xff, 0xff, 0xff, 0xff,
    0xff, 0xff, 0xff, 0xff, 0xff, 0xff, 0xff, 0xff,
    0x0, 0x0, 0x9, 0xff, 0xff, 0x90, 0x0, 0x0,
    0x88, 0x88, 0xbf, 0x61, 0x16, 0xfb, 0x88, 0x88,
    0xff, 0xff, 0xf6, 0x0, 0x0, 0x6f, 0xff, 0xff,
    0xff, 0xff, 0xf0, 0x0, 0x0, 0xf, 0xff, 0xff,
    0xff, 0xff, 0xf0, 0x0, 0x0, 0xf, 0xff, 0xff,
    0xff, 0xff, 0xf6, 0x0, 0x0, 0x6f, 0xff, 0xff,
    0xff, 0xff, 0xff, 0x61, 0x16, 0xff, 0xff, 0xff,
    0xff, 0xff, 0xff, 0xff, 0xff, 0xff, 0xff, 0xff,
    0xef, 0xff, 0xff, 0xff, 0xff, 0xff, 0xff, 0xfe,
    0x4e, 0xff, 0xff, 0xff, 0xff, 0xff, 0xff, 0xe4,

    /* U+F084 "" */
    0x0, 0x0, 0x0, 0x1, 0x9c, 0xfc, 0x91, 0x0,
    0x0, 0x0, 0x0, 0x4e, 0xff, 0xff, 0xfe, 0x30,
    0x0, 0x0, 0x1, 0xef, 0xff, 0xff, 0xff, 0xe1,
    0x0, 0x0, 0x9, 0xff, 0xff, 0xd2, 0x6f, 0xf9,
    0x0, 0x0, 0xc, 0xff, 0xff, 0xa0, 0x2f, 0xfc,
    0x0, 0x0, 0xf, 0xff, 0xff, 0xfa, 0xdf, 0xff,
    0x0, 0x0, 0xd, 0xff, 0xff, 0xff, 0xff, 0xfc,
    0x0, 0x0, 0x2e, 0xff, 0xff, 0xff, 0xff, 0xf9,
    0x0, 0x2, 0xef, 0xff, 0xff, 0xff, 0xff, 0xe1,
    0x0, 0x2e, 0xff, 0xff, 0xff, 0xff, 0xfe, 0x40,
    0x2, 0xef, 0xff, 0xff, 0xed, 0xfc, 0x91, 0x0,
    0x2e, 0xff, 0xff, 0xfd, 0x20, 0x0, 0x0, 0x0,
    0xdf, 0xff, 0xff, 0x0, 0x0, 0x0, 0x0, 0x0,
    0xff, 0xff, 0xfd, 0x0, 0x0, 0x0, 0x0, 0x0,
    0xff, 0xff, 0x0, 0x0, 0x0, 0x0, 0x0, 0x0,
    0xdf, 0xfd, 0x0, 0x0, 0x0, 0x0, 0x0, 0x0,

    /* U+F090 "" */
    0x0, 0x0, 0x0, 0x0, 0x0, 0xbf, 0xfe, 0x80,
    0x0, 0x0, 0x0, 0x0, 0x0, 0xbf, 0xff, 0xf8,
    0x0, 0x0, 0xb, 0xc1, 0x0, 0x0, 0x4, 0xfe,
    0x0, 0x0, 0xc, 0xfd, 0x10, 0x0, 0x0, 0xff,
    0x0, 0x0, 0x1, 0xdf, 0xd1, 0x0, 0x0, 0xff,
    0x0, 0x0, 0x0, 0x1d, 0xfd, 0x10, 0x0, 0xff,
    0xbf, 0xff, 0xff, 0xff, 0xff, 0xc0, 0x0, 0xff,
    0xbf, 0xff, 0xff, 0xff, 0xff, 0xc0, 0x0, 0xff,
    0x0, 0x0, 0x0, 0x1d, 0xfd, 0x10, 0x0, 0xff,
    0x0, 0x0, 0x1, 0xdf, 0xd1, 0x0, 0x0, 0xff,
    0x0, 0x0, 0xc, 0xfd, 0x10, 0x0, 0x0, 0xff,
    0x0, 0x0, 0xb, 0xc1, 0x0, 0x0, 0x4, 0xfe,
    0x0, 0x0, 0x0, 0x0, 0x0, 0xbf, 0xff, 0xf8,
    0x0, 0x0, 0x0, 0x0, 0x0, 0xbf, 0xfe, 0x80,

    /* U+F095 "" */
    0x0, 0x0, 0x0, 0x0, 0x0, 0x0, 0x0, 0x0,
    0x0, 0x0, 0x8, 0xea, 0x0, 0x0, 0x0, 0x0,
    0x0, 0x0, 0x1, 0xcf, 0xff, 0x40, 0x0, 0x0,
    0x0, 0x0, 0x0, 0x8, 0xff, 0xff, 0xb0, 0x0,
    0x0, 0x0, 0x0, 0x0, 0xe, 0xff, 0xff, 0xf2,
    0x0, 0x0, 0x0, 0x0, 0x0, 0xe, 0xff, 0xff,
    0xf4, 0x0, 0x0, 0x0, 0x0, 0x0, 0xc, 0xff,
    0xff, 0x90, 0x0, 0x0, 0x0, 0x0, 0x0, 0x7,
    0xff, 0xfb, 0x0, 0x0, 0x0, 0x0, 0x0, 0x0,
    0x1, 0xff, 0xff, 0x20, 0x0, 0x0, 0x0, 0x0,
    0x0, 0x0, 0xaf, 0xff, 0xc0, 0x0, 0x0, 0x0,
    0x0, 0x0, 0x0, 0x1e, 0xff, 0xfa, 0x0, 0x0,
    0x42, 0x0, 0x0, 0x0, 0x3, 0xff, 0xff, 0xb1,
    0x9, 0xff, 0xb4, 0x0, 0x0, 0x0, 0x7f, 0xff,
    0xff, 0xaf, 0xff, 0xff, 0xa0, 0x0, 0x0, 0x7,
    0xff, 0xff, 0xff, 0xff, 0xff, 0xe0, 0x0, 0x0,
    0x0, 0x3e, 0xff, 0xff, 0xff, 0xff, 0x80, 0x0,
    0x0, 0x0, 0x1, 0xaf, 0xff, 0xff, 0xfc, 0x0,
    0x0, 0x0, 0x0, 0x0, 0x1, 0x7c, 0xee, 0x81,
    0x0, 0x0, 0x0, 0x0, 0x0, 0x0, 0x0, 0x0,
    0x0, 0x0,

    /* U+F09D "" */
    0x4e, 0xff, 0xff, 0xff, 0xff, 0xff, 0xff, 0xe4,
    0xef, 0xff, 0xff, 0xff, 0xff, 0xff, 0xff, 0xfe,
    0xff, 0xff, 0xff, 0xff, 0xff, 0xff, 0xff, 0xff,
    0x0, 0x0, 0x0, 0x0, 0x0, 0x0, 0x0, 0x0,
    0x44, 0x44, 0x44, 0x44, 0x44, 0x44, 0x44, 0x44,
    0xff, 0xff, 0xff, 0xff, 0xff, 0xff, 0xff, 0xff,
    0xff, 0xff, 0xff, 0xff, 0xff, 0xff, 0xff, 0xff,
    0xff, 0xff, 0xff, 0xff, 0xff, 0xff, 0xff, 0xff,
    0xff, 0xdb, 0xdf, 0xfb, 0xbd, 0xff, 0xff, 0xff,
    0xff, 0x20, 0x2f, 0xa0, 0x2, 0xff, 0xff, 0xff,
    0xef, 0xff, 0xff, 0xff, 0xff, 0xff, 0xff, 0xfe,
    0x4e, 0xff, 0xff, 0xff, 0xff, 0xff, 0xff, 0xe4,

    /* U+F0AC "" */
    0x0, 0x0, 0x11, 0xb, 0xb0, 0x12, 0x0, 0x0,
    0x0, 0x8, 0xc0, 0x8f, 0xf8, 0xc, 0x90, 0x0,
    0x0, 0xaf, 0x60, 0xff, 0xff, 0x6, 0xfb, 0x0,
    0x8, 0xff, 0x14, 0xff, 0xff, 0x41, 0xff, 0x80,
    0x2f, 0xff, 0x9, 0xff, 0xff, 0x90, 0xef, 0xf2,
    0x8f, 0xfc, 0xb, 0xff, 0xff, 0xc0, 0xcf, 0xf8,
    0xcf, 0xfa, 0xd, 0xff, 0xff, 0xe0, 0x9f, 0xfc,
    0x33, 0x32, 0x3, 0x33, 0x33, 0x30, 0x23, 0x33,
    0x33, 0x32, 0x3, 0x33, 0x33, 0x30, 0x23, 0x33,
    0xcf, 0xfa, 0xd, 0xff, 0xff, 0xe0, 0x9f, 0xfc,
    0x8f, 0xfc, 0xb, 0xff, 0xff, 0xc0, 0xcf, 0xf8,
    0x2f, 0xff, 0x9, 0xff, 0xff, 0x90, 0xef, 0xf2,
    0x8, 0xff, 0x14, 0xff, 0xff, 0x51, 0xff, 0x80,
    0x0, 0xaf, 0x60, 0xef, 0xff, 0x6, 0xfb, 0x0,
    0x0, 0x8, 0xc0, 0x7f, 0xf8, 0xc, 0x90, 0x0,
    0x0, 0x0, 0x11, 0xb, 0xb0, 0x12, 0x0, 0x0,

    /* U+F0B1 "" */
    0x0, 0x0, 0x1c, 0xff, 0xff, 0xc1, 0x0, 0x0,
    0x0, 0x0, 0x7f, 0x87, 0x78, 0xf7, 0x0, 0x0,
    0x0, 0x0, 0x7f, 0x0, 0x0, 0xf7, 0x0, 0x0,
    0x4e, 0xff, 0xff, 0xff, 0xff, 0xff, 0xff, 0xe4,
    0xef, 0xff, 0xff, 0xff, 0xff, 0xff, 0xff, 0xfe,
    0xff, 0xff, 0xff, 0xff, 0xff, 0xff, 0xff, 0xff,
    0xff, 0xff, 0xff, 0xff, 0xff, 0xff, 0xff, 0xff,
    0xff, 0xff, 0xff, 0xff, 0xff, 0xff, 0xff, 0xff,
    0x0, 0x0, 0x0, 0x0, 0x0, 0x0, 0x0, 0x0,
    0x77, 0x77, 0x77, 0x0, 0x0, 0x77, 0x77, 0x77,
    0xff, 0xff, 0xff, 0x40, 0x4, 0xff, 0xff, 0xff,
    0xff, 0xff, 0xff, 0xff, 0xff, 0xff, 0xff, 0xff,
    0xff, 0xff, 0xff, 0xff, 0xff, 0xff, 0xff, 0xff,
    0xef, 0xff, 0xff, 0xff, 0xff, 0xff, 0xff, 0xfe,
    0x4e, 0xff, 0xff, 0xff, 0xff, 0xff, 0xff, 0xe4,

    /* U+F0C0 "" */
    0x0, 0x0, 0x0, 0x0, 0x38, 0x83, 0x0, 0x0,
    0x0, 0x0, 0x0, 0x0, 0x0, 0x5, 0xff, 0xff,
    0x50, 0x0, 0x0, 0x0, 0x0, 0x44, 0x0, 0xf,
    0xff, 0xff, 0xf0, 0x0, 0x44, 0x0, 0xb, 0xff,
    0xb0, 0x3f, 0xff, 0xff, 0xf3, 0xb, 0xff, 0xb0,
    0x2f, 0xff, 0xf2, 0x1f, 0xff, 0xff, 0xf1, 0x2f,
    0xff, 0xf2, 0x1f, 0xff, 0xf1, 0x9, 0xff, 0xff,
    0x90, 0x1f, 0xff, 0xf1, 0x7, 0xff, 0x70, 0x0,
    0x7c, 0xc7, 0x0, 0x7, 0xff, 0x70, 0x0, 0x0,
    0x0, 0x0, 0x0, 0x0, 0x0, 0x0, 0x0, 0x0,
    0x0, 0x0, 0x0, 0x0, 0x36, 0x63, 0x0, 0x0,
    0x0, 0x0, 0x1, 0xae, 0xd0, 0x1b, 0xff, 0xff,
    0xb1, 0xd, 0xea, 0x10, 0x1e, 0xff, 0x50, 0xdf,
    0xff, 0xff, 0xfd, 0x5, 0xff, 0xe1, 0xaf, 0xfe,
    0x8, 0xff, 0xff, 0xff, 0xff, 0x80, 0xef, 0xfa,
    0xef, 0xfa, 0xc, 0xff, 0xff, 0xff, 0xff, 0xc0,
    0xbf, 0xfe, 0xff, 0xf8, 0xf, 0xff, 0xff, 0xff,
    0xff, 0xf0, 0x8f, 0xff, 0xbf, 0xf9, 0xb, 0xff,
    0xff, 0xff, 0xff, 0xb0, 0x9f, 0xfb,

    /* U+F0C2 "" */
    0x0, 0x0, 0x7, 0xcf, 0xd7, 0x0, 0x0, 0x0,
    0x0, 0x0, 0x0, 0xbf, 0xff, 0xff, 0xc0, 0x0,
    0x0, 0x0, 0x0, 0x7, 0xff, 0xff, 0xff, 0xfc,
    0xde, 0x80, 0x0, 0x0, 0xc, 0xff, 0xff, 0xff,
    0xff, 0xff, 0xf8, 0x0, 0x0, 0xf, 0xff, 0xff,
    0xff, 0xff, 0xff, 0xfe, 0x0, 0x0, 0x7f, 0xff,
    0xff, 0xff, 0xff, 0xff, 0xfe, 0x0, 0xb, 0xff,
    0xff, 0xff, 0xff, 0xff, 0xff, 0xfd, 0x10, 0x7f,
    0xff, 0xff, 0xff, 0xff, 0xff, 0xff, 0xff, 0xd2,
    0xdf, 0xff, 0xff, 0xff, 0xff, 0xff, 0xff, 0xff,
    0xfa, 0xff, 0xff, 0xff, 0xff, 0xff, 0xff, 0xff,
    0xff, 0xfe, 0xcf, 0xff, 0xff, 0xff, 0xff, 0xff,
    0xff, 0xff, 0xfe, 0x7f, 0xff, 0xff, 0xff, 0xff,
    0xff, 0xff, 0xff, 0xfa, 0xb, 0xff, 0xff, 0xff,
    0xff, 0xff, 0xff, 0xff, 0xe1, 0x0, 0x7c, 0xff,
    0xff, 0xff, 0xff, 0xff, 0xea, 0x10,

    /* U+F0C6 "" */
    0x0, 0x0, 0x0, 0x0, 0x0, 0x0, 0x0, 0x0,
    0x0, 0x0, 0x0, 0x0, 0x0, 0x7b, 0xda, 0x30,
    0x0, 0x0, 0x0, 0x0, 0x1, 0xcf, 0xff, 0xff,
    0x70, 0x0, 0x0, 0x0, 0x1, 0xdf, 0xd4, 0x27,
    0xff, 0x30, 0x0, 0x0, 0x1, 0xdf, 0xc1, 0x0,
    0x8, 0xf9, 0x0, 0x0, 0x1, 0xdf, 0xc1, 0x2d,
    0xa0, 0x4f, 0xb0, 0x0, 0x1, 0xdf, 0xc1, 0x2e,
    0xfa, 0x6, 0xf9, 0x0, 0x0, 0xdf, 0xc1, 0x3e,
    0xfb, 0x2, 0xef, 0x40, 0x0, 0x9f, 0xd1, 0x3e,
    0xfb, 0x2, 0xef, 0xa0, 0x0, 0x4f, 0xf1, 0x3e,
    0xfa, 0x3, 0xef, 0xa0, 0x0, 0x8, 0xf7, 0x1e,
    0xfa, 0x3, 0xff, 0xa0, 0x23, 0x0, 0xbf, 0x46,
    0xfb, 0x3, 0xff, 0xa0, 0x4f, 0xf0, 0xb, 0xf4,
    0x6f, 0xd6, 0xff, 0xa0, 0x4f, 0xf8, 0x0, 0x8f,
    0x80, 0xdf, 0xff, 0xa0, 0x4f, 0xf9, 0x0, 0x4,
    0xff, 0x21, 0x8a, 0x50, 0x4f, 0xf9, 0x0, 0x0,
    0xa, 0xfe, 0x40, 0x0, 0x7f, 0xf9, 0x0, 0x0,
    0x0, 0x1c, 0xff, 0xec, 0xff, 0xf8, 0x0, 0x0,
    0x0, 0x0, 0x7, 0xef, 0xff, 0xc3, 0x0, 0x0,
    0x0, 0x0, 0x0, 0x0, 0x13, 0x0, 0x0, 0x0,
    0x0, 0x0,

    /* U+F0C8 "" */
    0x4e, 0xff, 0xff, 0xff, 0xff, 0xff, 0xe4, 0xef,
    0xff, 0xff, 0xff, 0xff, 0xff, 0xfe, 0xff, 0xff,
    0xff, 0xff, 0xff, 0xff, 0xff, 0xff, 0xff, 0xff,
    0xff, 0xff, 0xff, 0xff, 0xff, 0xff, 0xff, 0xff,
    0xff, 0xff, 0xff, 0xff, 0xff, 0xff, 0xff, 0xff,
    0xff, 0xff, 0xff, 0xff, 0xff, 0xff, 0xff, 0xff,
    0xff, 0xff, 0xff, 0xff, 0xff, 0xff, 0xff, 0xff,
    0xff, 0xff, 0xff, 0xff, 0xff, 0xff, 0xff, 0xff,
    0xff, 0xff, 0xff, 0xff, 0xff, 0xff, 0xff, 0xff,
    0xff, 0xff, 0xff, 0xff, 0xff, 0xff, 0xff, 0xff,
    0xff, 0xff, 0xff, 0xff, 0xef, 0xff, 0xff, 0xff,
    0xff, 0xff, 0xfe, 0x4e, 0xff, 0xff, 0xff, 0xff,
    0xff, 0xe4,

    /* U+F0D1 "" */
    0x4e, 0xff, 0xff, 0xff, 0xff, 0xfe, 0x40, 0x0,
    0x0, 0xef, 0xff, 0xff, 0xff, 0xff, 0xff, 0xe0,
    0x0, 0x0, 0xff, 0xff, 0xff, 0xff, 0xff, 0xff,
    0xf0, 0x0, 0x0, 0xff, 0xff, 0xff, 0xff, 0xff,
    0xff, 0xff, 0xfb, 0x10, 0xff, 0xff, 0xff, 0xff,
    0xff, 0xff, 0xff, 0xff, 0xd1, 0xff, 0xff, 0xff,
    0xff, 0xff, 0xff, 0xf0, 0x1d, 0xfb, 0xff, 0xff,
    0xff, 0xff, 0xff, 0xff, 0xf0, 0x1, 0xff, 0xff,
    0xff, 0xff, 0xff, 0xff, 0xff, 0xf0, 0x0, 0xff,
    0xff, 0xff, 0xff, 0xff, 0xff, 0xff, 0xff, 0xff,
    0xff, 0xff, 0xff, 0xff, 0xff, 0xff, 0xff, 0xff,
    0xff, 0xff, 0xff, 0xff, 0xff, 0xff, 0xff, 0xff,
    0xff, 0xff, 0xff, 0xef, 0xfd, 0x26, 0xff, 0xff,
    0xff, 0x62, 0xdf, 0xfe, 0x4e, 0xfa, 0x2, 0xff,
    0xff, 0xff, 0x20, 0xaf, 0xe4, 0x0, 0x9f, 0xad,
    0xf1, 0x0, 0x1f, 0xda, 0xf8, 0x0, 0x0, 0xa,
    0xfd, 0x40, 0x0, 0x4, 0xdf, 0xa0, 0x0,

    /* U+F0E7 "" */
    0x0, 0x0, 0x0, 0x0, 0x0, 0x44, 0x0, 0x0,
    0x0, 0x0, 0x0, 0x0, 0x8, 0xfe, 0x0, 0x0,
    0x0, 0x0, 0x0, 0x0, 0xbf, 0xfa, 0x0, 0x0,
    0x0, 0x0, 0x0, 0x2d, 0xff, 0xf4, 0x0, 0x0,
    0x0, 0x0, 0x3, 0xef, 0xff, 0xd0, 0x0, 0x0,
    0x0, 0x0, 0x6f, 0xff, 0xff, 0x70, 0x0, 0x0,
    0x0, 0x8, 0xff, 0xff, 0xff, 0x10, 0x0, 0x0,
    0x0, 0xbf, 0xff, 0xff, 0xfa, 0x0, 0x0, 0x0,
    0xc, 0xff, 0xff, 0xff, 0xff, 0xff, 0xff, 0xb0,
    0xb, 0xff, 0xff, 0xff, 0xff, 0xff, 0xff, 0xc0,
    0x0, 0x0, 0x0, 0xaf, 0xff, 0xff, 0xfb, 0x10,
    0x0, 0x0, 0x1, 0xff, 0xff, 0xff, 0x90, 0x0,
    0x0, 0x0, 0x7, 0xff, 0xff, 0xf6, 0x0, 0x0,
    0x0, 0x0, 0xd, 0xff, 0xfe, 0x40, 0x0, 0x0,
    0x0, 0x0, 0x4f, 0xff, 0xd2, 0x0, 0x0, 0x0,
    0x0, 0x0, 0xbf, 0xfb, 0x10, 0x0, 0x0, 0x0,
    0x0, 0x0, 0xef, 0x90, 0x0, 0x0, 0x0, 0x0,
    0x0, 0x0, 0x44, 0x0, 0x0, 0x0, 0x0, 0x0,

    /* U+F0E9 "" */
    0x0, 0x0, 0x0, 0xb, 0xb0, 0x0, 0x0, 0x0,
    0x0, 0x0, 0x29, 0xdf, 0xfd, 0x92, 0x0, 0x0,
    0x0, 0x7, 0xff, 0xff, 0xff, 0xff, 0x70, 0x0,
    0x0, 0xaf, 0xff, 0xff, 0xff, 0xff, 0xfa, 0x0,
    0x7, 0xff, 0xff, 0xff, 0xff, 0xff, 0xff, 0x70,
    0x1f, 0xff, 0xff, 0xff, 0xff, 0xff, 0xff, 0xf1,
    0x9f, 0xff, 0xff, 0xff, 0xff, 0xff, 0xff, 0xf9,
    0xdf, 0xff, 0xff, 0xff, 0xff, 0xff, 0xff, 0xfd,
    0xfe, 0xaa, 0xff, 0xfe, 0xef, 0xfe, 0xaa, 0xef,
    0xa2, 0x0, 0x2d, 0x50, 0x5, 0xd2, 0x0, 0x2a,
    0x0, 0x0, 0x0, 0x7, 0x70, 0x0, 0x0, 0x0,
    0x0, 0x0, 0x0, 0xf, 0xf0, 0x0, 0x0, 0x0,
    0x0, 0x0, 0x0, 0xf, 0xf0, 0x0, 0x0, 0x0,
    0x0, 0x0, 0x0, 0xf, 0xf0, 0x0, 0x0, 0x0,
    0x0, 0x0, 0xbb, 0x2f, 0xf0, 0x0, 0x0, 0x0,
    0x0, 0x0, 0xcf, 0xff, 0xb0, 0x0, 0x0, 0x0,
    0x0, 0x0, 0x1b, 0xfb, 0x10, 0x0, 0x0, 0x0,

    /* U+F0EB "" */
    0x0, 0x6, 0xbe, 0xeb, 0x60, 0x0, 0x1, 0xbf,
    0xff, 0xff, 0xfb, 0x10, 0xb, 0xfc, 0x41, 0xaf,
    0xff, 0xb0, 0x6f, 0xc0, 0x17, 0xef, 0xff, 0xf6,
    0xbf, 0x41, 0xff, 0xff, 0xff, 0xfb, 0xef, 0x17,
    0xff, 0xff, 0xff, 0xfe, 0xef, 0xae, 0xff, 0xff,
    0xff, 0xfe, 0xbf, 0xff, 0xff, 0xff, 0xff, 0xfb,
    0x6f, 0xff, 0xff, 0xff, 0xff, 0xf6, 0xb, 0xff,
    0xff, 0xff, 0xff, 0xb0, 0x1, 0xef, 0xff, 0xff,
    0xfe, 0x10, 0x0, 0x6f, 0xff, 0xff, 0xf6, 0x0,
    0x0, 0x0, 0x0, 0x0, 0x0, 0x0, 0x0, 0x4,
    0x44, 0x44, 0x40, 0x0, 0x0, 0xf, 0xff, 0xff,
    0xf0, 0x0, 0x0, 0x9, 0xff, 0xff, 0x90, 0x0,
    0x0, 0x0, 0x7b, 0xb7, 0x0, 0x0,

    /* U+F0EC "" */
    0x0, 0x0, 0x0, 0x0, 0x0, 0x0, 0x0, 0x0,
    0x0, 0x0, 0x0, 0x0, 0x0, 0x0, 0x0, 0xbc,
    0x10, 0x0, 0x0, 0x0, 0x0, 0x0, 0x0, 0x0,
    0xcf, 0xd1, 0x0, 0x0, 0x0, 0x0, 0x0, 0x0,
    0x0, 0x1d, 0xfd, 0x10, 0xb, 0xff, 0xff, 0xff,
    0xff, 0xff, 0xff, 0xff, 0xc0, 0xb, 0xff, 0xff,
    0xff, 0xff, 0xff, 0xff, 0xff, 0xc0, 0x0, 0x0,
    0x0, 0x0, 0x0, 0x0, 0x1d, 0xfd, 0x10, 0x0,
    0x0, 0x0, 0x0, 0x0, 0x0, 0xcf, 0xd1, 0x0,
    0x0, 0x0, 0x0, 0x0, 0x0, 0x0, 0xbc, 0x10,
    0x0, 0x0, 0x1, 0xcb, 0x0, 0x0, 0x0, 0x0,
    0x0, 0x0, 0x0, 0x1d, 0xfc, 0x0, 0x0, 0x0,
    0x0, 0x0, 0x0, 0x1, 0xdf, 0xd1, 0x0, 0x0,
    0x0, 0x0, 0x0, 0x0, 0xc, 0xff, 0xff, 0xff,
    0xff, 0xff, 0xff, 0xff, 0xb0, 0xc, 0xff, 0xff,
    0xff, 0xff, 0xff, 0xff, 0xff, 0xb0, 0x1, 0xdf,
    0xd1, 0x0, 0x0, 0x0, 0x0, 0x0, 0x0, 0x0,
    0x1d, 0xfc, 0x0, 0x0, 0x0, 0x0, 0x0, 0x0,
    0x0, 0x1, 0xcb, 0x0, 0x0, 0x0, 0x0, 0x0,
    0x0, 0x0, 0x0, 0x0, 0x0, 0x0, 0x0, 0x0,
    0x0, 0x0,

    /* U+F0EE "" */
    0x0, 0x0, 0x7, 0xcf, 0xd7, 0x0, 0x0, 0x0,
    0x0, 0x0, 0x0, 0xbf, 0xff, 0xff, 0xc0, 0x0,
    0x0, 0x0, 0x0, 0x7, 0xff, 0xff, 0xff, 0xfc,
    0xde, 0x80, 0x0, 0x0, 0xc, 0xff, 0xff, 0xff,
    0xff, 0xff, 0xf8, 0x0, 0x0, 0xf, 0xff, 0xff,
    0xee, 0xff, 0xff, 0xfe, 0x0, 0x0, 0x7f, 0xff,
    0xfd, 0x11, 0xdf, 0xff, 0xfe, 0x0, 0xb, 0xff,
    0xff, 0xd1, 0x0, 0x1d, 0xff, 0xfd, 0x10, 0x7f,
    0xff, 0xff, 0x21, 0x22, 0x12, 0xff, 0xff, 0xd2,
    0xdf, 0xff, 0xff, 0xad, 0x44, 0xda, 0xff, 0xff,
    0xfa, 0xff, 0xff, 0xff, 0xff, 0x44, 0xff, 0xff,
    0xff, 0xfe, 0xcf, 0xff, 0xff, 0xff, 0x44, 0xff,
    0xff, 0xff, 0xfe, 0x7f, 0xff, 0xff, 0xff, 0xee,
    0xff, 0xff, 0xff, 0xfa, 0xb, 0xff, 0xff, 0xff,
    0xff, 0xff, 0xff, 0xff, 0xe1, 0x0, 0x7c, 0xff,
    0xff, 0xff, 0xff, 0xff, 0xea, 0x10,

    /* U+F0F1 "" */
    0x6f, 0xfb, 0x0, 0xbf, 0xf7, 0x0, 0x0, 0x0,
    0xf, 0xff, 0xb0, 0xb, 0xff, 0xf0, 0x0, 0x0,
    0x0, 0xff, 0x0, 0x0, 0x0, 0xff, 0x0, 0x0,
    0x0, 0xf, 0xf0, 0x0, 0x0, 0xf, 0xf0, 0x8,
    0xee, 0x80, 0xff, 0x0, 0x0, 0x0, 0xff, 0x8,
    0xff, 0xff, 0x8f, 0xf0, 0x0, 0x0, 0xf, 0xf0,
    0xef, 0x44, 0xfe, 0xef, 0x10, 0x0, 0x1, 0xfe,
    0xe, 0xf4, 0x4f, 0xeb, 0xf7, 0x0, 0x0, 0x7f,
    0xb0, 0x8f, 0xff, 0xf8, 0x4f, 0xf7, 0x11, 0x7f,
    0xf3, 0x0, 0x7f, 0xf7, 0x0, 0x7f, 0xff, 0xff,
    0xf7, 0x0, 0x0, 0xff, 0x0, 0x0, 0x4b, 0xff,
    0xb4, 0x0, 0x0, 0xf, 0xf0, 0x0, 0x0, 0xf,
    0xf0, 0x0, 0x0, 0x0, 0xff, 0x0, 0x0, 0x0,
    0xcf, 0x30, 0x0, 0x0, 0x3f, 0xc0, 0x0, 0x0,
    0x9, 0xfb, 0x0, 0x0, 0xb, 0xf9, 0x0, 0x0,
    0x0, 0x1e, 0xfb, 0x30, 0x3b, 0xfe, 0x10, 0x0,
    0x0, 0x0, 0x4e, 0xff, 0xff, 0xfe, 0x40, 0x0,
    0x0, 0x0, 0x0, 0x19, 0xcf, 0xc9, 0x10, 0x0,
    0x0,

    /* U+F0F3 "" */
    0x0, 0x0, 0x0, 0xbb, 0x0, 0x0, 0x0, 0x0,
    0x0, 0x4b, 0xff, 0xb4, 0x0, 0x0, 0x0, 0x7,
    0xff, 0xff, 0xff, 0x70, 0x0, 0x0, 0x3f, 0xff,
    0xff, 0xff, 0xf3, 0x0, 0x0, 0xbf, 0xff, 0xff,
    0xff, 0xfb, 0x0, 0x0, 0xef, 0xff, 0xff, 0xff,
    0xfe, 0x0, 0x0, 0xff, 0xff, 0xff, 0xff, 0xff,
    0x0, 0x2, 0xff, 0xff, 0xff, 0xff, 0xff, 0x20,
    0x4, 0xff, 0xff, 0xff, 0xff, 0xff, 0x40, 0xb,
    0xff, 0xff, 0xff, 0xff, 0xff, 0xb0, 0x4f, 0xff,
    0xff, 0xff, 0xff, 0xff, 0xf4, 0xdf, 0xff, 0xff,
    0xff, 0xff, 0xff, 0xfd, 0xaf, 0xff, 0xff, 0xff,
    0xff, 0xff, 0xfa, 0x0, 0x0, 0x0, 0x0, 0x0,
    0x0, 0x0, 0x0, 0x0, 0x6, 0x77, 0x60, 0x0,
    0x0, 0x0, 0x0, 0x4, 0xdd, 0x40, 0x0, 0x0,

    /* U+F0F4 "" */
    0xb, 0xff, 0xff, 0xff, 0xff, 0xff, 0xfe, 0xa1,
    0x0, 0xff, 0xff, 0xff, 0xff, 0xff, 0xff, 0xff,
    0xe1, 0xf, 0xff, 0xff, 0xff, 0xff, 0xff, 0xf1,
    0xbf, 0xa0, 0xff, 0xff, 0xff, 0xff, 0xff, 0xff,
    0x1, 0xfe, 0xf, 0xff, 0xff, 0xff, 0xff, 0xff,
    0xf0, 0x1f, 0xe0, 0xff, 0xff, 0xff, 0xff, 0xff,
    0xff, 0x1b, 0xfa, 0xf, 0xff, 0xff, 0xff, 0xff,
    0xff, 0xff, 0xfe, 0x10, 0xff, 0xff, 0xff, 0xff,
    0xff, 0xff, 0xea, 0x10, 0xe, 0xff, 0xff, 0xff,
    0xff, 0xff, 0xe0, 0x0, 0x0, 0x8f, 0xff, 0xff,
    0xff, 0xff, 0xf8, 0x0, 0x0, 0x0, 0x8e, 0xff,
    0xff, 0xff, 0xe8, 0x0, 0x0, 0x0, 0x0, 0x0,
    0x0, 0x0, 0x0, 0x0, 0x0, 0x0, 0x0, 0x0,
    0x0, 0x0, 0x0, 0x0, 0x0, 0x0, 0xb, 0xff,
    0xff, 0xff, 0xff, 0xff, 0xff, 0xb0, 0x0, 0xbf,
    0xff, 0xff, 0xff, 0xff, 0xff, 0xfb, 0x0, 0x0,

    /* U+F11B "" */
    0x0, 0x6, 0xbe, 0xff, 0xff, 0xff, 0xff, 0xeb,
    0x60, 0x0, 0x1, 0xbf, 0xff, 0xff, 0xff, 0xff,
    0xff, 0xff, 0xfb, 0x10, 0xb, 0xff, 0xff, 0xff,
    0xff, 0xff, 0xff, 0xff, 0xff, 0xb0, 0x6f, 0xff,
    0xfc, 0xcf, 0xff, 0xff, 0xff, 0xf9, 0xff, 0xf6,
    0xbf, 0xff, 0xf4, 0x3f, 0xff, 0xff, 0xff, 0x90,
    0x9f, 0xfb, 0xef, 0xfc, 0x41, 0x4, 0xcf, 0xff,
    0xff, 0xe9, 0xff, 0xfe, 0xef, 0xfc, 0x41, 0x4,
    0xcf, 0xff, 0xf9, 0xff, 0xff, 0xfe, 0xbf, 0xff,
    0xf4, 0x3f, 0xff, 0xff, 0x90, 0x9f, 0xff, 0xfb,
    0x6f, 0xff, 0xfc, 0xcf, 0xff, 0xff, 0xf9, 0xef,
    0xff, 0xf6, 0xb, 0xff, 0xff, 0xff, 0xff, 0xff,
    0xff, 0xff, 0xff, 0xb0, 0x1, 0xbf, 0xff, 0xff,
    0xff, 0xff, 0xff, 0xff, 0xfb, 0x10, 0x0, 0x6,
    0xbe, 0xff, 0xff, 0xff, 0xff, 0xeb, 0x60, 0x0,

    /* U+F130 "" */
    0x0, 0x0, 0x8e, 0xe8, 0x0, 0x0, 0x0, 0x8,
    0xff, 0xff, 0x80, 0x0, 0x0, 0xe, 0xff, 0xff,
    0xe0, 0x0, 0x0, 0xf, 0xff, 0xff, 0xf0, 0x0,
    0x0, 0xf, 0xff, 0xff, 0xf0, 0x0, 0xd5, 0xf,
    0xff, 0xff, 0xf0, 0x5d, 0xf7, 0xf, 0xff, 0xff,
    0xf0, 0x7f, 0xe9, 0xe, 0xff, 0xff, 0xe0, 0x9e,
    0xbd, 0x8, 0xff, 0xff, 0x80, 0xdb, 0x6f, 0x50,
    0x8e, 0xe8, 0x5, 0xf6, 0xc, 0xf5, 0x0, 0x0,
    0x5f, 0xc0, 0x1, 0xcf, 0xd9, 0x9d, 0xfc, 0x10,
    0x0, 0x6, 0xbf, 0xfb, 0x60, 0x0, 0x0, 0x0,
    0xb, 0xb0, 0x0, 0x0, 0x0, 0x5, 0x7d, 0xd7,
    0x50, 0x0, 0x0, 0xd, 0xff, 0xff, 0xd0, 0x0,

    /* U+F132 "" */
    0x0, 0x0, 0x1, 0x8e, 0xc5, 0x0, 0x0, 0x0,
    0x0, 0x4, 0xbf, 0xff, 0xff, 0xe8, 0x10, 0x0,
    0x6, 0xdf, 0xff, 0xff, 0xff, 0xff, 0xfa, 0x20,
    0x6f, 0xff, 0xff, 0xff, 0xff, 0xff, 0xff, 0xe0,
    0xaf, 0xff, 0xff, 0xff, 0xff, 0xff, 0xff, 0xf3,
    0x9f, 0xff, 0xff, 0xff, 0xff, 0xff, 0xff, 0xf2,
    0x7f, 0xff, 0xff, 0xff, 0xff, 0xff, 0xff, 0xf0,
    0x4f, 0xff, 0xff, 0xff, 0xff, 0xff, 0xff, 0xd0,
    0xf, 0xff, 0xff, 0xff, 0xff, 0xff, 0xff, 0x80,
    0xa, 0xff, 0xff, 0xff, 0xff, 0xff, 0xff, 0x30,
    0x3, 0xff, 0xff, 0xff, 0xff, 0xff, 0xfd, 0x0,
    0x0, 0xbf, 0xff, 0xff, 0xff, 0xff, 0xf4, 0x0,
    0x0, 0x1e, 0xff, 0xff, 0xff, 0xff, 0x80, 0x0,
    0x0, 0x3, 0xef, 0xff, 0xff, 0xfa, 0x0, 0x0,
    0x0, 0x0, 0x2d, 0xff, 0xff, 0x80, 0x0, 0x0,
    0x0, 0x0, 0x0, 0x7d, 0xb3, 0x0, 0x0, 0x0,

    /* U+F133 "" */
    0x0, 0xb, 0xb0, 0x0, 0xb, 0xb0, 0x0, 0x0,
    0xf, 0xf0, 0x0, 0xf, 0xf0, 0x0, 0x4e, 0xff,
    0xff, 0xff, 0xff, 0xff, 0xe4, 0xef, 0xff, 0xff,
    0xff, 0xff, 0xff, 0xfe, 0xff, 0xff, 0xff, 0xff,
    0xff, 0xff, 0xff, 0x77, 0x77, 0x77, 0x77, 0x77,
    0x77, 0x77, 0x0, 0x0, 0x0, 0x0, 0x0, 0x0,
    0x0, 0xff, 0xff, 0xff, 0xff, 0xff, 0xff, 0xff,
    0xff, 0xff, 0xff, 0xff, 0xff, 0xff, 0xff, 0xff,
    0xff, 0xff, 0xff, 0xff, 0xff, 0xff, 0xff, 0xff,
    0xff, 0xff, 0xff, 0xff, 0xff, 0xff, 0xff, 0xff,
    0xff, 0xff, 0xff, 0xff, 0xff, 0xff, 0xff, 0xff,
    0xff, 0xff, 0xff, 0xef, 0xff, 0xff, 0xff, 0xff,
    0xff, 0xfe, 0x4e, 0xff, 0xff, 0xff, 0xff, 0xff,
    0xe4,

    /* U+F135 "" */
    0x0, 0x0, 0x0, 0x0, 0x0, 0x0, 0x0, 0x0,
    0x0, 0x0, 0x0, 0x0, 0x0, 0x5, 0xad, 0xfe,
    0x90, 0x0, 0x0, 0x0, 0x0, 0x2d, 0xff, 0xff,
    0xfe, 0x0, 0x0, 0x0, 0x0, 0x2e, 0xff, 0xbb,
    0xff, 0xf0, 0x0, 0x0, 0x0, 0xc, 0xff, 0xb0,
    0xb, 0xfd, 0x0, 0x3, 0xef, 0xff, 0xff, 0xfb,
    0x0, 0xbf, 0xa0, 0x0, 0xdf, 0xff, 0xff, 0xff,
    0xfb, 0xbf, 0xf5, 0x0, 0x8f, 0xff, 0xff, 0xff,
    0xff, 0xff, 0xfd, 0x0, 0x1f, 0xff, 0xff, 0xff,
    0xff, 0xff, 0xfe, 0x20, 0x1, 0xef, 0xff, 0xff,
    0xff, 0xff, 0xfc, 0x20, 0x0, 0x0, 0x0, 0x1,
    0xbf, 0xff, 0xff, 0x0, 0x0, 0x0, 0x0, 0x0,
    0x1, 0xff, 0xff, 0xf0, 0x0, 0x0, 0x0, 0x0,
    0x0, 0xf, 0xff, 0xff, 0x0, 0x0, 0x0, 0x0,
    0x0, 0x0, 0xff, 0xff, 0xe0, 0x0, 0x0, 0x0,
    0x0, 0x0, 0xf, 0xff, 0xd3, 0x0, 0x0, 0x0,
    0x0, 0x0, 0x0, 0xef, 0x80, 0x0, 0x0, 0x0,
    0x0, 0x0, 0x0, 0x1, 0x10, 0x0, 0x0, 0x0,
    0x0,

    /* U+F164 "" */
    0x0, 0x0, 0x0, 0x2, 0x61, 0x0, 0x0, 0x0,
    0x0, 0x0, 0x0, 0x1e, 0xfc, 0x0, 0x0, 0x0,
    0x0, 0x0, 0x0, 0x8f, 0xfe, 0x0, 0x0, 0x0,
    0x0, 0x0, 0x1, 0xff, 0xf9, 0x0, 0x0, 0x0,
    0x0, 0x0, 0x7, 0xff, 0xf3, 0x0, 0x0, 0x0,
    0xbf, 0xf4, 0xd, 0xff, 0xff, 0xff, 0xff, 0xc1,
    0xff, 0xf8, 0xf, 0xff, 0xff, 0xff, 0xff, 0xf6,
    0xff, 0xf8, 0xf, 0xff, 0xff, 0xff, 0xff, 0xe2,
    0xff, 0xf8, 0xf, 0xff, 0xff, 0xff, 0xff, 0xf3,
    0xff, 0xf8, 0xf, 0xff, 0xff, 0xff, 0xff, 0xf6,
    0xff, 0xf8, 0xf, 0xff, 0xff, 0xff, 0xff, 0xa0,
    0xff, 0xf8, 0xf, 0xff, 0xff, 0xff, 0xff, 0x60,
    0xff, 0xf8, 0xe, 0xff, 0xff, 0xff, 0xfd, 0x10,
    0xff, 0xf8, 0x5, 0xff, 0xff, 0xff, 0xf6, 0x0,
    0xbf, 0xf4, 0x0, 0x2a, 0xef, 0xff, 0xc1, 0x0,

    /* U+F183 "" */
    0x0, 0x0, 0x5, 0xea, 0x0, 0x0, 0x0, 0x0,
    0x0, 0xdf, 0xf3, 0x0, 0x0, 0x0, 0x0, 0xa,
    0xff, 0x10, 0x0, 0x0, 0x0, 0x0, 0x17, 0x30,
    0x0, 0x0, 0x0, 0x0, 0x0, 0x31, 0x0, 0x0,
    0x0, 0x0, 0x8, 0xff, 0xfb, 0x10, 0x0, 0x0,
    0x9, 0xff, 0xff, 0xfd, 0x10, 0x0, 0x6, 0xff,
    0xff, 0xff, 0xfb, 0x0, 0x2, 0xff, 0xff, 0xff,
    0xff, 0xf7, 0x0, 0xcf, 0xab, 0xff, 0xff, 0x5f,
    0xf2, 0xa, 0xb0, 0xbf, 0xff, 0xf1, 0x7d, 0x10,
    0x0, 0xb, 0xfe, 0xff, 0x10, 0x0, 0x0, 0x0,
    0xbf, 0x4e, 0xf1, 0x0, 0x0, 0x0, 0xb, 0xf4,
    0xef, 0x10, 0x0, 0x0, 0x0, 0xbf, 0x4e, 0xf1,
    0x0, 0x0, 0x0, 0xb, 0xf4, 0xef, 0x10, 0x0,
    0x0, 0x0, 0xbf, 0x4e, 0xf1, 0x0, 0x0, 0x0,
    0x9, 0xf2, 0xce, 0x0, 0x0, 0x0, 0x0, 0x1,
    0x0, 0x10, 0x0, 0x0,

    /* U+F185 "" */
    0x0, 0x0, 0x0, 0x0, 0xaa, 0x0, 0x0, 0x0,
    0x0, 0x0, 0x0, 0x0, 0x5, 0xff, 0x50, 0x0,
    0x0, 0x0, 0x0, 0x27, 0x40, 0xe, 0xff, 0xe0,
    0x4, 0x72, 0x0, 0x0, 0x7f, 0xff, 0xdf, 0xff,
    0xfd, 0xff, 0xf7, 0x0, 0x0, 0x4f, 0xff, 0xfd,
    0x99, 0xdf, 0xff, 0xf4, 0x0, 0x0, 0xf, 0xff,
    0x50, 0x0, 0x5, 0xff, 0xf0, 0x0, 0x0, 0xd,
    0xf5, 0x8, 0xee, 0x80, 0x5f, 0xd0, 0x0, 0x5,
    0xef, 0xd0, 0x8f, 0xff, 0xf8, 0xd, 0xfe, 0x50,
    0xaf, 0xff, 0x90, 0xef, 0xff, 0xfe, 0x9, 0xff,
    0xfa, 0xaf, 0xff, 0x90, 0xef, 0xff, 0xfe, 0x9,
    0xff, 0xfa, 0x5, 0xef, 0xd0, 0x8f, 0xff, 0xf8,
    0xd, 0xfe, 0x50, 0x0, 0xd, 0xf5, 0x8, 0xee,
    0x80, 0x5f, 0xd0, 0x0, 0x0, 0xf, 0xff, 0x50,
    0x0, 0x5, 0xff, 0xf0, 0x0, 0x0, 0x4f, 0xff,
    0xfd, 0x99, 0xdf, 0xff, 0xf4, 0x0, 0x0, 0x7f,
    0xff, 0xdf, 0xff, 0xfd, 0xff, 0xf7, 0x0, 0x0,
    0x27, 0x40, 0xe, 0xff, 0xe0, 0x4, 0x72, 0x0,
    0x0, 0x0, 0x0, 0x5, 0xff, 0x50, 0x0, 0x0,
    0x0, 0x0, 0x0, 0x0, 0x0, 0xaa, 0x0, 0x0,
    0x0, 0x0,

    /* U+F186 "" */
    0x0, 0x0, 0x28, 0xdf, 0xfd, 0x10, 0x0, 0x0,
    0x6, 0xff, 0xff, 0xfd, 0x0, 0x0, 0x0, 0xbf,
    0xff, 0xff, 0xa0, 0x0, 0x0, 0x6, 0xff, 0xff,
    0xfc, 0x0, 0x0, 0x0, 0x2f, 0xff, 0xff, 0xf4,
    0x0, 0x0, 0x0, 0x8f, 0xff, 0xff, 0xe0, 0x0,
    0x0, 0x0, 0xdf, 0xff, 0xff, 0xc0, 0x0, 0x0,
    0x0, 0xff, 0xff, 0xff, 0xe0, 0x0, 0x0, 0x0,
    0xff, 0xff, 0xff, 0xf1, 0x0, 0x0, 0x0, 0xdf,
    0xff, 0xff, 0xf8, 0x0, 0x0, 0x0, 0x8f, 0xff,
    0xff, 0xff, 0x30, 0x0, 0x0, 0x2f, 0xff, 0xff,
    0xff, 0xf7, 0x0, 0x0, 0x6, 0xff, 0xff, 0xff,
    0xff, 0xeb, 0x83, 0x0, 0xbf, 0xff, 0xff, 0xff,
    0xff, 0xf9, 0x0, 0x6, 0xff, 0xff, 0xff, 0xff,
    0x70, 0x0, 0x0, 0x28, 0xdf, 0xfd, 0x92, 0x0,

    /* U+F1AD "" */
    0x4e, 0xff, 0xff, 0xff, 0xff, 0xe4, 0xef, 0xff,
    0xff, 0xff, 0xff, 0xfe, 0xff, 0xff, 0xff, 0xff,
    0xff, 0xff, 0xff, 0xf1, 0x2f, 0xf1, 0x2f, 0xff,
    0xff, 0xf1, 0x1f, 0xf1, 0x1f, 0xff, 0xff, 0xff,
    0xff, 0xff, 0xff, 0xff, 0xff, 0xff, 0xff, 0xff,
    0xff, 0xff, 0xff, 0xf1, 0x2f, 0xf1, 0x2f, 0xff,
    0xff, 0xf1, 0x1f, 0xf1, 0x1f, 0xff, 0xff, 0xff,
    0xff, 0xff, 0xff, 0xff, 0xff, 0xff, 0xff, 0xff,
    0xff, 0xff, 0xff, 0xff, 0xb0, 0xb, 0xff, 0xff,
    0xff, 0xff, 0x70, 0x7, 0xff, 0xff, 0xff, 0xff,
    0x70, 0x7, 0xff, 0xff, 0xef, 0xff, 0xb7, 0x7b,
    0xff, 0xfe, 0x4e, 0xff, 0xff, 0xff, 0xff, 0xe4,

    /* U+F1B9 "" */
    0x0, 0x6, 0xef, 0xff, 0xff, 0xfe, 0x60, 0x0,
    0x0, 0x4f, 0xff, 0xff, 0xff, 0xff, 0xf4, 0x0,
    0x0, 0xdf, 0x60, 0x0, 0x0, 0x6, 0xfd, 0x0,
    0x2, 0xfe, 0x0, 0x0, 0x0, 0x0, 0xef, 0x20,
    0x8, 0xf9, 0x0, 0x0, 0x0, 0x0, 0x9f, 0x80,
    0x4e, 0xff, 0xff, 0xff, 0xff, 0xff, 0xff, 0xe4,
    0xdf, 0xff, 0xff, 0xff, 0xff, 0xff, 0xff, 0xfd,
    0xff, 0xbb, 0xff, 0xff, 0xff, 0xff, 0xbb, 0xff,
    0xff, 0x11, 0xff, 0xff, 0xff, 0xff, 0x11, 0xff,
    0xff, 0xbb, 0xff, 0xff, 0xff, 0xff, 0xbb, 0xff,
    0xff, 0xff, 0xff, 0xff, 0xff, 0xff, 0xff, 0xff,
    0xff, 0xff, 0xff, 0xff, 0xff, 0xff, 0xff, 0xff,
    0xff, 0xf0, 0x0, 0x0, 0x0, 0x0, 0xf, 0xff,
    0xbf, 0xb0, 0x0, 0x0, 0x0, 0x0, 0xb, 0xfb,

    /* U+F1BB "" */
    0x0, 0x0, 0x0, 0xb, 0xb0, 0x0, 0x0, 0x0,
    0x0, 0x0, 0x0, 0x9f, 0xf9, 0x0, 0x0, 0x0,
    0x0, 0x0, 0x7, 0xff, 0xff, 0x70, 0x0, 0x0,
    0x0, 0x0, 0x5f, 0xff, 0xff, 0xf5, 0x0, 0x0,
    0x0, 0x3, 0xff, 0xff, 0xff, 0xff, 0x30, 0x0,
    0x0, 0xd, 0xff, 0xff, 0xff, 0xff, 0xd0, 0x0,
    0x0, 0x5, 0xdf, 0xff, 0xff, 0xfd, 0x50, 0x0,
    0x0, 0x5, 0xff, 0xff, 0xff, 0xff, 0x50, 0x0,
    0x0, 0x3f, 0xff, 0xff, 0xff, 0xff, 0xf3, 0x0,
    0x0, 0xdf, 0xff, 0xff, 0xff, 0xff, 0xfd, 0x0,
    0x0, 0x59, 0xff, 0xff, 0xff, 0xff, 0xa5, 0x0,
    0x0, 0xd, 0xff, 0xff, 0xff, 0xff, 0xd0, 0x0,
    0x0, 0xbf, 0xff, 0xff, 0xff, 0xff, 0xfb, 0x0,
    0x8, 0xff, 0xff, 0xff, 0xff, 0xff, 0xff, 0x80,
    0xc, 0xff, 0xff, 0xff, 0xff, 0xff, 0xff, 0xc0,
    0x0, 0x0, 0x0, 0xf, 0xf0, 0x0, 0x0, 0x0,
    0x0, 0x0, 0x0, 0xf, 0xf0, 0x0, 0x0, 0x0,
    0x0, 0x0, 0x0, 0xb, 0xb0, 0x0, 0x0, 0x0,

    /* U+F1DE "" */
    0x0, 0x0, 0x5, 0x50, 0x0, 0x0, 0x0, 0x0,
    0x0, 0x0, 0xdf, 0xfd, 0x0, 0x0, 0x0, 0x0,
    0xbf, 0xff, 0xff, 0xff, 0xff, 0xff, 0xff, 0xfb,
    0xbf, 0xff, 0xff, 0xff, 0xff, 0xff, 0xff, 0xfb,
    0x0, 0x0, 0xdf, 0xfd, 0x0, 0x0, 0x0, 0x0,
    0x0, 0x0, 0x5, 0x50, 0x0, 0x55, 0x0, 0x0,
    0x0, 0x0, 0x0, 0x0, 0xd, 0xff, 0xd0, 0x0,
    0xbf, 0xff, 0xff, 0xff, 0xff, 0xff, 0xff, 0xfb,
    0xbf, 0xff, 0xff, 0xff, 0xff, 0xff, 0xff, 0xfb,
    0x0, 0x0, 0x0, 0x0, 0xd, 0xff, 0xd0, 0x0,
    0x0, 0x0, 0x55, 0x0, 0x0, 0x55, 0x0, 0x0,
    0x0, 0xd, 0xff, 0xd0, 0x0, 0x0, 0x0, 0x0,
    0xbf, 0xff, 0xff, 0xff, 0xff, 0xff, 0xff, 0xfb,
    0xbf, 0xff, 0xff, 0xff, 0xff, 0xff, 0xff, 0xfb,
    0x0, 0xd, 0xff, 0xd0, 0x0, 0x0, 0x0, 0x0,
    0x0, 0x0, 0x55, 0x0, 0x0, 0x0, 0x0, 0x0,

    /* U+F1E2 "" */
    0x0, 0x0, 0x0, 0x0, 0x0, 0x0, 0x2, 0x20,
    0x0, 0x0, 0x0, 0x0, 0x0, 0x0, 0x0, 0xbb,
    0x0, 0x0, 0x0, 0x0, 0x0, 0x0, 0x2, 0xbf,
    0xfb, 0x20, 0x0, 0x0, 0x0, 0x0, 0x20, 0x2b,
    0xff, 0xb2, 0x0, 0x3, 0xae, 0xfd, 0xbf, 0xd1,
    0xb, 0xb0, 0x0, 0x7, 0xff, 0xff, 0xff, 0xff,
    0xd1, 0x22, 0x0, 0x8, 0xff, 0x83, 0x1e, 0xff,
    0xff, 0xd0, 0x0, 0x3, 0xff, 0x40, 0x48, 0xff,
    0xff, 0xff, 0x20, 0x0, 0xaf, 0x80, 0xaf, 0xff,
    0xff, 0xff, 0xb0, 0x0, 0xe, 0xf3, 0x4f, 0xff,
    0xff, 0xff, 0xfd, 0x0, 0x0, 0xff, 0x18, 0xff,
    0xff, 0xff, 0xff, 0xf0, 0x0, 0xe, 0xfe, 0xff,
    0xff, 0xff, 0xff, 0xfe, 0x0, 0x0, 0xaf, 0xff,
    0xff, 0xff, 0xff, 0xff, 0xa0, 0x0, 0x3, 0xff,
    0xff, 0xff, 0xff, 0xff, 0xf3, 0x0, 0x0, 0x8,
    0xff, 0xff, 0xff, 0xff, 0xf7, 0x0, 0x0, 0x0,
    0x8, 0xff, 0xff, 0xff, 0xf8, 0x0, 0x0, 0x0,
    0x0, 0x3, 0xae, 0xfe, 0xa3, 0x0, 0x0, 0x0,
    0x0,

    /* U+F1E6 "" */
    0x0, 0xb, 0xb0, 0x0, 0xb, 0xb0, 0x0, 0x0,
    0xf, 0xf0, 0x0, 0xf, 0xf0, 0x0, 0x0, 0xf,
    0xf0, 0x0, 0xf, 0xf0, 0x0, 0x0, 0xf, 0xf0,
    0x0, 0xf, 0xf0, 0x0, 0xbf, 0xff, 0xff, 0xff,
    0xff, 0xff, 0xfb, 0xbf, 0xff, 0xff, 0xff, 0xff,
    0xff, 0xfb, 0xf, 0xff, 0xff, 0xff, 0xff, 0xff,
    0xf0, 0xf, 0xff, 0xff, 0xff, 0xff, 0xff, 0xf0,
    0xe, 0xff, 0xff, 0xff, 0xff, 0xff, 0xe0, 0xb,
    0xff, 0xff, 0xff, 0xff, 0xff, 0xb0, 0x6, 0xff,
    0xff, 0xff, 0xff, 0xff, 0x60, 0x0, 0xcf, 0xff,
    0xff, 0xff, 0xfc, 0x0, 0x0, 0x1c, 0xff, 0xff,
    0xff, 0xc1, 0x0, 0x0, 0x0, 0x6b, 0xff, 0xb6,
    0x0, 0x0, 0x0, 0x0, 0x0, 0xff, 0x0, 0x0,
    0x0, 0x0, 0x0, 0x0, 0xff, 0x0, 0x0, 0x0,
    0x0, 0x0, 0x0, 0xbb, 0x0, 0x0, 0x0,

    /* U+F1EB "" */
    0x0, 0x0, 0x1, 0x6b, 0xdf, 0xfd, 0xb6, 0x10,
    0x0, 0x0, 0x0, 0x1, 0x9f, 0xff, 0xff, 0xff,
    0xff, 0xf9, 0x10, 0x0, 0x0, 0x5f, 0xff, 0xa5,
    0x20, 0x2, 0x5a, 0xff, 0xf5, 0x0, 0x7, 0xff,
    0xb2, 0x0, 0x0, 0x0, 0x0, 0x2b, 0xff, 0x70,
    0xe, 0xf7, 0x0, 0x0, 0x0, 0x0, 0x0, 0x0,
    0x7f, 0xe0, 0x3, 0x30, 0x0, 0x0, 0x13, 0x31,
    0x0, 0x0, 0x3, 0x30, 0x0, 0x0, 0x0, 0x4c,
    0xff, 0xff, 0xc4, 0x0, 0x0, 0x0, 0x0, 0x0,
    0x8, 0xff, 0xfd, 0xdf, 0xff, 0x90, 0x0, 0x0,
    0x0, 0x0, 0x6f, 0xf6, 0x0, 0x0, 0x7f, 0xf5,
    0x0, 0x0, 0x0, 0x0, 0x18, 0x20, 0x0, 0x0,
    0x3, 0xa2, 0x0, 0x0, 0x0, 0x0, 0x0, 0x0,
    0x0, 0x0, 0x0, 0x0, 0x0, 0x0, 0x0, 0x0,
    0x0, 0x0, 0x1c, 0xc1, 0x0, 0x0, 0x0, 0x0,
    0x0, 0x0, 0x0, 0x0, 0x6f, 0xf6, 0x0, 0x0,
    0x0, 0x0, 0x0, 0x0, 0x0, 0x0, 0x1c, 0xc1,
    0x0, 0x0, 0x0, 0x0,

    /* U+F1F8 "" */
    0x0, 0x0, 0x27, 0x77, 0x72, 0x0, 0x0, 0x0,
    0x0, 0xdf, 0xff, 0xfd, 0x0, 0x0, 0xbf, 0xff,
    0xff, 0xff, 0xff, 0xff, 0xfb, 0xbf, 0xff, 0xff,
    0xff, 0xff, 0xff, 0xfb, 0x0, 0x0, 0x0, 0x0,
    0x0, 0x0, 0x0, 0x7, 0x77, 0x77, 0x77, 0x77,
    0x77, 0x70, 0xe, 0xff, 0xff, 0xff, 0xff, 0xff,
    0xe0, 0xd, 0xff, 0xff, 0xff, 0xff, 0xff, 0xd0,
    0xc, 0xff, 0xff, 0xff, 0xff, 0xff, 0xc0, 0xb,
    0xff, 0xff, 0xff, 0xff, 0xff, 0xb0, 0xa, 0xff,
    0xff, 0xff, 0xff, 0xff, 0xa0, 0x9, 0xff, 0xff,
    0xff, 0xff, 0xff, 0x90, 0x8, 0xff, 0xff, 0xff,
    0xff, 0xff, 0x80, 0x7, 0xff, 0xff, 0xff, 0xff,
    0xff, 0x70, 0x6, 0xff, 0xff, 0xff, 0xff, 0xff,
    0x60, 0x5, 0xff, 0xff, 0xff, 0xff, 0xff, 0x50,
    0x0, 0xbf, 0xff, 0xff, 0xff, 0xfb, 0x0,

    /* U+F206 "" */
    0x0, 0x0, 0x0, 0x0, 0x0, 0x8f, 0xff, 0xc0,
    0x0, 0x0, 0x0, 0x0, 0x0, 0x0, 0x0, 0x8f,
    0xa8, 0x50, 0x0, 0x0, 0x0, 0x0, 0xdf, 0xe2,
    0x0, 0x1f, 0xa0, 0x0, 0x0, 0x0, 0x0, 0x0,
    0x58, 0xfc, 0x88, 0x8d, 0xf2, 0x0, 0x0, 0x0,
    0x0, 0x0, 0x0, 0xcf, 0xff, 0xff, 0xfa, 0x0,
    0x0, 0x0, 0x0, 0x0, 0x3, 0xff, 0x70, 0x3f,
    0xef, 0x20, 0x0, 0x0, 0x0, 0x6c, 0xff, 0xeb,
    0xe0, 0xbe, 0x2f, 0xff, 0xc6, 0x0, 0x8, 0xff,
    0xef, 0x74, 0xf9, 0xf7, 0x8f, 0xfd, 0xff, 0x80,
    0x2f, 0xc1, 0xbe, 0x0, 0xdf, 0xe3, 0xfd, 0xf9,
    0x1d, 0xf2, 0x6f, 0x51, 0xff, 0xff, 0xff, 0x76,
    0xf5, 0x9f, 0x15, 0xf6, 0x6f, 0x50, 0x68, 0xbf,
    0xa7, 0x6, 0xf5, 0x1a, 0x15, 0xf6, 0x2f, 0xc1,
    0x1, 0xef, 0x20, 0x2, 0xfc, 0x10, 0x1d, 0xf2,
    0x8, 0xff, 0xdf, 0xf8, 0x0, 0x0, 0x8f, 0xfc,
    0xff, 0x80, 0x0, 0x6c, 0xfc, 0x60, 0x0, 0x0,
    0x6, 0xcf, 0xc6, 0x0,

    /* U+F21B "" */
    0x0, 0x0, 0x13, 0x1, 0x30, 0x0, 0x0, 0x0,
    0x1, 0xef, 0xff, 0xf9, 0x0, 0x0, 0x0, 0x7,
    0xff, 0xff, 0xff, 0x10, 0x0, 0x0, 0xd, 0xff,
    0xff, 0xff, 0x60, 0x0, 0x8, 0xff, 0xff, 0xff,
    0xff, 0xff, 0x20, 0x3, 0x9f, 0xff, 0xff, 0xff,
    0xe7, 0x0, 0x0, 0x3f, 0xff, 0xdf, 0xff, 0xc0,
    0x0, 0x0, 0xf, 0xea, 0x15, 0xbf, 0x90, 0x0,
    0x8, 0xff, 0xf6, 0x13, 0xbf, 0xfe, 0x20, 0x8,
    0xff, 0xff, 0xff, 0xff, 0xff, 0x20, 0x3, 0xfe,
    0x35, 0x76, 0x47, 0xfc, 0x0, 0x0, 0xef, 0x24,
    0x77, 0x19, 0xf7, 0x0, 0x4, 0xff, 0x77, 0xfe,
    0x1e, 0xfc, 0x0, 0x1e, 0xff, 0xc0, 0xd6, 0x3f,
    0xff, 0x90, 0x7f, 0xff, 0xf3, 0xfa, 0x9f, 0xff,
    0xf0, 0xaf, 0xff, 0xfd, 0xff, 0xef, 0xff, 0xf3,
    0x7f, 0xff, 0xff, 0xff, 0xff, 0xff, 0xe1,

    /* U+F233 "" */
    0x4e, 0xff, 0xff, 0xff, 0xff, 0xff, 0xe4, 0xef,
    0xff, 0xff, 0xff, 0xff, 0xff, 0xfe, 0xff, 0xff,
    0xff, 0xff, 0x6e, 0xa7, 0xff, 0xff, 0xff, 0xff,
    0xff, 0x6e, 0xa7, 0xff, 0xef, 0xff, 0xff, 0xff,
    0xff, 0xff, 0xfe, 0x4e, 0xff, 0xff, 0xff, 0xff,
    0xff, 0xe4, 0x0, 0x0, 0x0, 0x0, 0x0, 0x0,
    0x0, 0x0, 0x0, 0x0, 0x0, 0x0, 0x0, 0x0,
    0x4e, 0xff, 0xff, 0xff, 0xff, 0xff, 0xe4, 0xef,
    0xff, 0xff, 0xff, 0xff, 0xff, 0xfe, 0xff, 0xff,
    0xff, 0xff, 0x6e, 0xa7, 0xff, 0xff, 0xff, 0xff,
    0xff, 0x6e, 0xa7, 0xff, 0xef, 0xff, 0xff, 0xff,
    0xff, 0xff, 0xfe, 0x4e, 0xff, 0xff, 0xff, 0xff,
    0xff, 0xe4,

    /* U+F236 "" */
    0xbb, 0x0, 0x0, 0x0, 0x0, 0x0, 0x0, 0x0,
    0x0, 0xff, 0x0, 0x0, 0x0, 0x0, 0x0, 0x0,
    0x0, 0x0, 0xff, 0x0, 0x0, 0x0, 0x0, 0x0,
    0x0, 0x0, 0x0, 0xff, 0x1, 0xce, 0x80, 0xb,
    0xff, 0xff, 0xfe, 0x80, 0xff, 0x9, 0xff, 0xf2,
    0xf, 0xff, 0xff, 0xff, 0xf8, 0xff, 0x9, 0xff,
    0xf2, 0xf, 0xff, 0xff, 0xff, 0xfe, 0xff, 0x1,
    0xcf, 0x80, 0xf, 0xff, 0xff, 0xff, 0xff, 0xff,
    0x0, 0x0, 0x0, 0xf, 0xff, 0xff, 0xff, 0xff,
    0xff, 0xff, 0xff, 0xff, 0xff, 0xff, 0xff, 0xff,
    0xff, 0xff, 0xff, 0xff, 0xff, 0xff, 0xff, 0xff,
    0xff, 0xff, 0xff, 0xff, 0xff, 0xff, 0xff, 0xff,
    0xff, 0xff, 0xff, 0xff, 0x0, 0x0, 0x0, 0x0,
    0x0, 0x0, 0x0, 0xff, 0xff, 0x0, 0x0, 0x0,
    0x0, 0x0, 0x0, 0x0, 0xff, 0xbb, 0x0, 0x0,
    0x0, 0x0, 0x0, 0x0, 0x0, 0xbb,

    /* U+F240 "" */
    0x1b, 0xff, 0xff, 0xff, 0xff, 0xff, 0xff, 0xff,
    0xb1, 0xb, 0xff, 0xff, 0xff, 0xff, 0xff, 0xff,
    0xff, 0xff, 0xb0, 0xff, 0x10, 0x0, 0x0, 0x0,
    0x0, 0x0, 0x2, 0xff, 0xf, 0xf0, 0x14, 0x44,
    0x44, 0x44, 0x44, 0x30, 0xf, 0xf0, 0xff, 0xa,
    0xff, 0xff, 0xff, 0xff, 0xff, 0x30, 0xff, 0x8f,
    0xf0, 0xbf, 0xff, 0xff, 0xff, 0xff, 0xf4, 0xf,
    0xff, 0xff, 0xb, 0xff, 0xff, 0xff, 0xff, 0xff,
    0x40, 0xff, 0xff, 0xf0, 0xbf, 0xff, 0xff, 0xff,
    0xff, 0xf4, 0xf, 0xfd, 0xff, 0x5, 0xbb, 0xbb,
    0xbb, 0xbb, 0xba, 0x10, 0xff, 0xf, 0xf1, 0x0,
    0x0, 0x0, 0x0, 0x0, 0x0, 0x1f, 0xf0, 0xbf,
    0xff, 0xff, 0xff, 0xff, 0xff, 0xff, 0xff, 0xfc,
    0x1, 0xbf, 0xff, 0xff, 0xff, 0xff, 0xff, 0xff,
    0xfb, 0x20,

    /* U+F241 "" */
    0x1b, 0xff, 0xff, 0xff, 0xff, 0xff, 0xff, 0xff,
    0xb1, 0xb, 0xff, 0xff, 0xff, 0xff, 0xff, 0xff,
    0xff, 0xff, 0xb0, 0xff, 0x10, 0x0, 0x0, 0x0,
    0x0, 0x0, 0x2, 0xff, 0xf, 0xf0, 0x4, 0x44,
    0x44, 0x44, 0x20, 0x0, 0xf, 0xf0, 0xff, 0x7,
    0xff, 0xff, 0xff, 0xff, 0x0, 0x0, 0xff, 0x8f,
    0xf0, 0x7f, 0xff, 0xff, 0xff, 0xf0, 0x0, 0xf,
    0xff, 0xff, 0x7, 0xff, 0xff, 0xff, 0xff, 0x0,
    0x0, 0xff, 0xff, 0xf0, 0x7f, 0xff, 0xff, 0xff,
    0xf0, 0x0, 0xf, 0xfd, 0xff, 0x3, 0xbb, 0xbb,
    0xbb, 0xb8, 0x0, 0x0, 0xff, 0xf, 0xf1, 0x0,
    0x0, 0x0, 0x0, 0x0, 0x0, 0x1f, 0xf0, 0xbf,
    0xff, 0xff, 0xff, 0xff, 0xff, 0xff, 0xff, 0xfc,
    0x1, 0xbf, 0xff, 0xff, 0xff, 0xff, 0xff, 0xff,
    0xfb, 0x20,

    /* U+F242 "" */
    0x1b, 0xff, 0xff, 0xff, 0xff, 0xff, 0xff, 0xff,
    0xb1, 0xb, 0xff, 0xff, 0xff, 0xff, 0xff, 0xff,
    0xff, 0xff, 0xb0, 0xff, 0x10, 0x0, 0x0, 0x0,
    0x0, 0x0, 0x2, 0xff, 0xf, 0xf0, 0x14, 0x44,
    0x43, 0x0, 0x0, 0x0, 0xf, 0xf0, 0xff, 0xa,
    0xff, 0xff, 0xf3, 0x0, 0x0, 0x0, 0xff, 0x8f,
    0xf0, 0xbf, 0xff, 0xff, 0x40, 0x0, 0x0, 0xf,
    0xff, 0xff, 0xb, 0xff, 0xff, 0xf4, 0x0, 0x0,
    0x0, 0xff, 0xff, 0xf0, 0xbf, 0xff, 0xff, 0x40,
    0x0, 0x0, 0xf, 0xfd, 0xff, 0x5, 0xbb, 0xbb,
    0xa1, 0x0, 0x0, 0x0, 0xff, 0xf, 0xf1, 0x0,
    0x0, 0x0, 0x0, 0x0, 0x0, 0x1f, 0xf0, 0xbf,
    0xff, 0xff, 0xff, 0xff, 0xff, 0xff, 0xff, 0xfc,
    0x1, 0xbf, 0xff, 0xff, 0xff, 0xff, 0xff, 0xff,
    0xfb, 0x20,

    /* U+F243 "" */
    0x1b, 0xff, 0xff, 0xff, 0xff, 0xff, 0xff, 0xff,
    0xb1, 0xb, 0xff, 0xff, 0xff, 0xff, 0xff, 0xff,
    0xff, 0xff, 0xb0, 0xff, 0x10, 0x0, 0x0, 0x0,
    0x0, 0x0, 0x2, 0xff, 0xf, 0xf0, 0x4, 0x42,
    0x0, 0x0, 0x0, 0x0, 0xf, 0xf0, 0xff, 0x7,
    0xff, 0xf0, 0x0, 0x0, 0x0, 0x0, 0xff, 0x8f,
    0xf0, 0x7f, 0xff, 0x0, 0x0, 0x0, 0x0, 0xf,
    0xff, 0xff, 0x7, 0xff, 0xf0, 0x0, 0x0, 0x0,
    0x0, 0xff, 0xff, 0xf0, 0x7f, 0xff, 0x0, 0x0,
    0x0, 0x0, 0xf, 0xfd, 0xff, 0x3, 0xbb, 0x80,
    0x0, 0x0, 0x0, 0x0, 0xff, 0xf, 0xf1, 0x0,
    0x0, 0x0, 0x0, 0x0, 0x0, 0x1f, 0xf0, 0xbf,
    0xff, 0xff, 0xff, 0xff, 0xff, 0xff, 0xff, 0xfc,
    0x1, 0xbf, 0xff, 0xff, 0xff, 0xff, 0xff, 0xff,
    0xfb, 0x20,

    /* U+F244 "" */
    0x1b, 0xff, 0xff, 0xff, 0xff, 0xff, 0xff, 0xff,
    0xb1, 0xb, 0xff, 0xff, 0xff, 0xff, 0xff, 0xff,
    0xff, 0xff, 0xb0, 0xff, 0x10, 0x0, 0x0, 0x0,
    0x0, 0x0, 0x2, 0xff, 0xf, 0xf0, 0x0, 0x0,
    0x0, 0x0, 0x0, 0x0, 0xf, 0xf0, 0xff, 0x0,
    0x0, 0x0, 0x0, 0x0, 0x0, 0x0, 0xff, 0xbf,
    0xf0, 0x0, 0x0, 0x0, 0x0, 0x0, 0x0, 0xf,
    0xff, 0xff, 0x0, 0x0, 0x0, 0x0, 0x0, 0x0,
    0x0, 0xff, 0xff, 0xf0, 0x0, 0x0, 0x0, 0x0,
    0x0, 0x0, 0xf, 0xfb, 0xff, 0x0, 0x0, 0x0,
    0x0, 0x0, 0x0, 0x0, 0xff, 0xf, 0xf2, 0x0,
    0x0, 0x0, 0x0, 0x0, 0x0, 0x1f, 0xf0, 0xbf,
    0xff, 0xff, 0xff, 0xff, 0xff, 0xff, 0xff, 0xfb,
    0x1, 0xbf, 0xff, 0xff, 0xff, 0xff, 0xff, 0xff,
    0xfb, 0x10,

    /* U+F290 "" */
    0x0, 0x0, 0x19, 0xee, 0x91, 0x0, 0x0, 0x0,
    0x0, 0xcf, 0x99, 0xfc, 0x0, 0x0, 0x0, 0x4,
    0xf5, 0x0, 0x5f, 0x40, 0x0, 0x0, 0x7, 0xf0,
    0x0, 0xf, 0x70, 0x0, 0x0, 0x7, 0xf0, 0x0,
    0xf, 0x70, 0x0, 0x6f, 0xff, 0xff, 0xff, 0xff,
    0xff, 0xf7, 0xff, 0xfe, 0xaf, 0xff, 0xfa, 0xef,
    0xff, 0xff, 0xfa, 0x3f, 0xff, 0xf3, 0xaf, 0xff,
    0xff, 0xff, 0xff, 0xff, 0xff, 0xff, 0xff, 0xff,
    0xff, 0xff, 0xff, 0xff, 0xff, 0xff, 0xff, 0xff,
    0xff, 0xff, 0xff, 0xff, 0xff, 0xff, 0xff, 0xff,
    0xff, 0xff, 0xff, 0xff, 0xff, 0xff, 0xff, 0xff,
    0xff, 0xff, 0xff, 0xef, 0xff, 0xff, 0xff, 0xff,
    0xff, 0xfe, 0x8f, 0xff, 0xff, 0xff, 0xff, 0xff,
    0xf8, 0x8, 0xef, 0xff, 0xff, 0xff, 0xfe, 0x80,

    /* U+F2C7 "" */
    0x0, 0x8, 0xee, 0x80, 0x0, 0x0, 0x8f, 0xff,
    0xf8, 0x0, 0x0, 0xef, 0x99, 0xfe, 0x0, 0x0,
    0xff, 0x33, 0xff, 0x0, 0x0, 0xff, 0x33, 0xff,
    0x0, 0x0, 0xff, 0x33, 0xff, 0x0, 0x0, 0xff,
    0x33, 0xff, 0x0, 0x0, 0xff, 0x33, 0xff, 0x0,
    0x4, 0xff, 0x33, 0xff, 0x40, 0xe, 0xff, 0x33,
    0xff, 0xe0, 0x4f, 0xf6, 0x0, 0x5f, 0xf4, 0x7f,
    0xf1, 0x0, 0x1f, 0xf7, 0x4f, 0xf5, 0x0, 0x5f,
    0xf4, 0xe, 0xff, 0x99, 0xff, 0xe0, 0x4, 0xff,
    0xff, 0xff, 0x40, 0x0, 0x2a, 0xee, 0xa2, 0x0,

    /* U+F2CD "" */
    0x2, 0xcf, 0xa1, 0x0, 0x0, 0x0, 0x0, 0x0,
    0xc, 0xff, 0xfe, 0xfb, 0x60, 0x0, 0x0, 0x0,
    0xf, 0xf2, 0xef, 0xff, 0xf1, 0x0, 0x0, 0x0,
    0xf, 0xf0, 0xff, 0xff, 0x50, 0x0, 0x0, 0x0,
    0xf, 0xf0, 0xbf, 0xf5, 0x0, 0x0, 0x0, 0x0,
    0xf, 0xf0, 0x6f, 0x50, 0x0, 0x0, 0x0, 0x0,
    0xf, 0xf0, 0x1, 0x0, 0x0, 0x0, 0x0, 0x0,
    0xf, 0xf0, 0x0, 0x0, 0x0, 0x0, 0x0, 0x0,
    0xbf, 0xff, 0xff, 0xff, 0xff, 0xff, 0xff, 0xfb,
    0xbf, 0xff, 0xff, 0xff, 0xff, 0xff, 0xff, 0xfb,
    0xf, 0xff, 0xff, 0xff, 0xff, 0xff, 0xff, 0xf0,
    0xf, 0xff, 0xff, 0xff, 0xff, 0xff, 0xff, 0xf0,
    0xc, 0xff, 0xff, 0xff, 0xff, 0xff, 0xff, 0xc0,
    0x3, 0xff, 0xff, 0xff, 0xff, 0xff, 0xff, 0x30,
    0x0, 0xff, 0x77, 0x77, 0x77, 0x77, 0xff, 0x0,
    0x0, 0xbb, 0x0, 0x0, 0x0, 0x0, 0xbb, 0x0,

    /* U+F2DC "" */
    0x0, 0x0, 0x0, 0x0, 0xbb, 0x0, 0x0, 0x0,
    0x0, 0x0, 0x0, 0x0, 0x0, 0xff, 0x0, 0x0,
    0x0, 0x0, 0x0, 0x0, 0x0, 0x67, 0xff, 0x76,
    0x0, 0x0, 0x0, 0x0, 0x0, 0x42, 0x7f, 0xff,
    0xf7, 0x14, 0x0, 0x0, 0xa, 0xd5, 0xda, 0x9,
    0xff, 0x80, 0xae, 0x5d, 0xa0, 0xa, 0xff, 0xfe,
    0x0, 0xff, 0x0, 0xef, 0xff, 0xa0, 0x0, 0x6f,
    0xff, 0x91, 0xff, 0x19, 0xff, 0xf6, 0x0, 0x0,
    0xcf, 0xff, 0xfe, 0xff, 0xef, 0xff, 0xfc, 0x0,
    0x0, 0x45, 0x12, 0xbf, 0xff, 0xfb, 0x21, 0x54,
    0x0, 0x0, 0x45, 0x12, 0xbf, 0xff, 0xfb, 0x21,
    0x54, 0x0, 0x0, 0xcf, 0xff, 0xfe, 0xff, 0xef,
    0xff, 0xfc, 0x0, 0x0, 0x6f, 0xff, 0x91, 0xff,
    0x19, 0xff, 0xf6, 0x0, 0xa, 0xff, 0xfe, 0x0,
    0xff, 0x0, 0xef, 0xff, 0xa0, 0xa, 0xd5, 0xda,
    0x8, 0xff, 0x80, 0xae, 0x5d, 0xa0, 0x0, 0x0,
    0x42, 0x7f, 0xff, 0xf7, 0x24, 0x0, 0x0, 0x0,
    0x0, 0x0, 0x67, 0xff, 0x76, 0x0, 0x0, 0x0,
    0x0, 0x0, 0x0, 0x0, 0xff, 0x0, 0x0, 0x0,
    0x0, 0x0, 0x0, 0x0, 0x0, 0xbb, 0x0, 0x0,
    0x0, 0x0,

    /* U+F2E7 "" */
    0xc, 0x6, 0x60, 0xc0, 0x0, 0x0, 0x5d, 0xb1,
    0xf1, 0x99, 0x1f, 0x10, 0x0, 0x8f, 0xff, 0x3f,
    0x3a, 0xa3, 0xf3, 0x0, 0x4f, 0xff, 0xf5, 0xf4,
    0xcc, 0x4f, 0x40, 0xb, 0xff, 0xff, 0x6f, 0x7e,
    0xe7, 0xf6, 0x0, 0xef, 0xff, 0xf7, 0xff, 0xff,
    0xff, 0x70, 0xf, 0xff, 0xff, 0x2f, 0xff, 0xff,
    0xf2, 0x0, 0xff, 0xff, 0xf0, 0x5d, 0xff, 0xd5,
    0x0, 0xf, 0xff, 0xff, 0x0, 0xf, 0xf0, 0x0,
    0x0, 0xff, 0xff, 0xf0, 0x0, 0xff, 0x0, 0x0,
    0xe, 0xff, 0xff, 0x0, 0xf, 0xf0, 0x0, 0x0,
    0x4e, 0xff, 0xf0, 0x0, 0xff, 0x0, 0x0, 0x0,
    0x0, 0xff, 0x0, 0xf, 0xf0, 0x0, 0x0, 0x0,
    0xf, 0xf0, 0x0, 0xff, 0x0, 0x0, 0x0, 0x0,
    0xff, 0x0, 0xf, 0xf0, 0x0, 0x0, 0x0, 0xf,
    0xf0, 0x0, 0xbb, 0x0, 0x0, 0x0, 0x0, 0xbb,

    /* U+F2F1 "" */
    0x0, 0x0, 0x0, 0x0, 0x0, 0x0, 0x0, 0x0,
    0x0, 0x0, 0x29, 0xdf, 0xeb, 0x81, 0x0, 0x8c,
    0x0, 0x7, 0xff, 0xff, 0xff, 0xff, 0x79, 0xff,
    0x0, 0xaf, 0xf9, 0x41, 0x14, 0x9f, 0xff, 0xff,
    0x7, 0xfe, 0x30, 0x0, 0x0, 0xa, 0xff, 0xff,
    0x2f, 0xf4, 0x0, 0x0, 0x0, 0x8f, 0xff, 0xff,
    0x7f, 0x90, 0x0, 0x0, 0x0, 0xcf, 0xff, 0xfd,
    0xcf, 0x40, 0x0, 0x0, 0x0, 0x0, 0x0, 0x0,
    0xac, 0x0, 0x0, 0x0, 0x0, 0x0, 0x0, 0x0,
    0x0, 0x0, 0x0, 0x0, 0x0, 0x0, 0x0, 0xca,
    0x0, 0x0, 0x0, 0x0, 0x0, 0x0, 0x4, 0xfc,
    0xdf, 0xff, 0xfc, 0x0, 0x0, 0x0, 0x9, 0xf7,
    0xff, 0xff, 0xf8, 0x0, 0x0, 0x0, 0x4f, 0xf2,
    0xff, 0xff, 0xa0, 0x0, 0x0, 0x3, 0xef, 0x70,
    0xff, 0xff, 0xf9, 0x41, 0x14, 0x9f, 0xfb, 0x0,
    0xff, 0x98, 0xff, 0xff, 0xff, 0xff, 0x70, 0x0,
    0xc8, 0x0, 0x18, 0xbe, 0xfd, 0x92, 0x0, 0x0,
    0x0, 0x0, 0x0, 0x0, 0x0, 0x0, 0x0, 0x0,

    /* U+F2F6 "" */
    0x0, 0x0, 0x0, 0x0, 0x0, 0xbf, 0xfe, 0x80,
    0x0, 0x0, 0x1, 0x0, 0x0, 0xbf, 0xff, 0xf8,
    0x0, 0x0, 0xe, 0xc0, 0x0, 0x0, 0x4, 0xfe,
    0x0, 0x0, 0xf, 0xfc, 0x0, 0x0, 0x0, 0xff,
    0x0, 0x0, 0xf, 0xff, 0xc0, 0x0, 0x0, 0xff,
    0x6f, 0xff, 0xff, 0xff, 0xfc, 0x0, 0x0, 0xff,
    0xff, 0xff, 0xff, 0xff, 0xff, 0xb0, 0x0, 0xff,
    0xff, 0xff, 0xff, 0xff, 0xff, 0xb0, 0x0, 0xff,
    0x7f, 0xff, 0xff, 0xff, 0xfc, 0x0, 0x0, 0xff,
    0x0, 0x0, 0xf, 0xff, 0xc0, 0x0, 0x0, 0xff,
    0x0, 0x0, 0xf, 0xfc, 0x0, 0x0, 0x0, 0xff,
    0x0, 0x0, 0xe, 0xc0, 0x0, 0x0, 0x4, 0xfe,
    0x0, 0x0, 0x1, 0x0, 0x0, 0xbf, 0xff, 0xf8,
    0x0, 0x0, 0x0, 0x0, 0x0, 0xbf, 0xfe, 0x80,

    /* U+F3C5 "" */
    0x0, 0x6, 0xbe, 0xeb, 0x60, 0x0, 0x1, 0xcf,
    0xff, 0xff, 0xfc, 0x10, 0xc, 0xff, 0xff, 0xff,
    0xff, 0xc0, 0x6f, 0xff, 0xff, 0xff, 0xff, 0xf6,
    0xbf, 0xff, 0xb1, 0x1b, 0xff, 0xfb, 0xef, 0xff,
    0x10, 0x1, 0xff, 0xfe, 0xef, 0xff, 0x10, 0x1,
    0xff, 0xfe, 0xcf, 0xff, 0xb1, 0x1b, 0xff, 0xfc,
    0x7f, 0xff, 0xff, 0xff, 0xff, 0xf7, 0x1f, 0xff,
    0xff, 0xff, 0xff, 0xf1, 0x8, 0xff, 0xff, 0xff,
    0xff, 0x70, 0x0, 0xef, 0xff, 0xff, 0xfe, 0x0,
    0x0, 0x4f, 0xff, 0xff, 0xf4, 0x0, 0x0, 0x9,
    0xff, 0xff, 0x90, 0x0, 0x0, 0x0, 0xcf, 0xfc,
    0x0, 0x0, 0x0, 0x0, 0x1d, 0xd1, 0x0, 0x0,
    0x0, 0x0, 0x0, 0x0, 0x0, 0x0,

    /* U+F3FD "" */
    0x0, 0x0, 0x28, 0xdf, 0xfd, 0x82, 0x0, 0x0,
    0x0, 0x6, 0xff, 0xff, 0xff, 0xff, 0x60, 0x0,
    0x0, 0xbf, 0xff, 0xf4, 0x4f, 0xff, 0xfb, 0x0,
    0x6, 0xff, 0x9f, 0xf4, 0x4f, 0xff, 0xff, 0x60,
    0x2f, 0xf9, 0x9, 0xff, 0xff, 0x99, 0xff, 0xf2,
    0x9f, 0xfe, 0x9f, 0xff, 0xfe, 0x6, 0xff, 0xf8,
    0xdf, 0xff, 0xff, 0xff, 0xf6, 0xd, 0xff, 0xfd,
    0xff, 0x44, 0xff, 0xff, 0xe0, 0x6f, 0x44, 0xff,
    0xff, 0x44, 0xff, 0xff, 0x60, 0xef, 0x44, 0xff,
    0xdf, 0xff, 0xff, 0xb1, 0x5, 0xff, 0xff, 0xfd,
    0x9f, 0xff, 0xff, 0x10, 0x3, 0xff, 0xff, 0xf8,
    0x2f, 0xff, 0xff, 0x10, 0x1, 0xff, 0xff, 0xf2,
    0x6, 0xff, 0xff, 0xb1, 0x1b, 0xff, 0xff, 0x60,
    0x0, 0xbf, 0xff, 0xff, 0xff, 0xff, 0xfb, 0x0,
    0x0, 0x6, 0xff, 0xff, 0xff, 0xff, 0x60, 0x0,
    0x0, 0x0, 0x29, 0xdf, 0xfd, 0x92, 0x0, 0x0,

    /* U+F494 "" */
    0x0, 0x0, 0x0, 0x28, 0xcc, 0x82, 0x0, 0x0,
    0x0, 0x0, 0x3, 0x8d, 0xff, 0xff, 0xff, 0xd8,
    0x30, 0x0, 0x7, 0xdf, 0xff, 0xff, 0xff, 0xff,
    0xff, 0xfd, 0x70, 0xaf, 0xff, 0xff, 0xff, 0xff,
    0xff, 0xff, 0xff, 0xfa, 0xff, 0xff, 0xff, 0xff,
    0xff, 0xff, 0xff, 0xff, 0xff, 0xff, 0xff, 0xff,
    0xff, 0xff, 0xff, 0xff, 0xff, 0xff, 0xff, 0xb7,
    0x77, 0x77, 0x77, 0x77, 0x77, 0x7b, 0xff, 0xff,
    0x0, 0x0, 0x0, 0x0, 0x0, 0x0, 0x0, 0xff,
    0xff, 0xb, 0xff, 0xff, 0xff, 0xff, 0xff, 0x40,
    0xff, 0xff, 0xb, 0xff, 0xff, 0xff, 0xff, 0xff,
    0x40, 0xff, 0xff, 0x0, 0x0, 0x0, 0x0, 0x0,
    0x0, 0x0, 0xff, 0xff, 0xb, 0xff, 0xff, 0xff,
    0xff, 0xff, 0x40, 0xff, 0xff, 0xb, 0xff, 0xff,
    0xff, 0xff, 0xff, 0x40, 0xff, 0xff, 0x0, 0x0,
    0x0, 0x0, 0x0, 0x0, 0x0, 0xff, 0xff, 0xb,
    0xff, 0xff, 0xff, 0xff, 0xff, 0x40, 0xff, 0xbb,
    0xb, 0xff, 0xff, 0xff, 0xff, 0xff, 0x40, 0xbb,

    /* U+F52A "" */
    0x4, 0xef, 0xff, 0xff, 0xff, 0xfe, 0x40, 0xe,
    0xff, 0xff, 0xff, 0xff, 0xff, 0xe0, 0xf, 0xff,
    0xff, 0xff, 0xff, 0xff, 0xf0, 0xf, 0xff, 0xff,
    0xff, 0xff, 0xff, 0xf0, 0xf, 0xff, 0xff, 0xff,
    0xff, 0xff, 0xf0, 0xf, 0xff, 0xff, 0xff, 0xff,
    0xff, 0xf0, 0xf, 0xff, 0xff, 0xff, 0xff, 0xff,
    0xf0, 0xf, 0xff, 0xff, 0xff, 0xf4, 0x4f, 0xf0,
    0xf, 0xff, 0xff, 0xff, 0xf4, 0x4f, 0xf0, 0xf,
    0xff, 0xff, 0xff, 0xff, 0xff, 0xf0, 0xf, 0xff,
    0xff, 0xff, 0xff, 0xff, 0xf0, 0xf, 0xff, 0xff,
    0xff, 0xff, 0xff, 0xf0, 0xf, 0xff, 0xff, 0xff,
    0xff, 0xff, 0xf0, 0xf, 0xff, 0xff, 0xff, 0xff,
    0xff, 0xf0, 0xbf, 0xff, 0xff, 0xff, 0xff, 0xff,
    0xfb, 0xbf, 0xff, 0xff, 0xff, 0xff, 0xff, 0xfb,

    /* U+F54E "" */
    0x0, 0x7e, 0xff, 0xff, 0xff, 0xff, 0xff, 0xe7,
    0x0, 0x1, 0xff, 0xff, 0xff, 0xff, 0xff, 0xff,
    0xff, 0x20, 0x6, 0xff, 0xff, 0xff, 0xff, 0xff,
    0xff, 0xff, 0x60, 0xb, 0xff, 0xff, 0xff, 0xff,
    0xff, 0xff, 0xff, 0xb0, 0xc, 0xff, 0xff, 0xff,
    0xff, 0xff, 0xff, 0xff, 0xd0, 0x7, 0xff, 0xeb,
    0xff, 0xdc, 0xff, 0xbe, 0xff, 0x70, 0x0, 0x46,
    0x10, 0x56, 0x10, 0x65, 0x1, 0x64, 0x0, 0x0,
    0x20, 0x0, 0x0, 0x0, 0x0, 0x0, 0x2, 0x0,
    0x0, 0xff, 0x0, 0x0, 0x0, 0x0, 0x0, 0xff,
    0x0, 0x0, 0xff, 0x0, 0x0, 0x0, 0x0, 0x0,
    0xff, 0x0, 0x0, 0xff, 0xff, 0xff, 0xff, 0xff,
    0xff, 0xff, 0x0, 0x0, 0xff, 0xff, 0xff, 0xff,
    0xff, 0xff, 0xff, 0x0, 0x0, 0xff, 0xff, 0xff,
    0xff, 0xff, 0xff, 0xff, 0x0, 0x0, 0x7f, 0xff,
    0xff, 0xff, 0xff, 0xff, 0xf7, 0x0,

    /* U+F54F "" */
    0x0, 0x4d, 0xff, 0xff, 0xff, 0xff, 0xff, 0xa0,
    0x0, 0x0, 0xef, 0xff, 0xff, 0xff, 0xff, 0xff,
    0xf8, 0x0, 0x7, 0xff, 0xff, 0xff, 0xff, 0xff,
    0xff, 0xff, 0x10, 0xe, 0xff, 0xff, 0xff, 0xff,
    0xff, 0xff, 0xff, 0x80, 0x7f, 0xff, 0xff, 0xff,
    0xff, 0xff, 0xff, 0xff, 0xf1, 0x9f, 0xff, 0xff,
    0xff, 0xff, 0xff, 0xff, 0xff, 0xf3, 0x3d, 0xff,
    0xff, 0xff, 0xff, 0xff, 0xff, 0xff, 0xa0, 0x3,
    0xfc, 0x0, 0x0, 0x3f, 0xc0, 0x3, 0xfc, 0x0,
    0x3, 0xfc, 0x0, 0x0, 0x3f, 0xc0, 0x3, 0xfc,
    0x0, 0x3, 0xfc, 0x0, 0x0, 0x3f, 0xc0, 0x3,
    0xfc, 0x0, 0x3, 0xfd, 0x0, 0x0, 0x5f, 0xc0,
    0x3, 0xfc, 0x0, 0x3, 0xff, 0xff, 0xff, 0xff,
    0xc0, 0x3, 0xfc, 0x0, 0x2, 0xff, 0xff, 0xff,
    0xff, 0xb0, 0x3, 0xfc, 0x0, 0x0, 0xaf, 0xff,
    0xff, 0xfe, 0x40, 0x0, 0xd8, 0x0,

    /* U+F553 "" */
    0x0, 0x0, 0x7f, 0xf8, 0x0, 0x0, 0xaf, 0xe6,
    0x0, 0x0, 0x0, 0x8, 0xff, 0xfe, 0x10, 0x2,
    0xff, 0xff, 0x60, 0x0, 0x0, 0x8f, 0xff, 0xff,
    0xe9, 0x9f, 0xff, 0xff, 0xf7, 0x0, 0x9, 0xff,
    0xff, 0xff, 0xff, 0xff, 0xff, 0xff, 0xff, 0x70,
    0x6f, 0xff, 0xff, 0xff, 0xff, 0xff, 0xff, 0xff,
    0xff, 0xf4, 0x6f, 0xff, 0xff, 0xff, 0xff, 0xff,
    0xff, 0xff, 0xff, 0xf4, 0x8, 0xff, 0x8f, 0xff,
    0xff, 0xff, 0xff, 0xe9, 0xff, 0x70, 0x0, 0x64,
    0x1f, 0xff, 0xff, 0xff, 0xff, 0xe0, 0x64, 0x0,
    0x0, 0x0, 0x1f, 0xff, 0xff, 0xff, 0xff, 0xe0,
    0x0, 0x0, 0x0, 0x0, 0x1f, 0xff, 0xff, 0xff,
    0xff, 0xe0, 0x0, 0x0, 0x0, 0x0, 0x1f, 0xff,
    0xff, 0xff, 0xff, 0xe0, 0x0, 0x0, 0x0, 0x0,
    0x1f, 0xff, 0xff, 0xff, 0xff, 0xe0, 0x0, 0x0,
    0x0, 0x0, 0x1f, 0xff, 0xff, 0xff, 0xff, 0xe0,
    0x0, 0x0, 0x0, 0x0, 0xf, 0xff, 0xff, 0xff,
    0xff, 0xc0, 0x0, 0x0, 0x0, 0x0, 0x5, 0xef,
    0xff, 0xff, 0xfd, 0x30, 0x0, 0x0,

    /* U+F5AA "" */
    0x4e, 0xff, 0xff, 0xff, 0xff, 0xfe, 0x40, 0x0,
    0xef, 0xff, 0xff, 0xff, 0xff, 0xff, 0xe0, 0x0,
    0xff, 0xff, 0xff, 0xff, 0xff, 0xff, 0xff, 0xb1,
    0xff, 0xff, 0xff, 0xff, 0xff, 0xff, 0xff, 0xfb,
    0xef, 0xff, 0xff, 0xff, 0xff, 0xff, 0xe2, 0xff,
    0x4e, 0xff, 0xff, 0xff, 0xff, 0xfe, 0x40, 0xff,
    0x0, 0x0, 0x0, 0x0, 0x0, 0x0, 0x0, 0xff,
    0x0, 0x0, 0x0, 0x0, 0x0, 0x0, 0x1, 0xff,
    0x0, 0x0, 0x0, 0x1b, 0xff, 0xff, 0xff, 0xfb,
    0x0, 0x0, 0x0, 0xbf, 0xff, 0xff, 0xff, 0xb1,
    0x0, 0x0, 0x0, 0xff, 0x10, 0x0, 0x0, 0x0,
    0x0, 0x0, 0x7, 0xff, 0x70, 0x0, 0x0, 0x0,
    0x0, 0x0, 0xf, 0xff, 0xf0, 0x0, 0x0, 0x0,
    0x0, 0x0, 0xf, 0xff, 0xf0, 0x0, 0x0, 0x0,
    0x0, 0x0, 0xf, 0xff, 0xf0, 0x0, 0x0, 0x0,
    0x0, 0x0, 0xf, 0xff, 0xf0, 0x0, 0x0, 0x0,
    0x0, 0x0, 0x7, 0xff, 0x70, 0x0, 0x0, 0x0,

    /* U+F5B0 "" */
    0x0, 0x0, 0x5b, 0xa2, 0x0, 0x0, 0x0, 0x0,
    0x0, 0x0, 0x0, 0x0, 0xdf, 0xff, 0xa2, 0x0,
    0x0, 0x0, 0x0, 0x0, 0x0, 0x0, 0x2f, 0xff,
    0xff, 0x91, 0x0, 0x28, 0xef, 0x40, 0x0, 0x0,
    0x4, 0xff, 0xff, 0xff, 0xad, 0xff, 0xff, 0xd0,
    0x0, 0x0, 0x0, 0x7f, 0xff, 0xff, 0xff, 0xff,
    0xff, 0x90, 0x8, 0x60, 0x0, 0x4f, 0xff, 0xff,
    0xff, 0xff, 0xc6, 0x0, 0x1f, 0xfc, 0x8e, 0xff,
    0xff, 0xff, 0xfe, 0x82, 0x0, 0x0, 0x7, 0xff,
    0xff, 0xff, 0xff, 0xfa, 0x40, 0x0, 0x0, 0x0,
    0x0, 0xdf, 0xff, 0xff, 0xb5, 0x0, 0x0, 0x0,
    0x0, 0x0, 0x0, 0x3e, 0xfc, 0x71, 0x0, 0x0,
    0x0, 0x0, 0x0, 0x0, 0x0, 0x0, 0x0, 0x0,
    0x0, 0x0, 0x0, 0x0, 0x0, 0x0, 0x0, 0x0,
    0x0, 0x0, 0x0, 0x0, 0x0, 0x0, 0x0, 0x0,
    0x0, 0x0, 0x0, 0x0, 0x0, 0x0, 0x0, 0x0,
    0x0, 0x0, 0xb, 0xff, 0xff, 0xff, 0xff, 0xff,
    0xff, 0xff, 0xff, 0xb0, 0xb, 0xff, 0xff, 0xff,
    0xff, 0xff, 0xff, 0xff, 0xff, 0xb0,

    /* U+F5DA "" */
    0x0, 0x0, 0x0, 0x28, 0x82, 0x0, 0x0, 0x0,
    0x0, 0x0, 0x3, 0xff, 0xff, 0x30, 0x0, 0x0,
    0x0, 0x0, 0xa, 0xff, 0xff, 0xa0, 0x0, 0x0,
    0x0, 0x0, 0xa, 0xff, 0xff, 0xa0, 0x0, 0x0,
    0x0, 0x0, 0x5, 0xff, 0xff, 0x50, 0x0, 0x0,
    0x0, 0x0, 0x0, 0x5c, 0xc5, 0x0, 0x0, 0x0,
    0x0, 0x0, 0x0, 0x0, 0x0, 0x0, 0x0, 0x0,
    0x6f, 0xfe, 0xc9, 0x40, 0x4, 0x9c, 0xef, 0xf7,
    0xff, 0xff, 0xff, 0xfe, 0xef, 0xff, 0xff, 0xff,
    0xff, 0xff, 0xff, 0xff, 0xfd, 0x73, 0x10, 0xff,
    0xff, 0xff, 0xff, 0xff, 0x30, 0x0, 0x0, 0xff,
    0xff, 0xff, 0xff, 0xff, 0x0, 0x0, 0x0, 0xff,
    0xff, 0xff, 0xff, 0xff, 0x0, 0x0, 0x0, 0xff,
    0xff, 0xff, 0xff, 0xff, 0x0, 0x0, 0x0, 0xff,
    0xff, 0xff, 0xff, 0xff, 0x15, 0xac, 0xef, 0xff,
    0x7f, 0xff, 0xff, 0xff, 0xff, 0xff, 0xff, 0xf7,
    0x0, 0x1, 0x37, 0xcf, 0xfc, 0x73, 0x10, 0x0,
    0x0, 0x0, 0x0, 0x1, 0x10, 0x0, 0x0, 0x0,

    /* U+F5E7 "" */
    0x7, 0xef, 0xff, 0xff, 0xc2, 0x0, 0x0, 0x0,
    0x1, 0xff, 0xff, 0xff, 0xff, 0xa0, 0x0, 0x0,
    0x0, 0x3f, 0xff, 0xfe, 0xbf, 0xfc, 0x0, 0x29,
    0x29, 0x3, 0xff, 0xfd, 0x28, 0xff, 0xc0, 0x3,
    0xc3, 0xc0, 0x3f, 0xfc, 0x10, 0xdf, 0xfc, 0x2,
    0xff, 0xff, 0xa3, 0xff, 0x20, 0x1, 0x9f, 0xc0,
    0x2f, 0xff, 0xfb, 0x3f, 0xff, 0x60, 0x4f, 0xfc,
    0x0, 0xef, 0xff, 0x73, 0xff, 0xf1, 0x6f, 0xff,
    0xc0, 0x2, 0xdf, 0x80, 0x3f, 0xff, 0xaf, 0xff,
    0xfc, 0x0, 0x7, 0xf0, 0x3, 0xff, 0xff, 0xff,
    0xff, 0xfd, 0x40, 0x7f, 0x0, 0x3f, 0xff, 0xff,
    0xff, 0xfe, 0xdf, 0x17, 0xf0, 0x3, 0xff, 0xff,
    0xff, 0xff, 0xc4, 0xf4, 0x7f, 0x0, 0x3f, 0xff,
    0xff, 0xff, 0xfc, 0x1f, 0xcd, 0xe0, 0x3, 0xff,
    0xff, 0xff, 0xff, 0xc0, 0x6e, 0xd4, 0x0, 0x4f,
    0xff, 0xff, 0xff, 0xfd, 0x0, 0x0, 0x0, 0x8,
    0xff, 0xff, 0xff, 0xff, 0xf2, 0x0, 0x0, 0x0,

    /* U+F5FD "" */
    0x0, 0x0, 0x0, 0x0, 0x0, 0x0, 0x0, 0x0,
    0x0, 0x0, 0x1, 0x7e, 0xe7, 0x10, 0x0, 0x0,
    0x0, 0x1, 0x8f, 0xff, 0xff, 0xf9, 0x10, 0x0,
    0x2, 0xaf, 0xff, 0xff, 0xff, 0xff, 0xfa, 0x20,
    0x9f, 0xff, 0xff, 0xff, 0xff, 0xff, 0xff, 0xf9,
    0x9f, 0xff, 0xff, 0xff, 0xff, 0xff, 0xff, 0xf9,
    0x2, 0xaf, 0xff, 0xff, 0xff, 0xff, 0xfa, 0x20,
    0x1, 0x1, 0x9f, 0xff, 0xff, 0xf9, 0x10, 0x10,
    0x9f, 0xb4, 0x1, 0x7e, 0xe7, 0x10, 0x4b, 0xf9,
    0x9f, 0xff, 0xc5, 0x0, 0x0, 0x5c, 0xff, 0xf9,
    0x2, 0xaf, 0xff, 0xe9, 0x9e, 0xff, 0xfa, 0x20,
    0x1, 0x1, 0x9f, 0xff, 0xff, 0xf9, 0x10, 0x10,
    0x9f, 0xb4, 0x1, 0x7e, 0xe7, 0x10, 0x4b, 0xf9,
    0x9f, 0xff, 0xc5, 0x0, 0x0, 0x5c, 0xff, 0xf9,
    0x2, 0xaf, 0xff, 0xe9, 0x9e, 0xff, 0xfa, 0x20,
    0x0, 0x1, 0x9f, 0xff, 0xff, 0xf9, 0x10, 0x0,
    0x0, 0x0, 0x1, 0x7e, 0xe7, 0x10, 0x0, 0x0,
    0x0, 0x0, 0x0, 0x0, 0x0, 0x0, 0x0, 0x0,

    /* U+F6FC "" */
    0x0, 0x0, 0x0, 0x0, 0xbd, 0x10, 0x0, 0x0,
    0x0, 0x0, 0x0, 0x0, 0x8, 0xff, 0x90, 0x0,
    0x0, 0x0, 0x0, 0x0, 0x0, 0x1f, 0xff, 0xf2,
    0x0, 0x0, 0x0, 0x0, 0x0, 0x0, 0x9f, 0xaa,
    0xfa, 0x0, 0x0, 0x0, 0x0, 0x0, 0x2, 0xff,
    0x21, 0xff, 0x30, 0x0, 0x0, 0x0, 0x0, 0xa,
    0xf8, 0x0, 0x8f, 0xb0, 0x0, 0x0, 0x0, 0x0,
    0x3f, 0xf1, 0x0, 0x1e, 0xf4, 0x0, 0x0, 0x0,
    0x0, 0xcf, 0x80, 0x1d, 0xff, 0xfc, 0x0, 0x0,
    0x0, 0x4, 0xff, 0xd5, 0xdf, 0xff, 0xff, 0x50,
    0x0, 0x0, 0xd, 0xff, 0xff, 0xff, 0xff, 0xff,
    0xd0, 0x0, 0x0, 0x6f, 0xff, 0xff, 0xff, 0xff,
    0xff, 0xf7, 0x0, 0x0, 0xef, 0xff, 0xff, 0xff,
    0xff, 0xff, 0xfe, 0x0, 0x7, 0xff, 0xff, 0xff,
    0xff, 0xff, 0xff, 0xff, 0x80, 0xe, 0xff, 0xff,
    0xff, 0xff, 0xff, 0xff, 0xff, 0xe0, 0x9, 0xff,
    0xff, 0xff, 0xff, 0xff, 0xff, 0xff, 0xa0,

    /* U+F72E "" */
    0x0, 0x0, 0x0, 0x0, 0xb, 0xff, 0xa0, 0x0,
    0x0, 0x0, 0x0, 0x0, 0xb, 0xff, 0xf9, 0x0,
    0x0, 0x0, 0x0, 0x0, 0x0, 0x3, 0xfe, 0x0,
    0x14, 0x44, 0x44, 0x44, 0x44, 0x47, 0xfe, 0x0,
    0xef, 0xff, 0xff, 0xff, 0xff, 0xff, 0xf7, 0x0,
    0x7b, 0xbb, 0xbb, 0xbb, 0xbb, 0xba, 0x50, 0x0,
    0x0, 0x0, 0x0, 0x0, 0x0, 0x0, 0x0, 0x0,
    0xbf, 0xff, 0xff, 0xff, 0xff, 0xff, 0xfe, 0x80,
    0xbf, 0xff, 0xff, 0xff, 0xff, 0xff, 0xff, 0xf8,
    0x0, 0x0, 0x0, 0x0, 0x0, 0x0, 0x4, 0xfe,
    0x47, 0x77, 0x77, 0x20, 0x0, 0x0, 0x4, 0xfe,
    0xef, 0xff, 0xff, 0xf5, 0x0, 0xb, 0xff, 0xf8,
    0x47, 0x77, 0x7a, 0xfd, 0x0, 0xb, 0xfe, 0x80,
    0x0, 0x0, 0x2, 0xfe, 0x0, 0x0, 0x0, 0x0,
    0x0, 0xb, 0xff, 0xfa, 0x0, 0x0, 0x0, 0x0,
    0x0, 0xb, 0xff, 0xa1, 0x0, 0x0, 0x0, 0x0,

    /* U+F773 "" */
    0x0, 0x0, 0x0, 0x0, 0x0, 0x0, 0x0, 0x0,
    0x0, 0x0, 0x6, 0xdf, 0xb3, 0x0, 0x2b, 0xfd,
    0x60, 0x0, 0x6, 0xdf, 0xc9, 0xef, 0xaa, 0xfe,
    0x9c, 0xfd, 0x60, 0xc, 0xc4, 0x0, 0x8, 0xdd,
    0x80, 0x0, 0x4c, 0xc0, 0x0, 0x0, 0x0, 0x0,
    0x0, 0x0, 0x0, 0x0, 0x0, 0x0, 0x0, 0x57,
    0x30, 0x0, 0x3, 0x75, 0x0, 0x0, 0x0, 0x5e,
    0xff, 0xfa, 0x22, 0xaf, 0xff, 0xe5, 0x0, 0xd,
    0xfc, 0x41, 0x7f, 0xff, 0xf7, 0x14, 0xcf, 0xd0,
    0x4, 0x40, 0x0, 0x1, 0x55, 0x10, 0x0, 0x4,
    0x40, 0x0, 0x0, 0x0, 0x0, 0x0, 0x0, 0x0,
    0x0, 0x0, 0x0, 0x6, 0xdf, 0xb3, 0x0, 0x2b,
    0xfd, 0x60, 0x0, 0x6, 0xdf, 0xc9, 0xef, 0xaa,
    0xfe, 0x9c, 0xfd, 0x60, 0xc, 0xc4, 0x0, 0x8,
    0xdd, 0x80, 0x0, 0x4c, 0xc0,

    /* U+F794 "" */
    0x2e, 0xff, 0x7, 0xff, 0x44, 0xff, 0x70, 0xff,
    0xe2, 0x8, 0xff, 0xd0, 0xaf, 0xf4, 0x4f, 0xfa,
    0xd, 0xff, 0x80, 0xdf, 0xfa, 0xd, 0xff, 0x44,
    0xff, 0x80, 0xaf, 0xfd, 0xd, 0xff, 0x70, 0xff,
    0xf4, 0x4e, 0x20, 0x4, 0x98, 0xc0, 0x0, 0x0,
    0x0, 0x0, 0x0, 0x0, 0xcc, 0x11, 0x0, 0x0,
    0x44, 0x44, 0x44, 0x44, 0x0, 0xbf, 0xfd, 0xfc,
    0x0, 0xf, 0xff, 0xff, 0xff, 0xc0, 0x9f, 0xff,
    0xff, 0xf9, 0x0, 0xdf, 0xff, 0xff, 0xf4, 0x3f,
    0xff, 0xff, 0xff, 0xf4, 0xb, 0xff, 0xff, 0xfd,
    0xb, 0xff, 0xfe, 0xef, 0xff, 0xb0, 0x8f, 0xff,
    0xff, 0xa0, 0xef, 0xfe, 0x11, 0xef, 0xfe, 0x5,
    0xff, 0xff, 0xf8, 0xe, 0xff, 0x40, 0x4, 0xff,
    0xe0, 0x2f, 0xfb, 0xbb, 0x70, 0xbf, 0xf0, 0x0,
    0xf, 0xfb, 0x0, 0xdd, 0x0, 0x0, 0x4, 0xff,
    0x50, 0x5, 0xff, 0x40, 0x1, 0x10, 0x0, 0x0,
    0x8, 0xff, 0x99, 0xff, 0x70, 0x0, 0x0, 0x0,
    0x0, 0x0, 0x4, 0xbe, 0xeb, 0x40, 0x0,

    /* U+F7B6 "" */
    0x0, 0x51, 0x1, 0x50, 0x0, 0x0, 0x0, 0x0,
    0x0, 0xe9, 0x6, 0xf1, 0x0, 0x0, 0x0, 0x0,
    0x0, 0x9f, 0x52, 0xfc, 0x0, 0x0, 0x0, 0x0,
    0x0, 0xc, 0xf1, 0x5f, 0x90, 0x0, 0x0, 0x0,
    0x0, 0x1, 0xf6, 0x9, 0xe0, 0x0, 0x0, 0x0,
    0x0, 0x0, 0x51, 0x1, 0x50, 0x0, 0x0, 0x0,
    0x0, 0x0, 0x0, 0x0, 0x0, 0x0, 0x0, 0x0,
    0xbf, 0xff, 0xff, 0xff, 0xff, 0xff, 0xea, 0x10,
    0xff, 0xff, 0xff, 0xff, 0xff, 0xff, 0xff, 0xe1,
    0xff, 0xff, 0xff, 0xff, 0xff, 0xff, 0x1b, 0xfa,
    0xff, 0xff, 0xff, 0xff, 0xff, 0xff, 0x1, 0xfe,
    0xff, 0xff, 0xff, 0xff, 0xff, 0xff, 0x1, 0xfe,
    0xff, 0xff, 0xff, 0xff, 0xff, 0xff, 0x1b, 0xfa,
    0xff, 0xff, 0xff, 0xff, 0xff, 0xff, 0xff, 0xe1,
    0xef, 0xff, 0xff, 0xff, 0xff, 0xff, 0xea, 0x10,
    0x8f, 0xff, 0xff, 0xff, 0xff, 0xf7, 0x0, 0x0,
    0x8, 0xef, 0xff, 0xff, 0xfe, 0x80, 0x0, 0x0,

    /* U+F7C0 "" */
    0x0, 0x0, 0x0, 0x5f, 0xda, 0x50, 0x0, 0x0,
    0x0, 0x0, 0x0, 0x18, 0xae, 0xfd, 0x30, 0x0,
    0x0, 0x0, 0x0, 0x0, 0x0, 0x5e, 0xf5, 0x0,
    0x0, 0x0, 0x0, 0x5e, 0xb7, 0x1, 0xcf, 0x30,
    0x2d, 0x70, 0x0, 0x18, 0xcf, 0xd2, 0x1e, 0xd0,
    0x8f, 0xf8, 0x0, 0x0, 0x3, 0xed, 0x5, 0xf5,
    0xdf, 0xff, 0x80, 0x0, 0x0, 0x3f, 0x70, 0xea,
    0xff, 0xff, 0xf8, 0x1c, 0xb0, 0xc, 0xb0, 0xad,
    0xff, 0xff, 0xff, 0xef, 0xc0, 0x8, 0xe0, 0x8f,
    0xdf, 0xff, 0xff, 0xfe, 0x10, 0x1, 0x50, 0x15,
    0x9f, 0xff, 0xff, 0xff, 0x80, 0x0, 0x0, 0x0,
    0x2f, 0xff, 0xff, 0xff, 0xf8, 0x0, 0x0, 0x0,
    0x7, 0xff, 0xff, 0xff, 0xff, 0x80, 0x0, 0x0,
    0x0, 0xbf, 0xff, 0xff, 0xff, 0xf7, 0x0, 0x0,
    0x0, 0x9, 0xff, 0xff, 0xff, 0xfd, 0x0, 0x0,
    0x0, 0x0, 0x29, 0xdf, 0xfd, 0x82, 0x0, 0x0,

    /* U+F7E4 "" */
    0x0, 0x0, 0xc, 0x50, 0x0, 0x0, 0x0, 0x0,
    0x7f, 0x90, 0x0, 0x0, 0x0, 0x0, 0xdf, 0xf2,
    0x0, 0x0, 0x0, 0x0, 0xff, 0xfe, 0x20, 0x0,
    0x0, 0x0, 0xcf, 0xff, 0xe3, 0x0, 0x1, 0x50,
    0x4f, 0xff, 0xfe, 0x20, 0xc, 0xf0, 0x7, 0xff,
    0xff, 0xc0, 0x6f, 0xf0, 0x0, 0x9f, 0xff, 0xf5,
    0xbf, 0xf0, 0x0, 0x1f, 0xff, 0xfa, 0xef, 0xf1,
    0x0, 0x1f, 0xff, 0xfe, 0xef, 0xfb, 0x11, 0xbf,
    0xff, 0xff, 0xbf, 0xff, 0xff, 0xff, 0xff, 0xfc,
    0x6f, 0xff, 0xff, 0xff, 0xff, 0xf9, 0xb, 0xff,
    0xff, 0xff, 0xff, 0xe1, 0x1, 0xbf, 0xff, 0xff,
    0xfe, 0x40, 0x0, 0x6, 0xbe, 0xfd, 0x91, 0x0,

    /* U+F863 "" */
    0x0, 0x0, 0x0, 0x7, 0xcd, 0x0, 0x0, 0x0,
    0x0, 0x0, 0x0, 0xbf, 0xff, 0x0, 0x0, 0x0,
    0x0, 0x0, 0x7, 0xff, 0xff, 0x0, 0x0, 0x0,
    0x0, 0x0, 0xc, 0xff, 0xff, 0x0, 0x0, 0x0,
    0x0, 0x0, 0xf, 0xff, 0xff, 0x0, 0x0, 0x0,
    0x0, 0x0, 0xd, 0xff, 0xff, 0xdf, 0xc7, 0x0,
    0xdf, 0xff, 0xff, 0xff, 0xff, 0xff, 0xff, 0xb0,
    0xcf, 0xff, 0xff, 0xf4, 0x4f, 0xff, 0xff, 0xf7,
    0x7f, 0xff, 0xff, 0xf4, 0x4f, 0xff, 0xff, 0xfc,
    0xb, 0xff, 0xff, 0xff, 0xff, 0xff, 0xff, 0xfd,
    0x0, 0x7c, 0xfd, 0xff, 0xff, 0xd0, 0x0, 0x0,
    0x0, 0x0, 0x0, 0xff, 0xff, 0xf0, 0x0, 0x0,
    0x0, 0x0, 0x0, 0xff, 0xff, 0xc0, 0x0, 0x0,
    0x0, 0x0, 0x0, 0xff, 0xff, 0x70, 0x0, 0x0,
    0x0, 0x0, 0x0, 0xff, 0xfc, 0x0, 0x0, 0x0,
    0x0, 0x0, 0x0, 0xdc, 0x70, 0x0, 0x0, 0x0,

    /* U+F8FF "" */
    0x4e, 0xff, 0xff, 0xff, 0xff, 0xff, 0xea, 0x10,
    0x0, 0xe, 0xff, 0xff, 0xff, 0xff, 0xff, 0xff,
    0xfe, 0x10, 0x0, 0xff, 0xff, 0xff, 0xff, 0xff,
    0xff, 0xff, 0xfa, 0x0, 0xf, 0xff, 0x40, 0x4,
    0xff, 0x40, 0x4, 0xff, 0xe0, 0x0, 0xff, 0xf0,
    0x0, 0xf, 0xf0, 0x0, 0xf, 0xff, 0x0, 0xf,
    0xff, 0x0, 0x0, 0xff, 0x0, 0x0, 0xff, 0xf0,
    0x0, 0xff, 0xf4, 0x0, 0x4f, 0xf0, 0x5, 0xff,
    0xff, 0x0, 0xf, 0xff, 0xff, 0xff, 0xff, 0x0,
    0x17, 0xff, 0xf0, 0x0, 0xff, 0xff, 0xff, 0xff,
    0xf0, 0x0, 0xf, 0xff, 0x0, 0xf, 0xff, 0xff,
    0xff, 0xff, 0x40, 0x4, 0xff, 0xf0, 0x0, 0xef,
    0xff, 0xff, 0xff, 0xff, 0xff, 0xff, 0xff, 0xff,
    0xb4, 0xef, 0xff, 0x33, 0xff, 0xff, 0xff, 0xff,
    0xff, 0xfb, 0x0, 0xb, 0xe0, 0xe, 0xb0, 0x0,
    0x0, 0x0, 0x0, 0x0, 0x0, 0x6f, 0xbb, 0xf6,
    0x0, 0x0, 0x0, 0x0, 0x0, 0x0, 0x0, 0x8e,
    0xe7, 0x0, 0x0, 0x0, 0x0, 0x0, 0x0
};

/*---------------------
 *  GLYPH DESCRIPTION
 *--------------------*/

static const lv_font_fmt_txt_glyph_dsc_t glyph_dsc[] = {
    {.bitmap_index = 0, .adv_w = 0, .box_w = 0, .box_h = 0, .ofs_x = 0, .ofs_y = 0} /* id = 0 reserved */,
    {.bitmap_index = 0, .adv_w = 256, .box_w = 16, .box_h = 12, .ofs_x = 0, .ofs_y = 1},
    {.bitmap_index = 96, .adv_w = 256, .box_w = 15, .box_h = 16, .ofs_x = 0, .ofs_y = -1},
    {.bitmap_index = 216, .adv_w = 256, .box_w = 17, .box_h = 17, .ofs_x = 0, .ofs_y = -3},
    {.bitmap_index = 361, .adv_w = 256, .box_w = 16, .box_h = 14, .ofs_x = 0, .ofs_y = -1},
    {.bitmap_index = 473, .adv_w = 288, .box_w = 18, .box_h = 17, .ofs_x = 0, .ofs_y = -2},
    {.bitmap_index = 626, .adv_w = 224, .box_w = 14, .box_h = 16, .ofs_x = 0, .ofs_y = -2},
    {.bitmap_index = 738, .adv_w = 224, .box_w = 14, .box_h = 14, .ofs_x = 0, .ofs_y = -1},
    {.bitmap_index = 836, .adv_w = 224, .box_w = 16, .box_h = 15, .ofs_x = -1, .ofs_y = -2},
    {.bitmap_index = 956, .adv_w = 192, .box_w = 14, .box_h = 13, .ofs_x = -1, .ofs_y = 0},
    {.bitmap_index = 1047, .adv_w = 256, .box_w = 16, .box_h = 17, .ofs_x = 0, .ofs_y = -2},
    {.bitmap_index = 1183, .adv_w = 256, .box_w = 18, .box_h = 18, .ofs_x = -1, .ofs_y = -3},
    {.bitmap_index = 1345, .adv_w = 256, .box_w = 18, .box_h = 17, .ofs_x = -1, .ofs_y = -2},
    {.bitmap_index = 1498, .adv_w = 256, .box_w = 16, .box_h = 16, .ofs_x = 0, .ofs_y = -2},
    {.bitmap_index = 1626, .adv_w = 256, .box_w = 16, .box_h = 16, .ofs_x = 0, .ofs_y = -2},
    {.bitmap_index = 1754, .adv_w = 192, .box_w = 12, .box_h = 17, .ofs_x = 0, .ofs_y = -2},
    {.bitmap_index = 1856, .adv_w = 224, .box_w = 14, .box_h = 15, .ofs_x = 0, .ofs_y = -1},
    {.bitmap_index = 1961, .adv_w = 224, .box_w = 14, .box_h = 16, .ofs_x = 0, .ofs_y = -2},
    {.bitmap_index = 2073, .adv_w = 192, .box_w = 12, .box_h = 17, .ofs_x = 0, .ofs_y = -3},
    {.bitmap_index = 2175, .adv_w = 192, .box_w = 12, .box_h = 17, .ofs_x = 0, .ofs_y = -2},
    {.bitmap_index = 2277, .adv_w = 288, .box_w = 16, .box_h = 16, .ofs_x = 0, .ofs_y = -2},
    {.bitmap_index = 2405, .adv_w = 224, .box_w = 13, .box_h = 16, .ofs_x = 1, .ofs_y = -2},
    {.bitmap_index = 2509, .adv_w = 224, .box_w = 14, .box_h = 14, .ofs_x = 0, .ofs_y = -1},
    {.bitmap_index = 2607, .adv_w = 160, .box_w = 10, .box_h = 16, .ofs_x = -1, .ofs_y = -2},
    {.bitmap_index = 2687, .adv_w = 160, .box_w = 10, .box_h = 16, .ofs_x = 1, .ofs_y = -2},
    {.bitmap_index = 2767, .adv_w = 256, .box_w = 16, .box_h = 16, .ofs_x = 0, .ofs_y = -2},
    {.bitmap_index = 2895, .adv_w = 256, .box_w = 16, .box_h = 16, .ofs_x = 0, .ofs_y = -2},
    {.bitmap_index = 3023, .adv_w = 224, .box_w = 14, .box_h = 14, .ofs_x = 0, .ofs_y = -1},
    {.bitmap_index = 3121, .adv_w = 256, .box_w = 16, .box_h = 16, .ofs_x = 0, .ofs_y = -2},
    {.bitmap_index = 3249, .adv_w = 256, .box_w = 16, .box_h = 15, .ofs_x = 0, .ofs_y = -1},
    {.bitmap_index = 3369, .adv_w = 256, .box_w = 16, .box_h = 16, .ofs_x = 0, .ofs_y = -1},
    {.bitmap_index = 3497, .adv_w = 224, .box_w = 14, .box_h = 18, .ofs_x = 0, .ofs_y = -2},
    {.bitmap_index = 3623, .adv_w = 288, .box_w = 20, .box_h = 14, .ofs_x = -1, .ofs_y = -1},
    {.bitmap_index = 3763, .adv_w = 256, .box_w = 18, .box_h = 15, .ofs_x = -1, .ofs_y = -1},
    {.bitmap_index = 3898, .adv_w = 288, .box_w = 18, .box_h = 16, .ofs_x = 0, .ofs_y = -2},
    {.bitmap_index = 4042, .adv_w = 224, .box_w = 14, .box_h = 15, .ofs_x = 0, .ofs_y = -1},
    {.bitmap_index = 4147, .adv_w = 256, .box_w = 17, .box_h = 17, .ofs_x = -1, .ofs_y = -3},
    {.bitmap_index = 4292, .adv_w = 224, .box_w = 16, .box_h = 10, .ofs_x = -1, .ofs_y = 2},
    {.bitmap_index = 4372, .adv_w = 224, .box_w = 16, .box_h = 10, .ofs_x = -1, .ofs_y = 0},
    {.bitmap_index = 4452, .adv_w = 256, .box_w = 16, .box_h = 14, .ofs_x = 0, .ofs_y = -1},
    {.bitmap_index = 4564, .adv_w = 256, .box_w = 16, .box_h = 16, .ofs_x = 0, .ofs_y = -2},
    {.bitmap_index = 4692, .adv_w = 256, .box_w = 16, .box_h = 14, .ofs_x = 0, .ofs_y = -1},
    {.bitmap_index = 4804, .adv_w = 256, .box_w = 18, .box_h = 18, .ofs_x = -1, .ofs_y = -3},
    {.bitmap_index = 4966, .adv_w = 256, .box_w = 16, .box_h = 12, .ofs_x = 0, .ofs_y = 0},
    {.bitmap_index = 5062, .adv_w = 256, .box_w = 16, .box_h = 16, .ofs_x = 0, .ofs_y = -2},
    {.bitmap_index = 5190, .adv_w = 256, .box_w = 16, .box_h = 15, .ofs_x = 0, .ofs_y = -1},
    {.bitmap_index = 5310, .adv_w = 320, .box_w = 20, .box_h = 15, .ofs_x = 0, .ofs_y = -1},
    {.bitmap_index = 5460, .adv_w = 288, .box_w = 18, .box_h = 14, .ofs_x = 0, .ofs_y = -1},
    {.bitmap_index = 5586, .adv_w = 256, .box_w = 17, .box_h = 19, .ofs_x = -1, .ofs_y = -3},
    {.bitmap_index = 5748, .adv_w = 224, .box_w = 14, .box_h = 14, .ofs_x = 0, .ofs_y = -1},
    {.bitmap_index = 5846, .adv_w = 288, .box_w = 18, .box_h = 15, .ofs_x = 0, .ofs_y = -2},
    {.bitmap_index = 5981, .adv_w = 224, .box_w = 16, .box_h = 18, .ofs_x = -1, .ofs_y = -3},
    {.bitmap_index = 6125, .adv_w = 256, .box_w = 16, .box_h = 17, .ofs_x = 0, .ofs_y = -2},
    {.bitmap_index = 6261, .adv_w = 192, .box_w = 12, .box_h = 17, .ofs_x = 0, .ofs_y = -3},
    {.bitmap_index = 6363, .adv_w = 256, .box_w = 18, .box_h = 18, .ofs_x = -1, .ofs_y = -3},
    {.bitmap_index = 6525, .adv_w = 288, .box_w = 18, .box_h = 14, .ofs_x = 0, .ofs_y = -1},
    {.bitmap_index = 6651, .adv_w = 288, .box_w = 17, .box_h = 17, .ofs_x = 1, .ofs_y = -3},
    {.bitmap_index = 6796, .adv_w = 224, .box_w = 14, .box_h = 16, .ofs_x = 0, .ofs_y = -2},
    {.bitmap_index = 6908, .adv_w = 288, .box_w = 17, .box_h = 15, .ofs_x = 1, .ofs_y = -2},
    {.bitmap_index = 7036, .adv_w = 320, .box_w = 20, .box_h = 12, .ofs_x = 0, .ofs_y = 0},
    {.bitmap_index = 7156, .adv_w = 192, .box_w = 12, .box_h = 16, .ofs_x = 0, .ofs_y = -2},
    {.bitmap_index = 7252, .adv_w = 256, .box_w = 16, .box_h = 16, .ofs_x = 0, .ofs_y = -2},
    {.bitmap_index = 7380, .adv_w = 224, .box_w = 14, .box_h = 15, .ofs_x = 0, .ofs_y = -1},
    {.bitmap_index = 7485, .adv_w = 256, .box_w = 17, .box_h = 17, .ofs_x = -1, .ofs_y = -3},
    {.bitmap_index = 7630, .adv_w = 256, .box_w = 16, .box_h = 15, .ofs_x = 0, .ofs_y = -1},
    {.bitmap_index = 7750, .adv_w = 192, .box_w = 13, .box_h = 19, .ofs_x = -1, .ofs_y = -4},
    {.bitmap_index = 7874, .adv_w = 288, .box_w = 18, .box_h = 18, .ofs_x = 0, .ofs_y = -3},
    {.bitmap_index = 8036, .adv_w = 256, .box_w = 14, .box_h = 16, .ofs_x = 0, .ofs_y = -2},
    {.bitmap_index = 8148, .adv_w = 192, .box_w = 12, .box_h = 16, .ofs_x = 0, .ofs_y = -2},
    {.bitmap_index = 8244, .adv_w = 256, .box_w = 16, .box_h = 14, .ofs_x = 0, .ofs_y = -1},
    {.bitmap_index = 8356, .adv_w = 224, .box_w = 16, .box_h = 18, .ofs_x = -1, .ofs_y = -3},
    {.bitmap_index = 8500, .adv_w = 256, .box_w = 16, .box_h = 16, .ofs_x = 0, .ofs_y = -2},
    {.bitmap_index = 8628, .adv_w = 288, .box_w = 17, .box_h = 17, .ofs_x = 1, .ofs_y = -2},
    {.bitmap_index = 8773, .adv_w = 224, .box_w = 14, .box_h = 17, .ofs_x = 0, .ofs_y = -2},
    {.bitmap_index = 8892, .adv_w = 288, .box_w = 20, .box_h = 14, .ofs_x = -1, .ofs_y = -1},
    {.bitmap_index = 9032, .adv_w = 224, .box_w = 14, .box_h = 17, .ofs_x = 0, .ofs_y = -2},
    {.bitmap_index = 9151, .adv_w = 320, .box_w = 20, .box_h = 14, .ofs_x = 0, .ofs_y = -1},
    {.bitmap_index = 9291, .adv_w = 224, .box_w = 14, .box_h = 17, .ofs_x = 0, .ofs_y = -2},
    {.bitmap_index = 9410, .adv_w = 224, .box_w = 14, .box_h = 14, .ofs_x = 0, .ofs_y = -1},
    {.bitmap_index = 9508, .adv_w = 288, .box_w = 18, .box_h = 14, .ofs_x = 0, .ofs_y = -1},
    {.bitmap_index = 9634, .adv_w = 320, .box_w = 19, .box_h = 12, .ofs_x = 1, .ofs_y = 0},
    {.bitmap_index = 9748, .adv_w = 320, .box_w = 19, .box_h = 12, .ofs_x = 1, .ofs_y = 0},
    {.bitmap_index = 9862, .adv_w = 320, .box_w = 19, .box_h = 12, .ofs_x = 1, .ofs_y = 0},
    {.bitmap_index = 9976, .adv_w = 320, .box_w = 19, .box_h = 12, .ofs_x = 1, .ofs_y = 0},
    {.bitmap_index = 10090, .adv_w = 320, .box_w = 19, .box_h = 12, .ofs_x = 1, .ofs_y = -1},
    {.bitmap_index = 10204, .adv_w = 224, .box_w = 14, .box_h = 16, .ofs_x = 0, .ofs_y = -1},
    {.bitmap_index = 10316, .adv_w = 160, .box_w = 10, .box_h = 16, .ofs_x = 0, .ofs_y = -2},
    {.bitmap_index = 10396, .adv_w = 256, .box_w = 16, .box_h = 16, .ofs_x = 0, .ofs_y = -2},
    {.bitmap_index = 10524, .adv_w = 256, .box_w = 18, .box_h = 18, .ofs_x = -1, .ofs_y = -3},
    {.bitmap_index = 10686, .adv_w = 256, .box_w = 15, .box_h = 16, .ofs_x = 0, .ofs_y = -2},
    {.bitmap_index = 10806, .adv_w = 256, .box_w = 16, .box_h = 18, .ofs_x = 0, .ofs_y = -3},
    {.bitmap_index = 10950, .adv_w = 256, .box_w = 16, .box_h = 14, .ofs_x = 0, .ofs_y = -1},
    {.bitmap_index = 11062, .adv_w = 192, .box_w = 12, .box_h = 17, .ofs_x = 0, .ofs_y = -3},
    {.bitmap_index = 11164, .adv_w = 256, .box_w = 16, .box_h = 16, .ofs_x = 0, .ofs_y = -2},
    {.bitmap_index = 11292, .adv_w = 288, .box_w = 18, .box_h = 16, .ofs_x = 0, .ofs_y = -2},
    {.bitmap_index = 11436, .adv_w = 224, .box_w = 14, .box_h = 16, .ofs_x = 0, .ofs_y = -2},
    {.bitmap_index = 11548, .adv_w = 256, .box_w = 18, .box_h = 14, .ofs_x = -1, .ofs_y = -1},
    {.bitmap_index = 11674, .adv_w = 288, .box_w = 18, .box_h = 14, .ofs_x = 0, .ofs_y = -1},
    {.bitmap_index = 11800, .adv_w = 320, .box_w = 20, .box_h = 15, .ofs_x = 0, .ofs_y = -2},
    {.bitmap_index = 11950, .adv_w = 256, .box_w = 16, .box_h = 17, .ofs_x = 0, .ofs_y = -3},
    {.bitmap_index = 12086, .adv_w = 288, .box_w = 20, .box_h = 15, .ofs_x = -1, .ofs_y = -2},
    {.bitmap_index = 12236, .adv_w = 256, .box_w = 16, .box_h = 18, .ofs_x = 0, .ofs_y = -3},
    {.bitmap_index = 12380, .adv_w = 288, .box_w = 17, .box_h = 16, .ofs_x = 1, .ofs_y = -2},
    {.bitmap_index = 12516, .adv_w = 256, .box_w = 16, .box_h = 18, .ofs_x = 0, .ofs_y = -3},
    {.bitmap_index = 12660, .adv_w = 256, .box_w = 18, .box_h = 15, .ofs_x = -1, .ofs_y = -1},
    {.bitmap_index = 12795, .adv_w = 256, .box_w = 16, .box_h = 16, .ofs_x = 0, .ofs_y = -2},
    {.bitmap_index = 12923, .adv_w = 256, .box_w = 18, .box_h = 13, .ofs_x = -1, .ofs_y = 0},
    {.bitmap_index = 13040, .adv_w = 320, .box_w = 19, .box_h = 15, .ofs_x = 1, .ofs_y = -3},
    {.bitmap_index = 13183, .adv_w = 288, .box_w = 16, .box_h = 17, .ofs_x = 2, .ofs_y = -2},
    {.bitmap_index = 13319, .adv_w = 256, .box_w = 16, .box_h = 16, .ofs_x = 0, .ofs_y = -2},
    {.bitmap_index = 13447, .adv_w = 192, .box_w = 12, .box_h = 16, .ofs_x = 0, .ofs_y = -2},
    {.bitmap_index = 13543, .adv_w = 256, .box_w = 16, .box_h = 16, .ofs_x = 0, .ofs_y = -2},
    {.bitmap_index = 13671, .adv_w = 320, .box_w = 19, .box_h = 15, .ofs_x = 1, .ofs_y = -2}
};

/*---------------------
 *  CHARACTER MAPPING
 *--------------------*/

static const uint16_t unicode_list_0[] = {
    0x0, 0xffc, 0xffd, 0xfff, 0x1000, 0x1002, 0x1003, 0x1007,
    0x1008, 0x100c, 0x100e, 0x1010, 0x1012, 0x101c, 0x101e, 0x1020,
    0x1028, 0x103c, 0x103e, 0x1045, 0x1046, 0x1048, 0x104e, 0x104f,
    0x1052, 0x1055, 0x1060, 0x1065, 0x1066, 0x1067, 0x1068, 0x1069,
    0x106c, 0x106d, 0x106e, 0x1070, 0x1072, 0x1073, 0x107e, 0x107f,
    0x108b, 0x1090, 0x1098, 0x10a7, 0x10ac, 0x10bb, 0x10bd, 0x10c1,
    0x10c3, 0x10cc, 0x10e2, 0x10e4, 0x10e6, 0x10e7, 0x10e9, 0x10ec,
    0x10ee, 0x10ef, 0x1116, 0x112b, 0x112d, 0x112e, 0x1130, 0x115f,
    0x117e, 0x1180, 0x1181, 0x11a8, 0x11b4, 0x11b6, 0x11d9, 0x11dd,
    0x11e1, 0x11e6, 0x11f3, 0x1201, 0x1216, 0x122e, 0x1231, 0x123b,
    0x123c, 0x123d, 0x123e, 0x123f, 0x128b, 0x12c2, 0x12c8, 0x12d7,
    0x12e2, 0x12ec, 0x12f1, 0x13c0, 0x13f8, 0x148f, 0x1525, 0x1549,
    0x154a, 0x154e, 0x15a5, 0x15ab, 0x15d5, 0x15e2, 0x15f8, 0x16f7,
    0x1729, 0x176e, 0x178f, 0x17b1, 0x17bb, 0x17df, 0x185e, 0x18fa
};

/*Collect the unicode lists and glyph_id offsets*/
static const lv_font_fmt_txt_cmap_t cmaps[] =
{
    {
        .range_start = 57349, .range_length = 6395, .glyph_id_start = 1,
        .unicode_list = unicode_list_0, .glyph_id_ofs_list = NULL, .list_length = 112, .type = LV_FONT_FMT_TXT_CMAP_SPARSE_TINY
    }
};

/*--------------------
 *  ALL CUSTOM DATA
 *--------------------*/

#if LVGL_VERSION_MAJOR == 8
/*Store all the custom data of the font*/
static  lv_font_fmt_txt_glyph_cache_t cache;
#endif

#if LVGL_VERSION_MAJOR >= 8
static const lv_font_fmt_txt_dsc_t font_dsc = {
#else
static lv_font_fmt_txt_dsc_t font_dsc = {
#endif
    .glyph_bitmap = glyph_bitmap,
    .glyph_dsc = glyph_dsc,
    .cmaps = cmaps,
    .kern_dsc = NULL,
    .kern_scale = 0,
    .cmap_num = 1,
    .bpp = 4,
    .kern_classes = 0,
    .bitmap_format = 0,
#if LVGL_VERSION_MAJOR == 8
    .cache = &cache
#endif
};

/*-----------------
 *  PUBLIC FONT
 *----------------*/

/*Initialize a public general font descriptor*/
#if LVGL_VERSION_MAJOR >= 8
const lv_font_t ui_font_fa16 = {
#else
lv_font_t ui_font_fa16 = {
#endif
    .get_glyph_dsc = lv_font_get_glyph_dsc_fmt_txt,    /*Function pointer to get glyph's data*/
    .get_glyph_bitmap = lv_font_get_bitmap_fmt_txt,    /*Function pointer to get glyph's bitmap*/
    .line_height = 20,          /*The maximum line height required by the font*/
    .base_line = 4,             /*Baseline measured from the bottom of the line*/
#if !(LVGL_VERSION_MAJOR == 6 && LVGL_VERSION_MINOR == 0)
    .subpx = LV_FONT_SUBPX_NONE,
#endif
#if LV_VERSION_CHECK(7, 4, 0) || LVGL_VERSION_MAJOR >= 8
    .underline_position = 0,
    .underline_thickness = 0,
#endif
    .dsc = &font_dsc,          /*The custom font data. Will be accessed by `get_glyph_bitmap/dsc` */
#if LV_VERSION_CHECK(8, 2, 0) || LVGL_VERSION_MAJOR >= 9
    .fallback = NULL,
#endif
    .user_data = NULL,
};

#endif /*#if UI_FONT_FA16*/