/*******************************************************************************
 * Size: 30 px
 * Bpp: 4
 * Opts: --bpp 4 --size 30 --no-compress --font ../ASSETS/Roboto-Medium.ttf --range 0x20-0x7f,0xb0,0xb7,0x2013,0x2014,0x2026 --format lvgl
 ******************************************************************************/

#ifdef __has_include
    #if __has_include("lvgl.h")
        #ifndef LV_LVGL_H_INCLUDE_SIMPLE
            #define LV_LVGL_H_INCLUDE_SIMPLE
        #endif
    #endif
#endif

#ifdef LV_LVGL_H_INCLUDE_SIMPLE
    #include "lvgl.h"
#else
    #include "lvgl.h"
#endif

#ifndef UI_FONT_RM30
#define UI_FONT_RM30 1
#endif

#if UI_FONT_RM30

/*-----------------
 *    BITMAPS
 *----------------*/

/*Store the image of the glyphs*/
static LV_ATTRIBUTE_LARGE_CONST const uint8_t glyph_bitmap[] = {
    /* U+0020 " " */

    /* U+0021 "!" */
    0xcf, 0xff, 0xc, 0xff, 0xe0, 0xbf, 0xfe, 0xb,
    0xff, 0xd0, 0xbf, 0xfd, 0xa, 0xff, 0xd0, 0xaf,
    0xfc, 0xa, 0xff, 0xc0, 0x9f, 0xfb, 0x9, 0xff,
    0xb0, 0x9f, 0xfb, 0x8, 0xff, 0xa0, 0x8f, 0xfa,
    0x8, 0xff, 0xa0, 0x6e, 0xe8, 0x0, 0x0, 0x0,
    0x0, 0x0, 0x2, 0xab, 0x40, 0xcf, 0xff, 0xd,
    0xff, 0xf1, 0x4e, 0xf7, 0x0,

    /* U+0022 "\"" */
    0x8f, 0xf0, 0x1f, 0xf7, 0x8f, 0xf0, 0x1f, 0xf6,
    0x8f, 0xf0, 0x1f, 0xf6, 0x8f, 0xe0, 0x1f, 0xf4,
    0x8f, 0xc0, 0x1f, 0xf3, 0x8f, 0xb0, 0x1f, 0xf1,
    0x8f, 0x90, 0x1f, 0xf0, 0x59, 0x50, 0x19, 0x90,

    /* U+0023 "#" */
    0x0, 0x0, 0x0, 0x7f, 0xf0, 0x0, 0xbf, 0xb0,
    0x0, 0x0, 0x0, 0xa, 0xfd, 0x0, 0xe, 0xf8,
    0x0, 0x0, 0x0, 0x0, 0xdf, 0xa0, 0x1, 0xff,
    0x50, 0x0, 0x0, 0x0, 0xf, 0xf7, 0x0, 0x4f,
    0xf2, 0x0, 0x0, 0x0, 0x3, 0xff, 0x40, 0x7,
    0xff, 0x0, 0x0, 0x0, 0x0, 0x6f, 0xf1, 0x0,
    0xaf, 0xc0, 0x0, 0x7, 0xff, 0xff, 0xff, 0xff,
    0xff, 0xff, 0xff, 0xc0, 0x7f, 0xff, 0xff, 0xff,
    0xff, 0xff, 0xff, 0xfc, 0x2, 0x55, 0x5f, 0xfa,
    0x55, 0x7f, 0xf7, 0x55, 0x30, 0x0, 0x2, 0xff,
    0x50, 0x6, 0xff, 0x0, 0x0, 0x0, 0x0, 0x5f,
    0xf1, 0x0, 0x9f, 0xd0, 0x0, 0x0, 0x0, 0x8,
    0xfe, 0x0, 0xc, 0xfa, 0x0, 0x0, 0x24, 0x44,
    0xcf, 0xd4, 0x44, 0xff, 0xa4, 0x43, 0x9, 0xff,
    0xff, 0xff, 0xff, 0xff, 0xff, 0xff, 0xa0, 0x9f,
    0xff, 0xff, 0xff, 0xff, 0xff, 0xff, 0xfa, 0x0,
    0x0, 0x4f, 0xf2, 0x0, 0x9f, 0xe0, 0x0, 0x0,
    0x0, 0x7, 0xff, 0x0, 0xb, 0xfb, 0x0, 0x0,
    0x0, 0x0, 0xaf, 0xc0, 0x0, 0xef, 0x80, 0x0,
    0x0, 0x0, 0xd, 0xf9, 0x0, 0x1f, 0xf5, 0x0,
    0x0, 0x0, 0x0, 0xff, 0x60, 0x4, 0xff, 0x20,
    0x0, 0x0, 0x0, 0x3f, 0xf3, 0x0, 0x7f, 0xf0,
    0x0, 0x0, 0x0,

    /* U+0024 "$" */
    0x0, 0x0, 0x0, 0x3f, 0xf2, 0x0, 0x0, 0x0,
    0x0, 0x0, 0x3, 0xff, 0x20, 0x0, 0x0, 0x0,
    0x0, 0x0, 0x3f, 0xf2, 0x0, 0x0, 0x0, 0x0,
    0x2, 0x8c, 0xff, 0xb6, 0x10, 0x0, 0x0, 0x8,
    0xff, 0xff, 0xff, 0xfe, 0x30, 0x0, 0x9, 0xff,
    0xff, 0xff, 0xff, 0xff, 0x20, 0x2, 0xff, 0xfe,
    0x51, 0x29, 0xff, 0xfb, 0x0, 0x8f, 0xff, 0x30,
    0x0, 0xb, 0xff, 0xf1, 0xa, 0xff, 0xe0, 0x0,
    0x0, 0x5f, 0xff, 0x50, 0xaf, 0xfe, 0x0, 0x0,
    0x2, 0xff, 0xf6, 0x8, 0xff, 0xf4, 0x0, 0x0,
    0x1, 0x11, 0x0, 0x3f, 0xff, 0xe4, 0x0, 0x0,
    0x0, 0x0, 0x0, 0xaf, 0xff, 0xfc, 0x50, 0x0,
    0x0, 0x0, 0x0, 0xbf, 0xff, 0xff, 0xe8, 0x10,
    0x0, 0x0, 0x0, 0x6e, 0xff, 0xff, 0xfe, 0x40,
    0x0, 0x0, 0x0, 0x6, 0xcf, 0xff, 0xff, 0x40,
    0x0, 0x0, 0x0, 0x0, 0x3b, 0xff, 0xfe, 0x0,
    0x0, 0x0, 0x0, 0x0, 0xa, 0xff, 0xf4, 0x49,
    0x99, 0x0, 0x0, 0x0, 0x2f, 0xff, 0x77, 0xff,
    0xf2, 0x0, 0x0, 0x0, 0xff, 0xf8, 0x4f, 0xff,
    0x80, 0x0, 0x0, 0x4f, 0xff, 0x60, 0xef, 0xff,
    0x40, 0x0, 0x2d, 0xff, 0xf2, 0x6, 0xff, 0xff,
    0xca, 0xcf, 0xff, 0xfa, 0x0, 0x8, 0xff, 0xff,
    0xff, 0xff, 0xfc, 0x10, 0x0, 0x4, 0xbf, 0xff,
    0xff, 0xd6, 0x0, 0x0, 0x0, 0x0, 0x9, 0xfd,
    0x0, 0x0, 0x0, 0x0, 0x0, 0x0, 0x8f, 0xd0,
    0x0, 0x0, 0x0, 0x0, 0x0, 0x8, 0xfd, 0x0,
    0x0, 0x0,

    /* U+0025 "%" */
    0x0, 0x6c, 0xff, 0xc5, 0x0, 0x0, 0x0, 0x0,
    0x0, 0x0, 0x9, 0xff, 0xff, 0xff, 0x80, 0x0,
    0x0, 0x0, 0x0, 0x0, 0x3f, 0xfb, 0x33, 0xcf,
    0xf2, 0x0, 0x0, 0x82, 0x0, 0x0, 0x7f, 0xf1,
    0x0, 0x1f, 0xf6, 0x0, 0x7, 0xfd, 0x0, 0x0,
    0x8f, 0xf0, 0x0, 0xf, 0xf7, 0x0, 0x2f, 0xf4,
    0x0, 0x0, 0x8f, 0xf0, 0x0, 0x1f, 0xf7, 0x0,
    0xcf, 0xa0, 0x0, 0x0, 0x4f, 0xf9, 0x11, 0xaf,
    0xf3, 0x7, 0xfe, 0x10, 0x0, 0x0, 0xb, 0xff,
    0xff, 0xff, 0xa0, 0x2f, 0xf5, 0x0, 0x0, 0x0,
    0x0, 0x8e, 0xff, 0xe7, 0x0, 0xcf, 0xa0, 0x0,
    0x0, 0x0, 0x0, 0x0, 0x11, 0x0, 0x7, 0xfe,
    0x10, 0x0, 0x0, 0x0, 0x0, 0x0, 0x0, 0x0,
    0x2f, 0xf5, 0x0, 0x0, 0x0, 0x0, 0x0, 0x0,
    0x0, 0x0, 0xcf, 0xb0, 0x3b, 0xef, 0xd7, 0x0,
    0x0, 0x0, 0x0, 0x7, 0xff, 0x14, 0xff, 0xff,
    0xff, 0xa0, 0x0, 0x0, 0x0, 0x2f, 0xf6, 0xe,
    0xfe, 0x42, 0xaf, 0xf5, 0x0, 0x0, 0x0, 0xcf,
    0xb0, 0x3f, 0xf6, 0x0, 0xe, 0xfa, 0x0, 0x0,
    0x6, 0xff, 0x20, 0x4f, 0xf3, 0x0, 0xb, 0xfb,
    0x0, 0x0, 0x2f, 0xf6, 0x0, 0x4f, 0xf3, 0x0,
    0xb, 0xfb, 0x0, 0x0, 0xbf, 0xc0, 0x0, 0x3f,
    0xf6, 0x0, 0xe, 0xfa, 0x0, 0x0, 0x6e, 0x20,
    0x0, 0xe, 0xfe, 0x42, 0x9f, 0xf5, 0x0, 0x0,
    0x0, 0x0, 0x0, 0x4, 0xff, 0xff, 0xff, 0xb0,
    0x0, 0x0, 0x0, 0x0, 0x0, 0x0, 0x3b, 0xef,
    0xd7, 0x0,

    /* U+0026 "&" */
    0x0, 0x0, 0x4a, 0xef, 0xeb, 0x50, 0x0, 0x0,
    0x0, 0x0, 0x8, 0xff, 0xff, 0xff, 0xf9, 0x0,
    0x0, 0x0, 0x0, 0x5f, 0xff, 0xfe, 0xff, 0xff,
    0x60, 0x0, 0x0, 0x0, 0xbf, 0xfe, 0x20, 0x1b,
    0xff, 0xc0, 0x0, 0x0, 0x0, 0xef, 0xf7, 0x0,
    0x3, 0xff, 0xe0, 0x0, 0x0, 0x0, 0xff, 0xf6,
    0x0, 0x4, 0xff, 0xc0, 0x0, 0x0, 0x0, 0xbf,
    0xfc, 0x0, 0x1d, 0xff, 0x70, 0x0, 0x0, 0x0,
    0x5f, 0xff, 0x65, 0xef, 0xfb, 0x0, 0x0, 0x0,
    0x0, 0xb, 0xff, 0xff, 0xff, 0xa0, 0x0, 0x0,
    0x0, 0x0, 0x1, 0xef, 0xff, 0xf6, 0x0, 0x0,
    0x0, 0x0, 0x0, 0x1b, 0xff, 0xff, 0xe1, 0x0,
    0x0, 0x11, 0x0, 0x1, 0xdf, 0xff, 0xff, 0xfd,
    0x10, 0x7, 0xff, 0xa0, 0xd, 0xff, 0xe3, 0x5f,
    0xff, 0xc0, 0x8, 0xff, 0x90, 0x5f, 0xff, 0x40,
    0x7, 0xff, 0xfb, 0xd, 0xff, 0x60, 0xaf, 0xfe,
    0x0, 0x0, 0x9f, 0xff, 0xbf, 0xff, 0x20, 0xbf,
    0xfe, 0x0, 0x0, 0xa, 0xff, 0xff, 0xfc, 0x0,
    0x9f, 0xff, 0x30, 0x0, 0x0, 0xcf, 0xff, 0xf3,
    0x0, 0x3f, 0xff, 0xe4, 0x0, 0x4, 0xdf, 0xff,
    0xf3, 0x0, 0xa, 0xff, 0xff, 0xfd, 0xff, 0xff,
    0xff, 0xfe, 0x10, 0x0, 0xaf, 0xff, 0xff, 0xff,
    0xff, 0x9f, 0xff, 0xc0, 0x0, 0x3, 0x9d, 0xff,
    0xeb, 0x71, 0x8, 0xff, 0xf9,

    /* U+0027 "'" */
    0xcf, 0xec, 0xfe, 0xcf, 0xdc, 0xfc, 0xcf, 0xbc,
    0xfa, 0xcf, 0x96, 0x74,

    /* U+0028 "(" */
    0x0, 0x0, 0x0, 0x4, 0x30, 0x0, 0x0, 0x8,
    0xf9, 0x0, 0x0, 0x9, 0xff, 0xa0, 0x0, 0x6,
    0xff, 0xb0, 0x0, 0x1, 0xff, 0xd0, 0x0, 0x0,
    0xbf, 0xf4, 0x0, 0x0, 0x3f, 0xfd, 0x0, 0x0,
    0x9, 0xff, 0x60, 0x0, 0x0, 0xff, 0xf1, 0x0,
    0x0, 0x5f, 0xfc, 0x0, 0x0, 0x8, 0xff, 0x80,
    0x0, 0x0, 0xcf, 0xf6, 0x0, 0x0, 0xe, 0xff,
    0x40, 0x0, 0x0, 0xff, 0xf2, 0x0, 0x0, 0x1f,
    0xff, 0x20, 0x0, 0x1, 0xff, 0xf1, 0x0, 0x0,
    0xf, 0xff, 0x20, 0x0, 0x0, 0xff, 0xf2, 0x0,
    0x0, 0xe, 0xff, 0x40, 0x0, 0x0, 0xcf, 0xf6,
    0x0, 0x0, 0x8, 0xff, 0x80, 0x0, 0x0, 0x5f,
    0xfc, 0x0, 0x0, 0x1, 0xff, 0xf1, 0x0, 0x0,
    0xa, 0xff, 0x50, 0x0, 0x0, 0x3f, 0xfc, 0x0,
    0x0, 0x0, 0xbf, 0xf4, 0x0, 0x0, 0x2, 0xff,
    0xd0, 0x0, 0x0, 0x7, 0xff, 0x90, 0x0, 0x0,
    0xa, 0xff, 0x80, 0x0, 0x0, 0x9, 0xf9, 0x0,
    0x0, 0x0, 0x5, 0x30,

    /* U+0029 ")" */
    0x6, 0x0, 0x0, 0x0, 0x2, 0xfd, 0x20, 0x0,
    0x0, 0x2f, 0xfe, 0x20, 0x0, 0x0, 0x4f, 0xfd,
    0x0, 0x0, 0x0, 0x7f, 0xf8, 0x0, 0x0, 0x0,
    0xdf, 0xf3, 0x0, 0x0, 0x6, 0xff, 0xb0, 0x0,
    0x0, 0xf, 0xff, 0x20, 0x0, 0x0, 0xaf, 0xf8,
    0x0, 0x0, 0x5, 0xff, 0xd0, 0x0, 0x0, 0x2f,
    0xff, 0x10, 0x0, 0x0, 0xff, 0xf5, 0x0, 0x0,
    0xd, 0xff, 0x70, 0x0, 0x0, 0xbf, 0xf9, 0x0,
    0x0, 0xb, 0xff, 0xa0, 0x0, 0x0, 0xaf, 0xfa,
    0x0, 0x0, 0xb, 0xff, 0xa0, 0x0, 0x0, 0xbf,
    0xf8, 0x0, 0x0, 0xd, 0xff, 0x70, 0x0, 0x0,
    0xef, 0xf5, 0x0, 0x0, 0x1f, 0xff, 0x10, 0x0,
    0x4, 0xff, 0xd0, 0x0, 0x0, 0x9f, 0xf8, 0x0,
    0x0, 0xe, 0xff, 0x20, 0x0, 0x5, 0xff, 0xc0,
    0x0, 0x0, 0xcf, 0xf3, 0x0, 0x0, 0x6f, 0xf9,
    0x0, 0x0, 0x2f, 0xfd, 0x0, 0x0, 0x2e, 0xfe,
    0x20, 0x0, 0x2, 0xfe, 0x30, 0x0, 0x0, 0x7,
    0x10, 0x0, 0x0, 0x0,

    /* U+002A "*" */
    0x0, 0x0, 0x9, 0xff, 0x0, 0x0, 0x0, 0x0,
    0x0, 0x8f, 0xf0, 0x0, 0x0, 0x0, 0x0, 0x7,
    0xfe, 0x0, 0x0, 0x0, 0x83, 0x0, 0x7f, 0xe0,
    0x0, 0x52, 0x3f, 0xfd, 0x67, 0xfd, 0x29, 0xef,
    0x86, 0xff, 0xff, 0xff, 0xff, 0xff, 0xfc, 0x1,
    0x5a, 0xef, 0xff, 0xfe, 0x95, 0x0, 0x0, 0x8,
    0xff, 0xfb, 0x0, 0x0, 0x0, 0x4, 0xff, 0xcf,
    0xf6, 0x0, 0x0, 0x1, 0xef, 0xd0, 0xbf, 0xf3,
    0x0, 0x0, 0xcf, 0xf3, 0x2, 0xff, 0xd0, 0x0,
    0x7, 0xf9, 0x0, 0x7, 0xfa, 0x0, 0x0, 0x2,
    0x0, 0x0, 0x5, 0x0, 0x0,

    /* U+002B "+" */
    0x0, 0x0, 0x2, 0x66, 0x60, 0x0, 0x0, 0x0,
    0x0, 0x0, 0x6f, 0xff, 0x0, 0x0, 0x0, 0x0,
    0x0, 0x6, 0xff, 0xf0, 0x0, 0x0, 0x0, 0x0,
    0x0, 0x6f, 0xff, 0x0, 0x0, 0x0, 0x0, 0x0,
    0x6, 0xff, 0xf0, 0x0, 0x0, 0x0, 0x0, 0x0,
    0x6f, 0xff, 0x0, 0x0, 0x0, 0x33, 0x33, 0x38,
    0xff, 0xf4, 0x33, 0x33, 0x2f, 0xff, 0xff, 0xff,
    0xff, 0xff, 0xff, 0xf9, 0xff, 0xff, 0xff, 0xff,
    0xff, 0xff, 0xff, 0x9f, 0xff, 0xff, 0xff, 0xff,
    0xff, 0xff, 0xf9, 0x0, 0x0, 0x6, 0xff, 0xf0,
    0x0, 0x0, 0x0, 0x0, 0x0, 0x6f, 0xff, 0x0,
    0x0, 0x0, 0x0, 0x0, 0x6, 0xff, 0xf0, 0x0,
    0x0, 0x0, 0x0, 0x0, 0x6f, 0xff, 0x0, 0x0,
    0x0, 0x0, 0x0, 0x6, 0xff, 0xf0, 0x0, 0x0,
    0x0, 0x0, 0x0, 0x6f, 0xff, 0x0, 0x0, 0x0,

    /* U+002C "," */
    0x1, 0xff, 0xf1, 0x1, 0xff, 0xf1, 0x1, 0xff,
    0xf1, 0x2, 0xff, 0xf0, 0x5, 0xff, 0xb0, 0xb,
    0xff, 0x50, 0x4f, 0xfc, 0x0, 0x1a, 0xd1, 0x0,
    0x0, 0x0, 0x0,

    /* U+002D "-" */
    0xcd, 0xdd, 0xdd, 0xd9, 0xff, 0xff, 0xff, 0xfb,
    0xff, 0xff, 0xff, 0xfb,

    /* U+002E "." */
    0x4, 0xcc, 0x50, 0xe, 0xff, 0xf0, 0xe, 0xff,
    0xf0, 0x5, 0xee, 0x70,

    /* U+002F "/" */
    0x0, 0x0, 0x0, 0x0, 0xcf, 0xf1, 0x0, 0x0,
    0x0, 0x2, 0xff, 0xa0, 0x0, 0x0, 0x0, 0x7,
    0xff, 0x40, 0x0, 0x0, 0x0, 0xd, 0xfe, 0x0,
    0x0, 0x0, 0x0, 0x3f, 0xf9, 0x0, 0x0, 0x0,
    0x0, 0x9f, 0xf3, 0x0, 0x0, 0x0, 0x0, 0xef,
    0xd0, 0x0, 0x0, 0x0, 0x5, 0xff, 0x70, 0x0,
    0x0, 0x0, 0xa, 0xff, 0x10, 0x0, 0x0, 0x0,
    0x1f, 0xfc, 0x0, 0x0, 0x0, 0x0, 0x6f, 0xf6,
    0x0, 0x0, 0x0, 0x0, 0xcf, 0xf0, 0x0, 0x0,
    0x0, 0x2, 0xff, 0xa0, 0x0, 0x0, 0x0, 0x8,
    0xff, 0x40, 0x0, 0x0, 0x0, 0xd, 0xfe, 0x0,
    0x0, 0x0, 0x0, 0x3f, 0xf9, 0x0, 0x0, 0x0,
    0x0, 0x9f, 0xf3, 0x0, 0x0, 0x0, 0x0, 0xef,
    0xd0, 0x0, 0x0, 0x0, 0x5, 0xff, 0x70, 0x0,
    0x0, 0x0, 0xb, 0xff, 0x10, 0x0, 0x0, 0x0,
    0x1f, 0xfb, 0x0, 0x0, 0x0, 0x0, 0x6f, 0xf5,
    0x0, 0x0, 0x0, 0x0, 0xcf, 0xf0, 0x0, 0x0,
    0x0, 0x0,

    /* U+0030 "0" */
    0x0, 0x0, 0x7c, 0xef, 0xec, 0x70, 0x0, 0x0,
    0x2, 0xdf, 0xff, 0xff, 0xff, 0xe2, 0x0, 0x0,
    0xef, 0xff, 0xfd, 0xff, 0xff, 0xe0, 0x0, 0x7f,
    0xff, 0x80, 0x0, 0x8f, 0xff, 0x80, 0xd, 0xff,
    0xb0, 0x0, 0x0, 0xbf, 0xfe, 0x2, 0xff, 0xf6,
    0x0, 0x0, 0x5, 0xff, 0xf2, 0x5f, 0xff, 0x30,
    0x0, 0x0, 0x3f, 0xff, 0x56, 0xff, 0xf1, 0x0,
    0x0, 0x1, 0xff, 0xf6, 0x7f, 0xff, 0x10, 0x0,
    0x0, 0x1f, 0xff, 0x77, 0xff, 0xf1, 0x0, 0x0,
    0x1, 0xff, 0xf8, 0x7f, 0xff, 0x10, 0x0, 0x0,
    0x1f, 0xff, 0x87, 0xff, 0xf1, 0x0, 0x0, 0x1,
    0xff, 0xf8, 0x7f, 0xff, 0x10, 0x0, 0x0, 0x1f,
    0xff, 0x76, 0xff, 0xf1, 0x0, 0x0, 0x1, 0xff,
    0xf6, 0x4f, 0xff, 0x30, 0x0, 0x0, 0x3f, 0xff,
    0x51, 0xff, 0xf6, 0x0, 0x0, 0x6, 0xff, 0xf2,
    0xd, 0xff, 0xc0, 0x0, 0x0, 0xbf, 0xfe, 0x0,
    0x7f, 0xff, 0x80, 0x0, 0x8f, 0xff, 0x80, 0x0,
    0xdf, 0xff, 0xfd, 0xff, 0xff, 0xe0, 0x0, 0x1,
    0xdf, 0xff, 0xff, 0xff, 0xe2, 0x0, 0x0, 0x0,
    0x6b, 0xef, 0xec, 0x70, 0x0, 0x0,

    /* U+0031 "1" */
    0x0, 0x0, 0x0, 0x28, 0xe3, 0x0, 0x1, 0x7d,
    0xff, 0xf3, 0x5, 0xbf, 0xff, 0xff, 0xf3, 0x8f,
    0xff, 0xff, 0xff, 0xf3, 0x8f, 0xfe, 0x98, 0xff,
    0xf3, 0x79, 0x40, 0x5, 0xff, 0xf3, 0x0, 0x0,
    0x5, 0xff, 0xf3, 0x0, 0x0, 0x5, 0xff, 0xf3,
    0x0, 0x0, 0x5, 0xff, 0xf3, 0x0, 0x0, 0x5,
    0xff, 0xf3, 0x0, 0x0, 0x5, 0xff, 0xf3, 0x0,
    0x0, 0x5, 0xff, 0xf3, 0x0, 0x0, 0x5, 0xff,
    0xf3, 0x0, 0x0, 0x5, 0xff, 0xf3, 0x0, 0x0,
    0x5, 0xff, 0xf3, 0x0, 0x0, 0x5, 0xff, 0xf3,
    0x0, 0x0, 0x5, 0xff, 0xf3, 0x0, 0x0, 0x5,
    0xff, 0xf3, 0x0, 0x0, 0x5, 0xff, 0xf3, 0x0,
    0x0, 0x5, 0xff, 0xf3, 0x0, 0x0, 0x5, 0xff,
    0xf3,

    /* U+0032 "2" */
    0x0, 0x1, 0x7c, 0xef, 0xec, 0x71, 0x0, 0x0,
    0x6, 0xff, 0xff, 0xff, 0xff, 0xe4, 0x0, 0x5,
    0xff, 0xff, 0xfe, 0xff, 0xff, 0xf3, 0x1, 0xff,
    0xfe, 0x40, 0x1, 0xaf, 0xff, 0xb0, 0x7f, 0xff,
    0x50, 0x0, 0x0, 0xdf, 0xff, 0xa, 0xff, 0xe0,
    0x0, 0x0, 0x8, 0xff, 0xf1, 0x7a, 0xa8, 0x0,
    0x0, 0x0, 0x8f, 0xff, 0x0, 0x0, 0x0, 0x0,
    0x0, 0xb, 0xff, 0xc0, 0x0, 0x0, 0x0, 0x0,
    0x3, 0xff, 0xf6, 0x0, 0x0, 0x0, 0x0, 0x1,
    0xdf, 0xfd, 0x0, 0x0, 0x0, 0x0, 0x0, 0xcf,
    0xff, 0x30, 0x0, 0x0, 0x0, 0x0, 0xaf, 0xff,
    0x60, 0x0, 0x0, 0x0, 0x0, 0xaf, 0xff, 0x80,
    0x0, 0x0, 0x0, 0x0, 0x9f, 0xff, 0x80, 0x0,
    0x0, 0x0, 0x0, 0x8f, 0xff, 0x90, 0x0, 0x0,
    0x0, 0x0, 0x7f, 0xff, 0x90, 0x0, 0x0, 0x0,
    0x0, 0x6f, 0xff, 0xa0, 0x0, 0x0, 0x0, 0x0,
    0x6f, 0xff, 0xa0, 0x0, 0x0, 0x0, 0x0, 0x4f,
    0xff, 0xfd, 0xdd, 0xdd, 0xdd, 0xdd, 0xc6, 0xff,
    0xff, 0xff, 0xff, 0xff, 0xff, 0xff, 0x6f, 0xff,
    0xff, 0xff, 0xff, 0xff, 0xff, 0xf0,

    /* U+0033 "3" */
    0x0, 0x3, 0x9d, 0xff, 0xeb, 0x71, 0x0, 0x0,
    0x9, 0xff, 0xff, 0xff, 0xff, 0xe4, 0x0, 0xa,
    0xff, 0xff, 0xee, 0xff, 0xff, 0xf2, 0x3, 0xff,
    0xfd, 0x30, 0x0, 0x8f, 0xff, 0xa0, 0x8f, 0xff,
    0x20, 0x0, 0x0, 0xcf, 0xfe, 0x3, 0x55, 0x40,
    0x0, 0x0, 0x9, 0xff, 0xf0, 0x0, 0x0, 0x0,
    0x0, 0x0, 0xcf, 0xfc, 0x0, 0x0, 0x0, 0x0,
    0x1, 0x9f, 0xff, 0x40, 0x0, 0x0, 0x3c, 0xcd,
    0xff, 0xff, 0x60, 0x0, 0x0, 0x4, 0xff, 0xff,
    0xff, 0x30, 0x0, 0x0, 0x0, 0x4f, 0xff, 0xff,
    0xff, 0x60, 0x0, 0x0, 0x0, 0x0, 0x14, 0xcf,
    0xff, 0x50, 0x0, 0x0, 0x0, 0x0, 0x0, 0xdf,
    0xfd, 0x0, 0x0, 0x0, 0x0, 0x0, 0x6, 0xff,
    0xf2, 0x11, 0x11, 0x0, 0x0, 0x0, 0x4f, 0xff,
    0x4c, 0xff, 0xd0, 0x0, 0x0, 0x5, 0xff, 0xf3,
    0xaf, 0xff, 0x20, 0x0, 0x0, 0xbf, 0xff, 0x4,
    0xff, 0xfd, 0x30, 0x0, 0x8f, 0xff, 0xa0, 0xa,
    0xff, 0xff, 0xfe, 0xff, 0xff, 0xe1, 0x0, 0x9,
    0xff, 0xff, 0xff, 0xff, 0xd2, 0x0, 0x0, 0x3,
    0x9d, 0xff, 0xeb, 0x50, 0x0, 0x0,

    /* U+0034 "4" */
    0x0, 0x0, 0x0, 0x0, 0x5, 0xff, 0xfa, 0x0,
    0x0, 0x0, 0x0, 0x0, 0x1, 0xef, 0xff, 0xa0,
    0x0, 0x0, 0x0, 0x0, 0x0, 0xbf, 0xff, 0xfa,
    0x0, 0x0, 0x0, 0x0, 0x0, 0x5f, 0xff, 0xff,
    0xa0, 0x0, 0x0, 0x0, 0x0, 0x1e, 0xff, 0xff,
    0xfa, 0x0, 0x0, 0x0, 0x0, 0xa, 0xff, 0x8e,
    0xff, 0xa0, 0x0, 0x0, 0x0, 0x5, 0xff, 0xd0,
    0xef, 0xfa, 0x0, 0x0, 0x0, 0x1, 0xef, 0xf3,
    0xe, 0xff, 0xa0, 0x0, 0x0, 0x0, 0xaf, 0xf8,
    0x0, 0xef, 0xfa, 0x0, 0x0, 0x0, 0x5f, 0xfd,
    0x0, 0xe, 0xff, 0xa0, 0x0, 0x0, 0x1e, 0xff,
    0x40, 0x0, 0xef, 0xfa, 0x0, 0x0, 0xa, 0xff,
    0x90, 0x0, 0xe, 0xff, 0xa0, 0x0, 0x5, 0xff,
    0xe0, 0x0, 0x0, 0xef, 0xfa, 0x0, 0x1, 0xef,
    0xfe, 0xdd, 0xdd, 0xdf, 0xff, 0xfd, 0xd3, 0x3f,
    0xff, 0xff, 0xff, 0xff, 0xff, 0xff, 0xff, 0x42,
    0xff, 0xff, 0xff, 0xff, 0xff, 0xff, 0xff, 0xf4,
    0x0, 0x0, 0x0, 0x0, 0x0, 0xef, 0xfa, 0x0,
    0x0, 0x0, 0x0, 0x0, 0x0, 0xe, 0xff, 0xa0,
    0x0, 0x0, 0x0, 0x0, 0x0, 0x0, 0xef, 0xfa,
    0x0, 0x0, 0x0, 0x0, 0x0, 0x0, 0xe, 0xff,
    0xa0, 0x0, 0x0, 0x0, 0x0, 0x0, 0x0, 0xef,
    0xfa, 0x0, 0x0,

    /* U+0035 "5" */
    0x0, 0x5f, 0xff, 0xff, 0xff, 0xff, 0xff, 0x20,
    0x7, 0xff, 0xff, 0xff, 0xff, 0xff, 0xf2, 0x0,
    0x9f, 0xff, 0xff, 0xff, 0xff, 0xff, 0x20, 0xb,
    0xff, 0xa0, 0x0, 0x0, 0x0, 0x0, 0x0, 0xcf,
    0xf7, 0x0, 0x0, 0x0, 0x0, 0x0, 0xe, 0xff,
    0x50, 0x0, 0x0, 0x0, 0x0, 0x0, 0xff, 0xf3,
    0x0, 0x0, 0x0, 0x0, 0x0, 0x2f, 0xff, 0x6b,
    0xef, 0xeb, 0x50, 0x0, 0x3, 0xff, 0xff, 0xff,
    0xff, 0xff, 0xa0, 0x0, 0x5f, 0xff, 0xff, 0xdf,
    0xff, 0xff, 0x90, 0x3, 0x9d, 0xe4, 0x0, 0x5,
    0xff, 0xff, 0x20, 0x0, 0x0, 0x0, 0x0, 0x5,
    0xff, 0xf8, 0x0, 0x0, 0x0, 0x0, 0x0, 0xe,
    0xff, 0xb0, 0x0, 0x0, 0x0, 0x0, 0x0, 0xbf,
    0xfc, 0x0, 0x0, 0x0, 0x0, 0x0, 0xc, 0xff,
    0xc0, 0xef, 0xf6, 0x0, 0x0, 0x0, 0xef, 0xfb,
    0xd, 0xff, 0xc0, 0x0, 0x0, 0x5f, 0xff, 0x70,
    0x7f, 0xff, 0xa1, 0x0, 0x4e, 0xff, 0xf1, 0x0,
    0xcf, 0xff, 0xfe, 0xef, 0xff, 0xf7, 0x0, 0x1,
    0xbf, 0xff, 0xff, 0xff, 0xf7, 0x0, 0x0, 0x0,
    0x4a, 0xef, 0xfd, 0x92, 0x0, 0x0,

    /* U+0036 "6" */
    0x0, 0x0, 0x0, 0x16, 0xbd, 0xea, 0x0, 0x0,
    0x0, 0x0, 0x8f, 0xff, 0xff, 0xa0, 0x0, 0x0,
    0x1, 0xcf, 0xff, 0xff, 0xfa, 0x0, 0x0, 0x0,
    0xdf, 0xff, 0xc6, 0x10, 0x0, 0x0, 0x0, 0x8f,
    0xff, 0x70, 0x0, 0x0, 0x0, 0x0, 0x1f, 0xff,
    0x80, 0x0, 0x0, 0x0, 0x0, 0x7, 0xff, 0xe0,
    0x0, 0x0, 0x0, 0x0, 0x0, 0xcf, 0xf9, 0x29,
    0xdf, 0xeb, 0x50, 0x0, 0xf, 0xff, 0xbf, 0xff,
    0xff, 0xff, 0xa0, 0x2, 0xff, 0xff, 0xff, 0xee,
    0xff, 0xff, 0x80, 0x3f, 0xff, 0xfa, 0x20, 0x4,
    0xff, 0xff, 0x24, 0xff, 0xfb, 0x0, 0x0, 0x6,
    0xff, 0xf7, 0x4f, 0xff, 0x40, 0x0, 0x0, 0xf,
    0xff, 0xb3, 0xff, 0xf5, 0x0, 0x0, 0x0, 0xcf,
    0xfc, 0x2f, 0xff, 0x70, 0x0, 0x0, 0xc, 0xff,
    0xc0, 0xef, 0xfa, 0x0, 0x0, 0x0, 0xef, 0xfa,
    0x9, 0xff, 0xf2, 0x0, 0x0, 0x5f, 0xff, 0x60,
    0x2f, 0xff, 0xd2, 0x0, 0x4e, 0xff, 0xe0, 0x0,
    0x7f, 0xff, 0xfe, 0xef, 0xff, 0xf5, 0x0, 0x0,
    0x7f, 0xff, 0xff, 0xff, 0xf5, 0x0, 0x0, 0x0,
    0x29, 0xdf, 0xfd, 0x81, 0x0, 0x0,

    /* U+0037 "7" */
    0xff, 0xff, 0xff, 0xff, 0xff, 0xff, 0xff, 0xcf,
    0xff, 0xff, 0xff, 0xff, 0xff, 0xff, 0xfc, 0xdd,
    0xdd, 0xdd, 0xdd, 0xdd, 0xdf, 0xff, 0x80, 0x0,
    0x0, 0x0, 0x0, 0x4, 0xff, 0xf1, 0x0, 0x0,
    0x0, 0x0, 0x0, 0xbf, 0xfa, 0x0, 0x0, 0x0,
    0x0, 0x0, 0x3f, 0xff, 0x30, 0x0, 0x0, 0x0,
    0x0, 0xa, 0xff, 0xc0, 0x0, 0x0, 0x0, 0x0,
    0x2, 0xff, 0xf4, 0x0, 0x0, 0x0, 0x0, 0x0,
    0x9f, 0xfd, 0x0, 0x0, 0x0, 0x0, 0x0, 0x1f,
    0xff, 0x60, 0x0, 0x0, 0x0, 0x0, 0x8, 0xff,
    0xe0, 0x0, 0x0, 0x0, 0x0, 0x1, 0xff, 0xf8,
    0x0, 0x0, 0x0, 0x0, 0x0, 0x7f, 0xff, 0x10,
    0x0, 0x0, 0x0, 0x0, 0xe, 0xff, 0x90, 0x0,
    0x0, 0x0, 0x0, 0x6, 0xff, 0xf2, 0x0, 0x0,
    0x0, 0x0, 0x0, 0xef, 0xfb, 0x0, 0x0, 0x0,
    0x0, 0x0, 0x5f, 0xff, 0x40, 0x0, 0x0, 0x0,
    0x0, 0xd, 0xff, 0xd0, 0x0, 0x0, 0x0, 0x0,
    0x4, 0xff, 0xf6, 0x0, 0x0, 0x0, 0x0, 0x0,
    0xcf, 0xfe, 0x0, 0x0, 0x0, 0x0, 0x0, 0x3f,
    0xff, 0x70, 0x0, 0x0, 0x0, 0x0,

    /* U+0038 "8" */
    0x0, 0x1, 0x8c, 0xef, 0xec, 0x81, 0x0, 0x0,
    0x5, 0xff, 0xff, 0xff, 0xff, 0xf5, 0x0, 0x3,
    0xff, 0xff, 0xfe, 0xff, 0xff, 0xf3, 0x0, 0xaf,
    0xff, 0x80, 0x0, 0x8f, 0xff, 0xb0, 0xe, 0xff,
    0xc0, 0x0, 0x0, 0xcf, 0xff, 0x0, 0xff, 0xf9,
    0x0, 0x0, 0x9, 0xff, 0xf0, 0xc, 0xff, 0xc0,
    0x0, 0x0, 0xbf, 0xfd, 0x0, 0x5f, 0xff, 0x80,
    0x0, 0x7f, 0xff, 0x50, 0x0, 0x8f, 0xff, 0xfd,
    0xff, 0xff, 0x80, 0x0, 0x0, 0x6f, 0xff, 0xff,
    0xff, 0x70, 0x0, 0x0, 0x7f, 0xff, 0xff, 0xff,
    0xff, 0x70, 0x0, 0x6f, 0xff, 0xa2, 0x2, 0xaf,
    0xff, 0x60, 0xe, 0xff, 0xb0, 0x0, 0x0, 0xbf,
    0xfe, 0x4, 0xff, 0xf4, 0x0, 0x0, 0x4, 0xff,
    0xf5, 0x6f, 0xff, 0x10, 0x0, 0x0, 0x1f, 0xff,
    0x76, 0xff, 0xf3, 0x0, 0x0, 0x3, 0xff, 0xf6,
    0x3f, 0xff, 0x90, 0x0, 0x0, 0x8f, 0xff, 0x40,
    0xef, 0xff, 0x70, 0x0, 0x6f, 0xff, 0xe0, 0x4,
    0xff, 0xff, 0xfd, 0xff, 0xff, 0xf5, 0x0, 0x5,
    0xff, 0xff, 0xff, 0xff, 0xf5, 0x0, 0x0, 0x1,
    0x8c, 0xef, 0xec, 0x81, 0x0, 0x0,

    /* U+0039 "9" */
    0x0, 0x0, 0x6c, 0xef, 0xd9, 0x30, 0x0, 0x0,
    0x3, 0xef, 0xff, 0xff, 0xff, 0x80, 0x0, 0x2,
    0xff, 0xff, 0xfe, 0xff, 0xff, 0x70, 0x0, 0xcf,
    0xff, 0x60, 0x2, 0xdf, 0xff, 0x20, 0x2f, 0xff,
    0x80, 0x0, 0x2, 0xff, 0xf9, 0x7, 0xff, 0xf1,
    0x0, 0x0, 0xa, 0xff, 0xe0, 0x9f, 0xff, 0x0,
    0x0, 0x0, 0x6f, 0xff, 0x19, 0xff, 0xe0, 0x0,
    0x0, 0x5, 0xff, 0xf3, 0x8f, 0xff, 0x10, 0x0,
    0x0, 0x4f, 0xff, 0x45, 0xff, 0xf7, 0x0, 0x0,
    0x9, 0xff, 0xf4, 0xe, 0xff, 0xf4, 0x0, 0x8,
    0xff, 0xff, 0x30, 0x6f, 0xff, 0xfd, 0xcf, 0xff,
    0xff, 0xf2, 0x0, 0x8f, 0xff, 0xff, 0xff, 0xaf,
    0xff, 0x0, 0x0, 0x4a, 0xef, 0xe9, 0x28, 0xff,
    0xd0, 0x0, 0x0, 0x0, 0x0, 0x0, 0xcf, 0xf9,
    0x0, 0x0, 0x0, 0x0, 0x0, 0x4f, 0xff, 0x20,
    0x0, 0x0, 0x0, 0x0, 0x3e, 0xff, 0xb0, 0x0,
    0x0, 0x0, 0x3, 0x9f, 0xff, 0xe1, 0x0, 0x0,
    0x8, 0xff, 0xff, 0xff, 0xe3, 0x0, 0x0, 0x0,
    0x8f, 0xff, 0xff, 0xb2, 0x0, 0x0, 0x0, 0x8,
    0xfe, 0xc8, 0x30, 0x0, 0x0, 0x0,

    /* U+003A ":" */
    0x6, 0xee, 0x50, 0xf, 0xff, 0xf0, 0xf, 0xff,
    0xe0, 0x5, 0xcc, 0x40, 0x0, 0x0, 0x0, 0x0,
    0x0, 0x0, 0x0, 0x0, 0x0, 0x0, 0x0, 0x0,
    0x0, 0x0, 0x0, 0x0, 0x0, 0x0, 0x0, 0x0,
    0x0, 0x0, 0x0, 0x0, 0x4, 0xcc, 0x40, 0xf,
    0xff, 0xe0, 0xf, 0xff, 0xf0, 0x6, 0xee, 0x60,

    /* U+003B ";" */
    0x0, 0xaf, 0xd2, 0x5, 0xff, 0xfa, 0x4, 0xff,
    0xfa, 0x0, 0x8d, 0xb1, 0x0, 0x0, 0x0, 0x0,
    0x0, 0x0, 0x0, 0x0, 0x0, 0x0, 0x0, 0x0,
    0x0, 0x0, 0x0, 0x0, 0x0, 0x0, 0x0, 0x0,
    0x0, 0x0, 0x0, 0x0, 0x0, 0x12, 0x20, 0x0,
    0xdf, 0xf5, 0x0, 0xdf, 0xf5, 0x0, 0xdf, 0xf5,
    0x0, 0xef, 0xf3, 0x2, 0xff, 0xe0, 0x8, 0xff,
    0x80, 0x1f, 0xfe, 0x0, 0x6, 0xd3, 0x0, 0x0,
    0x0, 0x0,

    /* U+003C "<" */
    0x0, 0x0, 0x0, 0x0, 0x0, 0x4, 0xb2, 0x0,
    0x0, 0x0, 0x0, 0x5, 0xdf, 0xf3, 0x0, 0x0,
    0x0, 0x17, 0xef, 0xff, 0xf3, 0x0, 0x0, 0x29,
    0xff, 0xff, 0xff, 0xc1, 0x0, 0x4b, 0xff, 0xff,
    0xfe, 0x92, 0x0, 0xd, 0xff, 0xff, 0xfb, 0x50,
    0x0, 0x0, 0x1f, 0xff, 0xe7, 0x10, 0x0, 0x0,
    0x0, 0x1f, 0xff, 0xfc, 0x61, 0x0, 0x0, 0x0,
    0x7, 0xef, 0xff, 0xff, 0xa4, 0x0, 0x0, 0x0,
    0x5, 0xcf, 0xff, 0xff, 0xe8, 0x20, 0x0, 0x0,
    0x3, 0xaf, 0xff, 0xff, 0xf2, 0x0, 0x0, 0x0,
    0x2, 0x8f, 0xff, 0xf3, 0x0, 0x0, 0x0, 0x0,
    0x0, 0x7d, 0xf3, 0x0, 0x0, 0x0, 0x0, 0x0,
    0x0, 0x51,

    /* U+003D "=" */
    0xef, 0xff, 0xff, 0xff, 0xff, 0xff, 0xce, 0xff,
    0xff, 0xff, 0xff, 0xff, 0xfc, 0xdf, 0xff, 0xff,
    0xff, 0xff, 0xff, 0xb0, 0x0, 0x0, 0x0, 0x0,
    0x0, 0x0, 0x0, 0x0, 0x0, 0x0, 0x0, 0x0,
    0x0, 0x0, 0x0, 0x0, 0x0, 0x0, 0x0, 0xce,
    0xee, 0xee, 0xee, 0xee, 0xee, 0xbe, 0xff, 0xff,
    0xff, 0xff, 0xff, 0xfc, 0xef, 0xff, 0xff, 0xff,
    0xff, 0xff, 0xc0,

    /* U+003E ">" */
    0x1b, 0x40, 0x0, 0x0, 0x0, 0x0, 0x0, 0x2f,
    0xfd, 0x71, 0x0, 0x0, 0x0, 0x0, 0x2f, 0xff,
    0xff, 0x92, 0x0, 0x0, 0x0, 0xb, 0xff, 0xff,
    0xff, 0xb5, 0x0, 0x0, 0x0, 0x16, 0xcf, 0xff,
    0xff, 0xe7, 0x10, 0x0, 0x0, 0x2, 0x8e, 0xff,
    0xff, 0xf6, 0x0, 0x0, 0x0, 0x0, 0x3b, 0xff,
    0xf8, 0x0, 0x0, 0x0, 0x5, 0xbf, 0xff, 0xf8,
    0x0, 0x0, 0x39, 0xef, 0xff, 0xff, 0xa2, 0x1,
    0x7d, 0xff, 0xff, 0xfe, 0x81, 0x0, 0x1f, 0xff,
    0xff, 0xfc, 0x50, 0x0, 0x0, 0x2f, 0xff, 0xfa,
    0x30, 0x0, 0x0, 0x0, 0x2f, 0xe7, 0x10, 0x0,
    0x0, 0x0, 0x0, 0x15, 0x0, 0x0, 0x0, 0x0,
    0x0, 0x0,

    /* U+003F "?" */
    0x0, 0x2, 0x8d, 0xff, 0xeb, 0x50, 0x0, 0x0,
    0x5f, 0xff, 0xff, 0xff, 0xfc, 0x10, 0x4, 0xff,
    0xff, 0xff, 0xff, 0xff, 0xb0, 0xc, 0xff, 0xf7,
    0x10, 0x3d, 0xff, 0xf2, 0xf, 0xff, 0xa0, 0x0,
    0x4, 0xff, 0xf6, 0x7, 0x77, 0x30, 0x0, 0x1,
    0xff, 0xf7, 0x0, 0x0, 0x0, 0x0, 0x3, 0xff,
    0xf5, 0x0, 0x0, 0x0, 0x0, 0xb, 0xff, 0xf0,
    0x0, 0x0, 0x0, 0x0, 0x9f, 0xff, 0x60, 0x0,
    0x0, 0x0, 0x9, 0xff, 0xfa, 0x0, 0x0, 0x0,
    0x0, 0x8f, 0xff, 0xa0, 0x0, 0x0, 0x0, 0x3,
    0xff, 0xfa, 0x0, 0x0, 0x0, 0x0, 0x9, 0xff,
    0xe0, 0x0, 0x0, 0x0, 0x0, 0xc, 0xff, 0xa0,
    0x0, 0x0, 0x0, 0x0, 0x9, 0xbb, 0x50, 0x0,
    0x0, 0x0, 0x0, 0x0, 0x0, 0x0, 0x0, 0x0,
    0x0, 0x0, 0x0, 0x0, 0x0, 0x0, 0x0, 0x0,
    0x0, 0x4, 0xba, 0x20, 0x0, 0x0, 0x0, 0x0,
    0xf, 0xff, 0xc0, 0x0, 0x0, 0x0, 0x0, 0xf,
    0xff, 0xd0, 0x0, 0x0, 0x0, 0x0, 0x7, 0xfe,
    0x40, 0x0, 0x0,

    /* U+0040 "@" */
    0x0, 0x0, 0x0, 0x0, 0x27, 0xbe, 0xff, 0xec,
    0x94, 0x0, 0x0, 0x0, 0x0, 0x0, 0x0, 0x2,
    0xaf, 0xff, 0xff, 0xff, 0xff, 0xfd, 0x50, 0x0,
    0x0, 0x0, 0x0, 0x5, 0xff, 0xfd, 0x84, 0x33,
    0x46, 0xaf, 0xff, 0xa0, 0x0, 0x0, 0x0, 0x6,
    0xff, 0xe4, 0x0, 0x0, 0x0, 0x0, 0x19, 0xff,
    0xa0, 0x0, 0x0, 0x4, 0xff, 0xc1, 0x0, 0x0,
    0x0, 0x0, 0x0, 0x6, 0xff, 0x70, 0x0, 0x1,
    0xef, 0xd0, 0x0, 0x0, 0x0, 0x0, 0x0, 0x0,
    0x8, 0xff, 0x10, 0x0, 0x9f, 0xf2, 0x0, 0x0,
    0x19, 0xef, 0xea, 0x40, 0x0, 0xe, 0xf7, 0x0,
    0x1f, 0xf9, 0x0, 0x0, 0x2e, 0xff, 0xff, 0xff,
    0x80, 0x0, 0x8f, 0xd0, 0x8, 0xff, 0x20, 0x0,
    0x1e, 0xff, 0x84, 0x5f, 0xfb, 0x0, 0x3, 0xff,
    0x10, 0xdf, 0xc0, 0x0, 0xa, 0xff, 0x40, 0x0,
    0xff, 0xa0, 0x0, 0xf, 0xf4, 0x1f, 0xf7, 0x0,
    0x2, 0xff, 0xa0, 0x0, 0x1f, 0xf8, 0x0, 0x0,
    0xdf, 0x64, 0xff, 0x40, 0x0, 0x8f, 0xf4, 0x0,
    0x2, 0xff, 0x70, 0x0, 0xc, 0xf7, 0x6f, 0xf2,
    0x0, 0xc, 0xff, 0x0, 0x0, 0x4f, 0xf5, 0x0,
    0x0, 0xcf, 0x77, 0xff, 0x10, 0x0, 0xff, 0xd0,
    0x0, 0x5, 0xff, 0x40, 0x0, 0xd, 0xf7, 0x7f,
    0xf0, 0x0, 0x2f, 0xfb, 0x0, 0x0, 0x7f, 0xf2,
    0x0, 0x0, 0xff, 0x57, 0xff, 0x0, 0x2, 0xff,
    0xb0, 0x0, 0x8, 0xff, 0x10, 0x0, 0x1f, 0xf2,
    0x6f, 0xf2, 0x0, 0x2f, 0xfc, 0x0, 0x0, 0xdf,
    0xf0, 0x0, 0x7, 0xfe, 0x4, 0xff, 0x40, 0x0,
    0xff, 0xf1, 0x0, 0x6f, 0xff, 0x10, 0x1, 0xef,
    0x80, 0x1f, 0xf8, 0x0, 0xa, 0xff, 0xd7, 0xaf,
    0xff, 0xfa, 0x13, 0xcf, 0xe0, 0x0, 0xdf, 0xd0,
    0x0, 0x2f, 0xff, 0xff, 0xe3, 0xcf, 0xff, 0xff,
    0xe3, 0x0, 0x7, 0xff, 0x40, 0x0, 0x2b, 0xfe,
    0xa2, 0x1, 0x9e, 0xfd, 0x91, 0x0, 0x0, 0x1f,
    0xfd, 0x0, 0x0, 0x0, 0x0, 0x0, 0x0, 0x0,
    0x0, 0x0, 0x0, 0x0, 0x6f, 0xfb, 0x0, 0x0,
    0x0, 0x0, 0x0, 0x0, 0x0, 0x0, 0x0, 0x0,
    0x0, 0xaf, 0xfd, 0x40, 0x0, 0x0, 0x0, 0x0,
    0x0, 0x0, 0x0, 0x0, 0x0, 0x0, 0x9f, 0xff,
    0xc8, 0x53, 0x34, 0x7a, 0xf3, 0x0, 0x0, 0x0,
    0x0, 0x0, 0x0, 0x4d, 0xff, 0xff, 0xff, 0xff,
    0xff, 0x60, 0x0, 0x0, 0x0, 0x0, 0x0, 0x0,
    0x4, 0x8c, 0xef, 0xfe, 0xc8, 0x30, 0x0, 0x0,
    0x0, 0x0,

    /* U+0041 "A" */
    0x0, 0x0, 0x0, 0x0, 0xdf, 0xfd, 0x0, 0x0,
    0x0, 0x0, 0x0, 0x0, 0x0, 0x4, 0xff, 0xff,
    0x30, 0x0, 0x0, 0x0, 0x0, 0x0, 0x0, 0xa,
    0xff, 0xff, 0x90, 0x0, 0x0, 0x0, 0x0, 0x0,
    0x0, 0xf, 0xff, 0xff, 0xf0, 0x0, 0x0, 0x0,
    0x0, 0x0, 0x0, 0x6f, 0xfe, 0xff, 0xf5, 0x0,
    0x0, 0x0, 0x0, 0x0, 0x0, 0xcf, 0xf9, 0xaf,
    0xfc, 0x0, 0x0, 0x0, 0x0, 0x0, 0x2, 0xff,
    0xf3, 0x4f, 0xff, 0x20, 0x0, 0x0, 0x0, 0x0,
    0x8, 0xff, 0xd0, 0xe, 0xff, 0x80, 0x0, 0x0,
    0x0, 0x0, 0xe, 0xff, 0x80, 0x9, 0xff, 0xe0,
    0x0, 0x0, 0x0, 0x0, 0x5f, 0xff, 0x20, 0x3,
    0xff, 0xf4, 0x0, 0x0, 0x0, 0x0, 0xbf, 0xfc,
    0x0, 0x0, 0xdf, 0xfa, 0x0, 0x0, 0x0, 0x1,
    0xff, 0xf6, 0x0, 0x0, 0x7f, 0xff, 0x10, 0x0,
    0x0, 0x7, 0xff, 0xf1, 0x0, 0x0, 0x2f, 0xff,
    0x70, 0x0, 0x0, 0xd, 0xff, 0xff, 0xff, 0xff,
    0xff, 0xff, 0xd0, 0x0, 0x0, 0x3f, 0xff, 0xff,
    0xff, 0xff, 0xff, 0xff, 0xf3, 0x0, 0x0, 0xaf,
    0xff, 0xff, 0xff, 0xff, 0xff, 0xff, 0xf9, 0x0,
    0x0, 0xff, 0xfa, 0x0, 0x0, 0x0, 0x0, 0xbf,
    0xff, 0x0, 0x6, 0xff, 0xf5, 0x0, 0x0, 0x0,
    0x0, 0x5f, 0xff, 0x50, 0xc, 0xff, 0xf0, 0x0,
    0x0, 0x0, 0x0, 0xf, 0xff, 0xc0, 0x2f, 0xff,
    0xa0, 0x0, 0x0, 0x0, 0x0, 0xa, 0xff, 0xf2,
    0x8f, 0xff, 0x40, 0x0, 0x0, 0x0, 0x0, 0x5,
    0xff, 0xf8,

    /* U+0042 "B" */
    0xdf, 0xff, 0xff, 0xff, 0xfd, 0xa5, 0x0, 0x0,
    0xdf, 0xff, 0xff, 0xff, 0xff, 0xff, 0xd2, 0x0,
    0xdf, 0xff, 0xff, 0xff, 0xff, 0xff, 0xfe, 0x0,
    0xdf, 0xfe, 0x0, 0x0, 0x14, 0xdf, 0xff, 0x70,
    0xdf, 0xfe, 0x0, 0x0, 0x0, 0x2f, 0xff, 0xb0,
    0xdf, 0xfe, 0x0, 0x0, 0x0, 0xe, 0xff, 0xd0,
    0xdf, 0xfe, 0x0, 0x0, 0x0, 0xe, 0xff, 0xc0,
    0xdf, 0xfe, 0x0, 0x0, 0x0, 0x4f, 0xff, 0x80,
    0xdf, 0xfe, 0x0, 0x0, 0x26, 0xef, 0xfe, 0x10,
    0xdf, 0xff, 0xff, 0xff, 0xff, 0xff, 0xc2, 0x0,
    0xdf, 0xff, 0xff, 0xff, 0xff, 0xff, 0x71, 0x0,
    0xdf, 0xff, 0xbb, 0xbb, 0xce, 0xff, 0xfd, 0x10,
    0xdf, 0xfe, 0x0, 0x0, 0x0, 0x5f, 0xff, 0xb0,
    0xdf, 0xfe, 0x0, 0x0, 0x0, 0x9, 0xff, 0xf2,
    0xdf, 0xfe, 0x0, 0x0, 0x0, 0x5, 0xff, 0xf5,
    0xdf, 0xfe, 0x0, 0x0, 0x0, 0x6, 0xff, 0xf5,
    0xdf, 0xfe, 0x0, 0x0, 0x0, 0xb, 0xff, 0xf3,
    0xdf, 0xfe, 0x0, 0x0, 0x2, 0xaf, 0xff, 0xe0,
    0xdf, 0xff, 0xff, 0xff, 0xff, 0xff, 0xff, 0x50,
    0xdf, 0xff, 0xff, 0xff, 0xff, 0xff, 0xf5, 0x0,
    0xdf, 0xff, 0xff, 0xff, 0xfe, 0xb7, 0x10, 0x0,

    /* U+0043 "C" */
    0x0, 0x0, 0x3, 0x9d, 0xff, 0xeb, 0x71, 0x0,
    0x0, 0x0, 0x1, 0xbf, 0xff, 0xff, 0xff, 0xff,
    0x70, 0x0, 0x0, 0x1d, 0xff, 0xff, 0xff, 0xff,
    0xff, 0xf8, 0x0, 0x0, 0xcf, 0xff, 0xc4, 0x0,
    0x27, 0xef, 0xff, 0x40, 0x5, 0xff, 0xfb, 0x0,
    0x0, 0x0, 0x2f, 0xff, 0xc0, 0xc, 0xff, 0xf1,
    0x0, 0x0, 0x0, 0xa, 0xff, 0xf2, 0x1f, 0xff,
    0xa0, 0x0, 0x0, 0x0, 0x5, 0xff, 0xf5, 0x5f,
    0xff, 0x60, 0x0, 0x0, 0x0, 0x0, 0x11, 0x10,
    0x7f, 0xff, 0x40, 0x0, 0x0, 0x0, 0x0, 0x0,
    0x0, 0x7f, 0xff, 0x30, 0x0, 0x0, 0x0, 0x0,
    0x0, 0x0, 0x8f, 0xff, 0x30, 0x0, 0x0, 0x0,
    0x0, 0x0, 0x0, 0x7f, 0xff, 0x30, 0x0, 0x0,
    0x0, 0x0, 0x0, 0x0, 0x7f, 0xff, 0x40, 0x0,
    0x0, 0x0, 0x0, 0x0, 0x0, 0x5f, 0xff, 0x60,
    0x0, 0x0, 0x0, 0x0, 0x0, 0x0, 0x2f, 0xff,
    0x90, 0x0, 0x0, 0x0, 0x5, 0xff, 0xf5, 0xd,
    0xff, 0xe0, 0x0, 0x0, 0x0, 0x9, 0xff, 0xf2,
    0x6, 0xff, 0xfa, 0x0, 0x0, 0x0, 0x2f, 0xff,
    0xd0, 0x0, 0xcf, 0xff, 0xb3, 0x0, 0x16, 0xef,
    0xff, 0x40, 0x0, 0x2e, 0xff, 0xff, 0xff, 0xff,
    0xff, 0xf8, 0x0, 0x0, 0x1, 0xbf, 0xff, 0xff,
    0xff, 0xff, 0x70, 0x0, 0x0, 0x0, 0x4, 0xad,
    0xff, 0xeb, 0x71, 0x0, 0x0,

    /* U+0044 "D" */
    0xdf, 0xff, 0xff, 0xff, 0xc9, 0x30, 0x0, 0x0,
    0xd, 0xff, 0xff, 0xff, 0xff, 0xff, 0xb1, 0x0,
    0x0, 0xdf, 0xff, 0xff, 0xff, 0xff, 0xff, 0xe3,
    0x0, 0xd, 0xff, 0xe0, 0x0, 0x4, 0xbf, 0xff,
    0xe1, 0x0, 0xdf, 0xfe, 0x0, 0x0, 0x0, 0x7f,
    0xff, 0xb0, 0xd, 0xff, 0xe0, 0x0, 0x0, 0x0,
    0xaf, 0xff, 0x30, 0xdf, 0xfe, 0x0, 0x0, 0x0,
    0x3, 0xff, 0xf9, 0xd, 0xff, 0xe0, 0x0, 0x0,
    0x0, 0xe, 0xff, 0xd0, 0xdf, 0xfe, 0x0, 0x0,
    0x0, 0x0, 0xbf, 0xff, 0xd, 0xff, 0xe0, 0x0,
    0x0, 0x0, 0xa, 0xff, 0xf0, 0xdf, 0xfe, 0x0,
    0x0, 0x0, 0x0, 0xaf, 0xff, 0x1d, 0xff, 0xe0,
    0x0, 0x0, 0x0, 0xa, 0xff, 0xf0, 0xdf, 0xfe,
    0x0, 0x0, 0x0, 0x0, 0xbf, 0xff, 0xd, 0xff,
    0xe0, 0x0, 0x0, 0x0, 0xe, 0xff, 0xd0, 0xdf,
    0xfe, 0x0, 0x0, 0x0, 0x3, 0xff, 0xf9, 0xd,
    0xff, 0xe0, 0x0, 0x0, 0x0, 0xbf, 0xff, 0x30,
    0xdf, 0xfe, 0x0, 0x0, 0x0, 0x7f, 0xff, 0xb0,
    0xd, 0xff, 0xe0, 0x0, 0x4, 0xbf, 0xff, 0xe2,
    0x0, 0xdf, 0xff, 0xff, 0xff, 0xff, 0xff, 0xe3,
    0x0, 0xd, 0xff, 0xff, 0xff, 0xff, 0xff, 0xb2,
    0x0, 0x0, 0xdf, 0xff, 0xff, 0xfe, 0xc8, 0x30,
    0x0, 0x0, 0x0,

    /* U+0045 "E" */
    0xdf, 0xff, 0xff, 0xff, 0xff, 0xff, 0xff, 0xd,
    0xff, 0xff, 0xff, 0xff, 0xff, 0xff, 0xf0, 0xdf,
    0xff, 0xff, 0xff, 0xff, 0xff, 0xff, 0xd, 0xff,
    0xe0, 0x0, 0x0, 0x0, 0x0, 0x0, 0xdf, 0xfe,
    0x0, 0x0, 0x0, 0x0, 0x0, 0xd, 0xff, 0xe0,
    0x0, 0x0, 0x0, 0x0, 0x0, 0xdf, 0xfe, 0x0,
    0x0, 0x0, 0x0, 0x0, 0xd, 0xff, 0xe0, 0x0,
    0x0, 0x0, 0x0, 0x0, 0xdf, 0xfe, 0x0, 0x0,
    0x0, 0x0, 0x0, 0xd, 0xff, 0xff, 0xff, 0xff,
    0xff, 0xfa, 0x0, 0xdf, 0xff, 0xff, 0xff, 0xff,
    0xff, 0xa0, 0xd, 0xff, 0xfe, 0xee, 0xee, 0xee,
    0xe9, 0x0, 0xdf, 0xfe, 0x0, 0x0, 0x0, 0x0,
    0x0, 0xd, 0xff, 0xe0, 0x0, 0x0, 0x0, 0x0,
    0x0, 0xdf, 0xfe, 0x0, 0x0, 0x0, 0x0, 0x0,
    0xd, 0xff, 0xe0, 0x0, 0x0, 0x0, 0x0, 0x0,
    0xdf, 0xfe, 0x0, 0x0, 0x0, 0x0, 0x0, 0xd,
    0xff, 0xe0, 0x0, 0x0, 0x0, 0x0, 0x0, 0xdf,
    0xff, 0xff, 0xff, 0xff, 0xff, 0xff, 0x1d, 0xff,
    0xff, 0xff, 0xff, 0xff, 0xff, 0xf1, 0xdf, 0xff,
    0xff, 0xff, 0xff, 0xff, 0xff, 0x10,

    /* U+0046 "F" */
    0xdf, 0xff, 0xff, 0xff, 0xff, 0xff, 0xfb, 0xdf,
    0xff, 0xff, 0xff, 0xff, 0xff, 0xfb, 0xdf, 0xff,
    0xff, 0xff, 0xff, 0xff, 0xfa, 0xdf, 0xfe, 0x0,
    0x0, 0x0, 0x0, 0x0, 0xdf, 0xfe, 0x0, 0x0,
    0x0, 0x0, 0x0, 0xdf, 0xfe, 0x0, 0x0, 0x0,
    0x0, 0x0, 0xdf, 0xfe, 0x0, 0x0, 0x0, 0x0,
    0x0, 0xdf, 0xfe, 0x0, 0x0, 0x0, 0x0, 0x0,
    0xdf, 0xfe, 0x0, 0x0, 0x0, 0x0, 0x0, 0xdf,
    0xff, 0xff, 0xff, 0xff, 0xff, 0x60, 0xdf, 0xff,
    0xff, 0xff, 0xff, 0xff, 0x70, 0xdf, 0xff, 0xff,
    0xff, 0xff, 0xff, 0x70, 0xdf, 0xfe, 0x0, 0x0,
    0x0, 0x0, 0x0, 0xdf, 0xfe, 0x0, 0x0, 0x0,
    0x0, 0x0, 0xdf, 0xfe, 0x0, 0x0, 0x0, 0x0,
    0x0, 0xdf, 0xfe, 0x0, 0x0, 0x0, 0x0, 0x0,
    0xdf, 0xfe, 0x0, 0x0, 0x0, 0x0, 0x0, 0xdf,
    0xfe, 0x0, 0x0, 0x0, 0x0, 0x0, 0xdf, 0xfe,
    0x0, 0x0, 0x0, 0x0, 0x0, 0xdf, 0xfe, 0x0,
    0x0, 0x0, 0x0, 0x0, 0xdf, 0xfe, 0x0, 0x0,
    0x0, 0x0, 0x0,

    /* U+0047 "G" */
    0x0, 0x0, 0x4, 0x9d, 0xef, 0xec, 0x93, 0x0,
    0x0, 0x0, 0x1, 0xbf, 0xff, 0xff, 0xff, 0xff,
    0xa0, 0x0, 0x0, 0x1d, 0xff, 0xff, 0xff, 0xff,
    0xff, 0xfc, 0x0, 0x0, 0xcf, 0xff, 0xc4, 0x0,
    0x15, 0xdf, 0xff, 0x80, 0x5, 0xff, 0xfc, 0x0,
    0x0, 0x0, 0x1e, 0xff, 0xf0, 0xc, 0xff, 0xf2,
    0x0, 0x0, 0x0, 0x7, 0xff, 0xf4, 0xf, 0xff,
    0xb0, 0x0, 0x0, 0x0, 0x1, 0x77, 0x73, 0x4f,
    0xff, 0x70, 0x0, 0x0, 0x0, 0x0, 0x0, 0x0,
    0x5f, 0xff, 0x50, 0x0, 0x0, 0x0, 0x0, 0x0,
    0x0, 0x6f, 0xff, 0x40, 0x0, 0x0, 0x0, 0x0,
    0x0, 0x0, 0x7f, 0xff, 0x40, 0x0, 0x9, 0xff,
    0xff, 0xff, 0xf8, 0x7f, 0xff, 0x40, 0x0, 0x9,
    0xff, 0xff, 0xff, 0xf8, 0x6f, 0xff, 0x50, 0x0,
    0x7, 0xcc, 0xcd, 0xff, 0xf8, 0x4f, 0xff, 0x80,
    0x0, 0x0, 0x0, 0x2, 0xff, 0xf8, 0xf, 0xff,
    0xc0, 0x0, 0x0, 0x0, 0x2, 0xff, 0xf8, 0xb,
    0xff, 0xf4, 0x0, 0x0, 0x0, 0x2, 0xff, 0xf8,
    0x4, 0xff, 0xfe, 0x10, 0x0, 0x0, 0x3, 0xff,
    0xf8, 0x0, 0x9f, 0xff, 0xe6, 0x10, 0x1, 0x6d,
    0xff, 0xf8, 0x0, 0xb, 0xff, 0xff, 0xff, 0xff,
    0xff, 0xff, 0xd1, 0x0, 0x0, 0x8f, 0xff, 0xff,
    0xff, 0xff, 0xf9, 0x10, 0x0, 0x0, 0x2, 0x8c,
    0xef, 0xfd, 0xb7, 0x20, 0x0,

    /* U+0048 "H" */
    0xdf, 0xfe, 0x0, 0x0, 0x0, 0x0, 0x9, 0xff,
    0xf1, 0xdf, 0xfe, 0x0, 0x0, 0x0, 0x0, 0x9,
    0xff, 0xf1, 0xdf, 0xfe, 0x0, 0x0, 0x0, 0x0,
    0x9, 0xff, 0xf1, 0xdf, 0xfe, 0x0, 0x0, 0x0,
    0x0, 0x9, 0xff, 0xf1, 0xdf, 0xfe, 0x0, 0x0,
    0x0, 0x0, 0x9, 0xff, 0xf1, 0xdf, 0xfe, 0x0,
    0x0, 0x0, 0x0, 0x9, 0xff, 0xf1, 0xdf, 0xfe,
    0x0, 0x0, 0x0, 0x0, 0x9, 0xff, 0xf1, 0xdf,
    0xfe, 0x0, 0x0, 0x0, 0x0, 0x9, 0xff, 0xf1,
    0xdf, 0xfe, 0x0, 0x0, 0x0, 0x0, 0x9, 0xff,
    0xf1, 0xdf, 0xff, 0xff, 0xff, 0xff, 0xff, 0xff,
    0xff, 0xf1, 0xdf, 0xff, 0xff, 0xff, 0xff, 0xff,
    0xff, 0xff, 0xf1, 0xdf, 0xff, 0xff, 0xff, 0xff,
    0xff, 0xff, 0xff, 0xf1, 0xdf, 0xfe, 0x0, 0x0,
    0x0, 0x0, 0x9, 0xff, 0xf1, 0xdf, 0xfe, 0x0,
    0x0, 0x0, 0x0, 0x9, 0xff, 0xf1, 0xdf, 0xfe,
    0x0, 0x0, 0x0, 0x0, 0x9, 0xff, 0xf1, 0xdf,
    0xfe, 0x0, 0x0, 0x0, 0x0, 0x9, 0xff, 0xf1,
    0xdf, 0xfe, 0x0, 0x0, 0x0, 0x0, 0x9, 0xff,
    0xf1, 0xdf, 0xfe, 0x0, 0x0, 0x0, 0x0, 0x9,
    0xff, 0xf1, 0xdf, 0xfe, 0x0, 0x0, 0x0, 0x0,
    0x9, 0xff, 0xf1, 0xdf, 0xfe, 0x0, 0x0, 0x0,
    0x0, 0x9, 0xff, 0xf1, 0xdf, 0xfe, 0x0, 0x0,
    0x0, 0x0, 0x9, 0xff, 0xf1,

    /* U+0049 "I" */
    0x9f, 0xff, 0x19, 0xff, 0xf1, 0x9f, 0xff, 0x19,
    0xff, 0xf1, 0x9f, 0xff, 0x19, 0xff, 0xf1, 0x9f,
    0xff, 0x19, 0xff, 0xf1, 0x9f, 0xff, 0x19, 0xff,
    0xf1, 0x9f, 0xff, 0x19, 0xff, 0xf1, 0x9f, 0xff,
    0x19, 0xff, 0xf1, 0x9f, 0xff, 0x19, 0xff, 0xf1,
    0x9f, 0xff, 0x19, 0xff, 0xf1, 0x9f, 0xff, 0x19,
    0xff, 0xf1, 0x9f, 0xff, 0x10,

    /* U+004A "J" */
    0x0, 0x0, 0x0, 0x0, 0x0, 0x1f, 0xff, 0x90,
    0x0, 0x0, 0x0, 0x0, 0x1, 0xff, 0xf9, 0x0,
    0x0, 0x0, 0x0, 0x0, 0x1f, 0xff, 0x90, 0x0,
    0x0, 0x0, 0x0, 0x1, 0xff, 0xf9, 0x0, 0x0,
    0x0, 0x0, 0x0, 0x1f, 0xff, 0x90, 0x0, 0x0,
    0x0, 0x0, 0x1, 0xff, 0xf9, 0x0, 0x0, 0x0,
    0x0, 0x0, 0x1f, 0xff, 0x90, 0x0, 0x0, 0x0,
    0x0, 0x1, 0xff, 0xf9, 0x0, 0x0, 0x0, 0x0,
    0x0, 0x1f, 0xff, 0x90, 0x0, 0x0, 0x0, 0x0,
    0x1, 0xff, 0xf9, 0x0, 0x0, 0x0, 0x0, 0x0,
    0x1f, 0xff, 0x90, 0x0, 0x0, 0x0, 0x0, 0x1,
    0xff, 0xf9, 0x0, 0x0, 0x0, 0x0, 0x0, 0x1f,
    0xff, 0x90, 0x0, 0x0, 0x0, 0x0, 0x1, 0xff,
    0xf9, 0x14, 0x44, 0x10, 0x0, 0x0, 0x1f, 0xff,
    0x94, 0xff, 0xf7, 0x0, 0x0, 0x3, 0xff, 0xf8,
    0x2f, 0xff, 0xb0, 0x0, 0x0, 0xaf, 0xff, 0x40,
    0xcf, 0xff, 0x91, 0x1, 0x8f, 0xff, 0xe0, 0x4,
    0xff, 0xff, 0xff, 0xff, 0xff, 0xf5, 0x0, 0x5,
    0xff, 0xff, 0xff, 0xff, 0xf5, 0x0, 0x0, 0x1,
    0x8c, 0xef, 0xfc, 0x81, 0x0, 0x0,

    /* U+004B "K" */
    0xdf, 0xfe, 0x0, 0x0, 0x0, 0x4, 0xff, 0xff,
    0x30, 0xdf, 0xfe, 0x0, 0x0, 0x0, 0x2f, 0xff,
    0xf5, 0x0, 0xdf, 0xfe, 0x0, 0x0, 0x1, 0xdf,
    0xff, 0x80, 0x0, 0xdf, 0xfe, 0x0, 0x0, 0xc,
    0xff, 0xfa, 0x0, 0x0, 0xdf, 0xfe, 0x0, 0x0,
    0xaf, 0xff, 0xc0, 0x0, 0x0, 0xdf, 0xfe, 0x0,
    0x8, 0xff, 0xfd, 0x10, 0x0, 0x0, 0xdf, 0xfe,
    0x0, 0x5f, 0xff, 0xf2, 0x0, 0x0, 0x0, 0xdf,
    0xfe, 0x3, 0xff, 0xff, 0x40, 0x0, 0x0, 0x0,
    0xdf, 0xfe, 0x1e, 0xff, 0xf6, 0x0, 0x0, 0x0,
    0x0, 0xdf, 0xfe, 0xcf, 0xff, 0xe0, 0x0, 0x0,
    0x0, 0x0, 0xdf, 0xff, 0xff, 0xff, 0xf9, 0x0,
    0x0, 0x0, 0x0, 0xdf, 0xff, 0xff, 0xff, 0xff,
    0x40, 0x0, 0x0, 0x0, 0xdf, 0xff, 0xfb, 0x5f,
    0xff, 0xe1, 0x0, 0x0, 0x0, 0xdf, 0xff, 0xb0,
    0x9, 0xff, 0xfb, 0x0, 0x0, 0x0, 0xdf, 0xfe,
    0x0, 0x0, 0xdf, 0xff, 0x70, 0x0, 0x0, 0xdf,
    0xfe, 0x0, 0x0, 0x3f, 0xff, 0xf3, 0x0, 0x0,
    0xdf, 0xfe, 0x0, 0x0, 0x7, 0xff, 0xfd, 0x0,
    0x0, 0xdf, 0xfe, 0x0, 0x0, 0x0, 0xcf, 0xff,
    0x90, 0x0, 0xdf, 0xfe, 0x0, 0x0, 0x0, 0x1f,
    0xff, 0xf5, 0x0, 0xdf, 0xfe, 0x0, 0x0, 0x0,
    0x5, 0xff, 0xfe, 0x10, 0xdf, 0xfe, 0x0, 0x0,
    0x0, 0x0, 0xaf, 0xff, 0xb0,

    /* U+004C "L" */
    0xdf, 0xfe, 0x0, 0x0, 0x0, 0x0, 0x0, 0xdf,
    0xfe, 0x0, 0x0, 0x0, 0x0, 0x0, 0xdf, 0xfe,
    0x0, 0x0, 0x0, 0x0, 0x0, 0xdf, 0xfe, 0x0,
    0x0, 0x0, 0x0, 0x0, 0xdf, 0xfe, 0x0, 0x0,
    0x0, 0x0, 0x0, 0xdf, 0xfe, 0x0, 0x0, 0x0,
    0x0, 0x0, 0xdf, 0xfe, 0x0, 0x0, 0x0, 0x0,
    0x0, 0xdf, 0xfe, 0x0, 0x0, 0x0, 0x0, 0x0,
    0xdf, 0xfe, 0x0, 0x0, 0x0, 0x0, 0x0, 0xdf,
    0xfe, 0x0, 0x0, 0x0, 0x0, 0x0, 0xdf, 0xfe,
    0x0, 0x0, 0x0, 0x0, 0x0, 0xdf, 0xfe, 0x0,
    0x0, 0x0, 0x0, 0x0, 0xdf, 0xfe, 0x0, 0x0,
    0x0, 0x0, 0x0, 0xdf, 0xfe, 0x0, 0x0, 0x0,
    0x0, 0x0, 0xdf, 0xfe, 0x0, 0x0, 0x0, 0x0,
    0x0, 0xdf, 0xfe, 0x0, 0x0, 0x0, 0x0, 0x0,
    0xdf, 0xfe, 0x0, 0x0, 0x0, 0x0, 0x0, 0xdf,
    0xfe, 0x0, 0x0, 0x0, 0x0, 0x0, 0xdf, 0xff,
    0xff, 0xff, 0xff, 0xff, 0xf8, 0xdf, 0xff, 0xff,
    0xff, 0xff, 0xff, 0xf9, 0xdf, 0xff, 0xff, 0xff,
    0xff, 0xff, 0xf9,

    /* U+004D "M" */
    0xdf, 0xff, 0xf2, 0x0, 0x0, 0x0, 0x0, 0x0,
    0xe, 0xff, 0xff, 0xd, 0xff, 0xff, 0x80, 0x0,
    0x0, 0x0, 0x0, 0x4, 0xff, 0xff, 0xf0, 0xdf,
    0xff, 0xfe, 0x0, 0x0, 0x0, 0x0, 0x0, 0xbf,
    0xff, 0xff, 0xd, 0xff, 0xff, 0xf4, 0x0, 0x0,
    0x0, 0x0, 0x1f, 0xff, 0xff, 0xf0, 0xdf, 0xff,
    0xff, 0xb0, 0x0, 0x0, 0x0, 0x7, 0xff, 0xff,
    0xff, 0xd, 0xff, 0xcf, 0xff, 0x10, 0x0, 0x0,
    0x0, 0xdf, 0xfc, 0xff, 0xf0, 0xdf, 0xf9, 0xdf,
    0xf7, 0x0, 0x0, 0x0, 0x3f, 0xff, 0x6f, 0xff,
    0xd, 0xff, 0x97, 0xff, 0xd0, 0x0, 0x0, 0x9,
    0xff, 0xa6, 0xff, 0xf0, 0xdf, 0xfa, 0x1f, 0xff,
    0x30, 0x0, 0x0, 0xff, 0xf4, 0x6f, 0xff, 0xd,
    0xff, 0xa0, 0xbf, 0xf9, 0x0, 0x0, 0x5f, 0xfe,
    0x7, 0xff, 0xf0, 0xdf, 0xfb, 0x4, 0xff, 0xf0,
    0x0, 0xb, 0xff, 0x80, 0x7f, 0xff, 0xd, 0xff,
    0xc0, 0xe, 0xff, 0x50, 0x2, 0xff, 0xf2, 0x8,
    0xff, 0xf0, 0xdf, 0xfc, 0x0, 0x8f, 0xfc, 0x0,
    0x8f, 0xfb, 0x0, 0x9f, 0xff, 0xd, 0xff, 0xd0,
    0x2, 0xff, 0xf2, 0xe, 0xff, 0x50, 0x9, 0xff,
    0xf0, 0xdf, 0xfd, 0x0, 0xb, 0xff, 0x84, 0xff,
    0xe0, 0x0, 0xaf, 0xff, 0xd, 0xff, 0xd0, 0x0,
    0x5f, 0xfe, 0xaf, 0xf9, 0x0, 0xa, 0xff, 0xf0,
    0xdf, 0xfd, 0x0, 0x0, 0xef, 0xff, 0xff, 0x20,
    0x0, 0xaf, 0xff, 0xd, 0xff, 0xd0, 0x0, 0x9,
    0xff, 0xff, 0xc0, 0x0, 0xa, 0xff, 0xf0, 0xdf,
    0xfd, 0x0, 0x0, 0x3f, 0xff, 0xf6, 0x0, 0x0,
    0xaf, 0xff, 0xd, 0xff, 0xd0, 0x0, 0x0, 0xcf,
    0xff, 0x0, 0x0, 0xa, 0xff, 0xf0, 0xdf, 0xfd,
    0x0, 0x0, 0x6, 0xff, 0x90, 0x0, 0x0, 0xaf,
    0xff, 0x0,

    /* U+004E "N" */
    0xdf, 0xff, 0x30, 0x0, 0x0, 0x0, 0x9, 0xff,
    0xf1, 0xdf, 0xff, 0xd0, 0x0, 0x0, 0x0, 0x9,
    0xff, 0xf1, 0xdf, 0xff, 0xf7, 0x0, 0x0, 0x0,
    0x9, 0xff, 0xf1, 0xdf, 0xff, 0xff, 0x20, 0x0,
    0x0, 0x9, 0xff, 0xf1, 0xdf, 0xff, 0xff, 0xb0,
    0x0, 0x0, 0x9, 0xff, 0xf1, 0xdf, 0xff, 0xff,
    0xf6, 0x0, 0x0, 0x9, 0xff, 0xf1, 0xdf, 0xfe,
    0xdf, 0xfe, 0x10, 0x0, 0x9, 0xff, 0xf1, 0xdf,
    0xfe, 0x3f, 0xff, 0xa0, 0x0, 0x9, 0xff, 0xf1,
    0xdf, 0xfe, 0x9, 0xff, 0xf4, 0x0, 0x9, 0xff,
    0xf1, 0xdf, 0xfe, 0x0, 0xef, 0xfe, 0x0, 0x9,
    0xff, 0xf1, 0xdf, 0xfe, 0x0, 0x5f, 0xff, 0x90,
    0x9, 0xff, 0xf1, 0xdf, 0xfe, 0x0, 0xa, 0xff,
    0xf3, 0x9, 0xff, 0xf1, 0xdf, 0xfe, 0x0, 0x1,
    0xff, 0xfd, 0x9, 0xff, 0xf1, 0xdf, 0xfe, 0x0,
    0x0, 0x6f, 0xff, 0x79, 0xff, 0xf1, 0xdf, 0xfe,
    0x0, 0x0, 0xc, 0xff, 0xfb, 0xff, 0xf1, 0xdf,
    0xfe, 0x0, 0x0, 0x2, 0xff, 0xff, 0xff, 0xf1,
    0xdf, 0xfe, 0x0, 0x0, 0x0, 0x7f, 0xff, 0xff,
    0xf1, 0xdf, 0xfe, 0x0, 0x0, 0x0, 0xd, 0xff,
    0xff, 0xf1, 0xdf, 0xfe, 0x0, 0x0, 0x0, 0x3,
    0xff, 0xff, 0xf1, 0xdf, 0xfe, 0x0, 0x0, 0x0,
    0x0, 0x9f, 0xff, 0xf1, 0xdf, 0xfe, 0x0, 0x0,
    0x0, 0x0, 0xe, 0xff, 0xf1,

    /* U+004F "O" */
    0x0, 0x0, 0x2, 0x8c, 0xff, 0xec, 0x71, 0x0,
    0x0, 0x0, 0x0, 0x9, 0xff, 0xff, 0xff, 0xff,
    0xf6, 0x0, 0x0, 0x0, 0xc, 0xff, 0xff, 0xff,
    0xff, 0xff, 0xf8, 0x0, 0x0, 0xa, 0xff, 0xfe,
    0x62, 0x13, 0x8f, 0xff, 0xf5, 0x0, 0x4, 0xff,
    0xfd, 0x10, 0x0, 0x0, 0x3f, 0xff, 0xe0, 0x0,
    0xbf, 0xff, 0x20, 0x0, 0x0, 0x0, 0x7f, 0xff,
    0x60, 0xf, 0xff, 0xb0, 0x0, 0x0, 0x0, 0x1,
    0xff, 0xfb, 0x4, 0xff, 0xf7, 0x0, 0x0, 0x0,
    0x0, 0xc, 0xff, 0xf0, 0x6f, 0xff, 0x40, 0x0,
    0x0, 0x0, 0x0, 0x9f, 0xff, 0x17, 0xff, 0xf3,
    0x0, 0x0, 0x0, 0x0, 0x8, 0xff, 0xf2, 0x8f,
    0xff, 0x30, 0x0, 0x0, 0x0, 0x0, 0x8f, 0xff,
    0x37, 0xff, 0xf3, 0x0, 0x0, 0x0, 0x0, 0x8,
    0xff, 0xf2, 0x6f, 0xff, 0x40, 0x0, 0x0, 0x0,
    0x0, 0x9f, 0xff, 0x14, 0xff, 0xf7, 0x0, 0x0,
    0x0, 0x0, 0xc, 0xff, 0xf0, 0x1f, 0xff, 0xb0,
    0x0, 0x0, 0x0, 0x0, 0xff, 0xfb, 0x0, 0xbf,
    0xff, 0x20, 0x0, 0x0, 0x0, 0x7f, 0xff, 0x60,
    0x4, 0xff, 0xfd, 0x10, 0x0, 0x0, 0x3f, 0xff,
    0xe0, 0x0, 0xa, 0xff, 0xfe, 0x61, 0x2, 0x7f,
    0xff, 0xf6, 0x0, 0x0, 0xc, 0xff, 0xff, 0xff,
    0xff, 0xff, 0xf9, 0x0, 0x0, 0x0, 0x9, 0xff,
    0xff, 0xff, 0xff, 0xf6, 0x0, 0x0, 0x0, 0x0,
    0x2, 0x8c, 0xff, 0xec, 0x71, 0x0, 0x0, 0x0,

    /* U+0050 "P" */
    0xdf, 0xff, 0xff, 0xff, 0xfe, 0xc8, 0x20, 0x0,
    0xd, 0xff, 0xff, 0xff, 0xff, 0xff, 0xff, 0x80,
    0x0, 0xdf, 0xff, 0xff, 0xff, 0xff, 0xff, 0xff,
    0xa0, 0xd, 0xff, 0xe0, 0x0, 0x0, 0x27, 0xff,
    0xff, 0x50, 0xdf, 0xfe, 0x0, 0x0, 0x0, 0x3,
    0xff, 0xfc, 0xd, 0xff, 0xe0, 0x0, 0x0, 0x0,
    0xc, 0xff, 0xf0, 0xdf, 0xfe, 0x0, 0x0, 0x0,
    0x0, 0xaf, 0xff, 0x1d, 0xff, 0xe0, 0x0, 0x0,
    0x0, 0xb, 0xff, 0xf0, 0xdf, 0xfe, 0x0, 0x0,
    0x0, 0x2, 0xff, 0xfd, 0xd, 0xff, 0xe0, 0x0,
    0x0, 0x16, 0xef, 0xff, 0x70, 0xdf, 0xff, 0xff,
    0xff, 0xff, 0xff, 0xff, 0xc0, 0xd, 0xff, 0xff,
    0xff, 0xff, 0xff, 0xff, 0xa0, 0x0, 0xdf, 0xff,
    0xff, 0xff, 0xfe, 0xc9, 0x30, 0x0, 0xd, 0xff,
    0xe0, 0x0, 0x0, 0x0, 0x0, 0x0, 0x0, 0xdf,
    0xfe, 0x0, 0x0, 0x0, 0x0, 0x0, 0x0, 0xd,
    0xff, 0xe0, 0x0, 0x0, 0x0, 0x0, 0x0, 0x0,
    0xdf, 0xfe, 0x0, 0x0, 0x0, 0x0, 0x0, 0x0,
    0xd, 0xff, 0xe0, 0x0, 0x0, 0x0, 0x0, 0x0,
    0x0, 0xdf, 0xfe, 0x0, 0x0, 0x0, 0x0, 0x0,
    0x0, 0xd, 0xff, 0xe0, 0x0, 0x0, 0x0, 0x0,
    0x0, 0x0, 0xdf, 0xfe, 0x0, 0x0, 0x0, 0x0,
    0x0, 0x0, 0x0,

    /* U+0051 "Q" */
    0x0, 0x0, 0x3, 0x9d, 0xff, 0xeb, 0x60, 0x0,
    0x0, 0x0, 0x0, 0x1a, 0xff, 0xff, 0xff, 0xff,
    0xe5, 0x0, 0x0, 0x0, 0x1d, 0xff, 0xff, 0xff,
    0xff, 0xff, 0xf7, 0x0, 0x0, 0xb, 0xff, 0xfd,
    0x51, 0x13, 0x9f, 0xff, 0xf5, 0x0, 0x5, 0xff,
    0xfc, 0x0, 0x0, 0x0, 0x4f, 0xff, 0xe0, 0x0,
    0xcf, 0xff, 0x20, 0x0, 0x0, 0x0, 0x8f, 0xff,
    0x50, 0x2f, 0xff, 0xa0, 0x0, 0x0, 0x0, 0x1,
    0xff, 0xfa, 0x5, 0xff, 0xf5, 0x0, 0x0, 0x0,
    0x0, 0xd, 0xff, 0xe0, 0x8f, 0xff, 0x30, 0x0,
    0x0, 0x0, 0x0, 0xbf, 0xff, 0x9, 0xff, 0xf2,
    0x0, 0x0, 0x0, 0x0, 0xa, 0xff, 0xf1, 0x9f,
    0xff, 0x10, 0x0, 0x0, 0x0, 0x0, 0x9f, 0xff,
    0x19, 0xff, 0xf2, 0x0, 0x0, 0x0, 0x0, 0xa,
    0xff, 0xf1, 0x8f, 0xff, 0x30, 0x0, 0x0, 0x0,
    0x0, 0xbf, 0xff, 0x5, 0xff, 0xf5, 0x0, 0x0,
    0x0, 0x0, 0xd, 0xff, 0xe0, 0x2f, 0xff, 0xa0,
    0x0, 0x0, 0x0, 0x1, 0xff, 0xf9, 0x0, 0xdf,
    0xff, 0x10, 0x0, 0x0, 0x0, 0x8f, 0xff, 0x50,
    0x5, 0xff, 0xfc, 0x0, 0x0, 0x0, 0x4f, 0xff,
    0xd0, 0x0, 0xb, 0xff, 0xfd, 0x51, 0x2, 0x8f,
    0xff, 0xf4, 0x0, 0x0, 0x1d, 0xff, 0xff, 0xff,
    0xff, 0xff, 0xf6, 0x0, 0x0, 0x0, 0x1a, 0xff,
    0xff, 0xff, 0xff, 0xfc, 0x0, 0x0, 0x0, 0x0,
    0x3, 0x9d, 0xff, 0xef, 0xff, 0xfc, 0x10, 0x0,
    0x0, 0x0, 0x0, 0x0, 0x0, 0x2c, 0xff, 0xfe,
    0x40, 0x0, 0x0, 0x0, 0x0, 0x0, 0x0, 0x9,
    0xff, 0xfb, 0x0, 0x0, 0x0, 0x0, 0x0, 0x0,
    0x0, 0x6, 0xfa, 0x0, 0x0, 0x0, 0x0, 0x0,
    0x0, 0x0, 0x0, 0x2, 0x0, 0x0,

    /* U+0052 "R" */
    0xdf, 0xff, 0xff, 0xff, 0xfd, 0xa5, 0x0, 0x0,
    0xd, 0xff, 0xff, 0xff, 0xff, 0xff, 0xfd, 0x30,
    0x0, 0xdf, 0xff, 0xff, 0xff, 0xff, 0xff, 0xff,
    0x30, 0xd, 0xff, 0xe0, 0x0, 0x1, 0x4c, 0xff,
    0xfc, 0x0, 0xdf, 0xfe, 0x0, 0x0, 0x0, 0xd,
    0xff, 0xf2, 0xd, 0xff, 0xe0, 0x0, 0x0, 0x0,
    0x7f, 0xff, 0x40, 0xdf, 0xfe, 0x0, 0x0, 0x0,
    0x5, 0xff, 0xf5, 0xd, 0xff, 0xe0, 0x0, 0x0,
    0x0, 0x7f, 0xff, 0x40, 0xdf, 0xfe, 0x0, 0x0,
    0x0, 0xd, 0xff, 0xf0, 0xd, 0xff, 0xe0, 0x0,
    0x1, 0x5d, 0xff, 0xf9, 0x0, 0xdf, 0xff, 0xff,
    0xff, 0xff, 0xff, 0xfb, 0x0, 0xd, 0xff, 0xff,
    0xff, 0xff, 0xff, 0xf8, 0x0, 0x0, 0xdf, 0xff,
    0xff, 0xff, 0xff, 0xfb, 0x0, 0x0, 0xd, 0xff,
    0xe0, 0x0, 0xb, 0xff, 0xf3, 0x0, 0x0, 0xdf,
    0xfe, 0x0, 0x0, 0x2f, 0xff, 0xc0, 0x0, 0xd,
    0xff, 0xe0, 0x0, 0x0, 0xaf, 0xff, 0x40, 0x0,
    0xdf, 0xfe, 0x0, 0x0, 0x2, 0xff, 0xfd, 0x0,
    0xd, 0xff, 0xe0, 0x0, 0x0, 0x9, 0xff, 0xf5,
    0x0, 0xdf, 0xfe, 0x0, 0x0, 0x0, 0x1f, 0xff,
    0xe0, 0xd, 0xff, 0xe0, 0x0, 0x0, 0x0, 0x8f,
    0xff, 0x70, 0xdf, 0xfe, 0x0, 0x0, 0x0, 0x0,
    0xef, 0xfe, 0x0,

    /* U+0053 "S" */
    0x0, 0x0, 0x4a, 0xdf, 0xfe, 0xc7, 0x10, 0x0,
    0x0, 0x2, 0xcf, 0xff, 0xff, 0xff, 0xff, 0x60,
    0x0, 0x2, 0xef, 0xff, 0xff, 0xff, 0xff, 0xff,
    0x70, 0x0, 0xbf, 0xff, 0xb3, 0x0, 0x17, 0xef,
    0xff, 0x30, 0x1f, 0xff, 0xc0, 0x0, 0x0, 0x3,
    0xff, 0xfa, 0x3, 0xff, 0xf8, 0x0, 0x0, 0x0,
    0xc, 0xff, 0xe0, 0x2f, 0xff, 0xa0, 0x0, 0x0,
    0x0, 0x35, 0x54, 0x0, 0xdf, 0xff, 0x70, 0x0,
    0x0, 0x0, 0x0, 0x0, 0x4, 0xff, 0xff, 0xd7,
    0x10, 0x0, 0x0, 0x0, 0x0, 0x5, 0xff, 0xff,
    0xff, 0xc7, 0x20, 0x0, 0x0, 0x0, 0x2, 0xaf,
    0xff, 0xff, 0xff, 0xa1, 0x0, 0x0, 0x0, 0x0,
    0x17, 0xcf, 0xff, 0xff, 0xe4, 0x0, 0x0, 0x0,
    0x0, 0x0, 0x16, 0xdf, 0xff, 0xf2, 0x0, 0x0,
    0x0, 0x0, 0x0, 0x0, 0x8f, 0xff, 0xa0, 0x78,
    0x86, 0x0, 0x0, 0x0, 0x0, 0xdf, 0xfe, 0xd,
    0xff, 0xe0, 0x0, 0x0, 0x0, 0xb, 0xff, 0xf0,
    0x9f, 0xff, 0x60, 0x0, 0x0, 0x1, 0xff, 0xfe,
    0x2, 0xff, 0xff, 0x82, 0x0, 0x4, 0xcf, 0xff,
    0x90, 0x4, 0xff, 0xff, 0xff, 0xef, 0xff, 0xff,
    0xe1, 0x0, 0x3, 0xcf, 0xff, 0xff, 0xff, 0xff,
    0xc1, 0x0, 0x0, 0x0, 0x49, 0xde, 0xff, 0xd9,
    0x40, 0x0, 0x0,

    /* U+0054 "T" */
    0x5f, 0xff, 0xff, 0xff, 0xff, 0xff, 0xff, 0xff,
    0xf9, 0x5f, 0xff, 0xff, 0xff, 0xff, 0xff, 0xff,
    0xff, 0xf9, 0x5f, 0xff, 0xff, 0xff, 0xff, 0xff,
    0xff, 0xff, 0xf8, 0x0, 0x0, 0x0, 0xc, 0xff,
    0xe0, 0x0, 0x0, 0x0, 0x0, 0x0, 0x0, 0xc,
    0xff, 0xe0, 0x0, 0x0, 0x0, 0x0, 0x0, 0x0,
    0xc, 0xff, 0xe0, 0x0, 0x0, 0x0, 0x0, 0x0,
    0x0, 0xc, 0xff, 0xe0, 0x0, 0x0, 0x0, 0x0,
    0x0, 0x0, 0xc, 0xff, 0xe0, 0x0, 0x0, 0x0,
    0x0, 0x0, 0x0, 0xc, 0xff, 0xe0, 0x0, 0x0,
    0x0, 0x0, 0x0, 0x0, 0xc, 0xff, 0xe0, 0x0,
    0x0, 0x0, 0x0, 0x0, 0x0, 0xc, 0xff, 0xe0,
    0x0, 0x0, 0x0, 0x0, 0x0, 0x0, 0xc, 0xff,
    0xe0, 0x0, 0x0, 0x0, 0x0, 0x0, 0x0, 0xc,
    0xff, 0xe0, 0x0, 0x0, 0x0, 0x0, 0x0, 0x0,
    0xc, 0xff, 0xe0, 0x0, 0x0, 0x0, 0x0, 0x0,
    0x0, 0xc, 0xff, 0xe0, 0x0, 0x0, 0x0, 0x0,
    0x0, 0x0, 0xc, 0xff, 0xe0, 0x0, 0x0, 0x0,
    0x0, 0x0, 0x0, 0xc, 0xff, 0xe0, 0x0, 0x0,
    0x0, 0x0, 0x0, 0x0, 0xc, 0xff, 0xe0, 0x0,
    0x0, 0x0, 0x0, 0x0, 0x0, 0xc, 0xff, 0xe0,
    0x0, 0x0, 0x0, 0x0, 0x0, 0x0, 0xc, 0xff,
    0xe0, 0x0, 0x0, 0x0, 0x0, 0x0, 0x0, 0xc,
    0xff, 0xe0, 0x0, 0x0, 0x0,

    /* U+0055 "U" */
    0x2f, 0xff, 0x80, 0x0, 0x0, 0x0, 0xe, 0xff,
    0xc2, 0xff, 0xf8, 0x0, 0x0, 0x0, 0x0, 0xef,
    0xfc, 0x2f, 0xff, 0x80, 0x0, 0x0, 0x0, 0xe,
    0xff, 0xc2, 0xff, 0xf8, 0x0, 0x0, 0x0, 0x0,
    0xef, 0xfc, 0x2f, 0xff, 0x80, 0x0, 0x0, 0x0,
    0xe, 0xff, 0xc2, 0xff, 0xf8, 0x0, 0x0, 0x0,
    0x0, 0xef, 0xfc, 0x2f, 0xff, 0x80, 0x0, 0x0,
    0x0, 0xe, 0xff, 0xc2, 0xff, 0xf8, 0x0, 0x0,
    0x0, 0x0, 0xef, 0xfc, 0x2f, 0xff, 0x80, 0x0,
    0x0, 0x0, 0xe, 0xff, 0xc2, 0xff, 0xf8, 0x0,
    0x0, 0x0, 0x0, 0xef, 0xfc, 0x2f, 0xff, 0x80,
    0x0, 0x0, 0x0, 0xe, 0xff, 0xc2, 0xff, 0xf8,
    0x0, 0x0, 0x0, 0x0, 0xef, 0xfc, 0x2f, 0xff,
    0x80, 0x0, 0x0, 0x0, 0xe, 0xff, 0xc2, 0xff,
    0xf8, 0x0, 0x0, 0x0, 0x0, 0xef, 0xfc, 0x1f,
    0xff, 0x90, 0x0, 0x0, 0x0, 0xf, 0xff, 0xb0,
    0xff, 0xfc, 0x0, 0x0, 0x0, 0x2, 0xff, 0xf9,
    0xb, 0xff, 0xf4, 0x0, 0x0, 0x0, 0xaf, 0xff,
    0x40, 0x4f, 0xff, 0xf6, 0x10, 0x2, 0xaf, 0xff,
    0xd0, 0x0, 0x8f, 0xff, 0xff, 0xff, 0xff, 0xff,
    0xf2, 0x0, 0x0, 0x7f, 0xff, 0xff, 0xff, 0xff,
    0xd2, 0x0, 0x0, 0x0, 0x17, 0xce, 0xff, 0xda,
    0x50, 0x0, 0x0,

    /* U+0056 "V" */
    0x8f, 0xff, 0x70, 0x0, 0x0, 0x0, 0x0, 0x1f,
    0xff, 0xf0, 0x3f, 0xff, 0xc0, 0x0, 0x0, 0x0,
    0x0, 0x6f, 0xff, 0x90, 0xd, 0xff, 0xf2, 0x0,
    0x0, 0x0, 0x0, 0xbf, 0xff, 0x40, 0x7, 0xff,
    0xf7, 0x0, 0x0, 0x0, 0x1, 0xff, 0xfe, 0x0,
    0x1, 0xff, 0xfc, 0x0, 0x0, 0x0, 0x5, 0xff,
    0xf8, 0x0, 0x0, 0xbf, 0xff, 0x10, 0x0, 0x0,
    0xb, 0xff, 0xf2, 0x0, 0x0, 0x5f, 0xff, 0x60,
    0x0, 0x0, 0xf, 0xff, 0xc0, 0x0, 0x0, 0xf,
    0xff, 0xc0, 0x0, 0x0, 0x5f, 0xff, 0x60, 0x0,
    0x0, 0xa, 0xff, 0xf1, 0x0, 0x0, 0xaf, 0xff,
    0x10, 0x0, 0x0, 0x4, 0xff, 0xf6, 0x0, 0x0,
    0xff, 0xfb, 0x0, 0x0, 0x0, 0x0, 0xef, 0xfb,
    0x0, 0x5, 0xff, 0xf5, 0x0, 0x0, 0x0, 0x0,
    0x8f, 0xff, 0x10, 0xa, 0xff, 0xf0, 0x0, 0x0,
    0x0, 0x0, 0x3f, 0xff, 0x60, 0xf, 0xff, 0x90,
    0x0, 0x0, 0x0, 0x0, 0xd, 0xff, 0xb0, 0x5f,
    0xff, 0x30, 0x0, 0x0, 0x0, 0x0, 0x7, 0xff,
    0xf0, 0xaf, 0xfd, 0x0, 0x0, 0x0, 0x0, 0x0,
    0x1, 0xff, 0xf6, 0xff, 0xf8, 0x0, 0x0, 0x0,
    0x0, 0x0, 0x0, 0xbf, 0xfe, 0xff, 0xf2, 0x0,
    0x0, 0x0, 0x0, 0x0, 0x0, 0x5f, 0xff, 0xff,
    0xc0, 0x0, 0x0, 0x0, 0x0, 0x0, 0x0, 0xf,
    0xff, 0xff, 0x60, 0x0, 0x0, 0x0, 0x0, 0x0,
    0x0, 0xa, 0xff, 0xff, 0x10, 0x0, 0x0, 0x0,
    0x0, 0x0, 0x0, 0x4, 0xff, 0xfa, 0x0, 0x0,
    0x0, 0x0,

    /* U+0057 "W" */
    0x2f, 0xff, 0x70, 0x0, 0x0, 0x5, 0xff, 0xf0,
    0x0, 0x0, 0x0, 0xef, 0xfb, 0xf, 0xff, 0xb0,
    0x0, 0x0, 0xa, 0xff, 0xf4, 0x0, 0x0, 0x2,
    0xff, 0xf8, 0xb, 0xff, 0xe0, 0x0, 0x0, 0xe,
    0xff, 0xf8, 0x0, 0x0, 0x5, 0xff, 0xf4, 0x7,
    0xff, 0xf1, 0x0, 0x0, 0x2f, 0xff, 0xfc, 0x0,
    0x0, 0x8, 0xff, 0xf0, 0x3, 0xff, 0xf5, 0x0,
    0x0, 0x6f, 0xff, 0xff, 0x0, 0x0, 0xc, 0xff,
    0xc0, 0x0, 0xff, 0xf8, 0x0, 0x0, 0xaf, 0xff,
    0xff, 0x40, 0x0, 0xf, 0xff, 0x90, 0x0, 0xcf,
    0xfb, 0x0, 0x0, 0xef, 0xf8, 0xff, 0x80, 0x0,
    0x2f, 0xff, 0x50, 0x0, 0x8f, 0xff, 0x0, 0x2,
    0xff, 0xd3, 0xff, 0xc0, 0x0, 0x6f, 0xff, 0x10,
    0x0, 0x4f, 0xff, 0x20, 0x6, 0xff, 0x90, 0xef,
    0xf0, 0x0, 0x9f, 0xfd, 0x0, 0x0, 0x1f, 0xff,
    0x50, 0xb, 0xff, 0x40, 0xaf, 0xf4, 0x0, 0xcf,
    0xfa, 0x0, 0x0, 0xd, 0xff, 0x90, 0xe, 0xff,
    0x0, 0x6f, 0xf8, 0x0, 0xff, 0xf6, 0x0, 0x0,
    0x9, 0xff, 0xc0, 0x3f, 0xfc, 0x0, 0x2f, 0xfc,
    0x3, 0xff, 0xf2, 0x0, 0x0, 0x5, 0xff, 0xf0,
    0x7f, 0xf7, 0x0, 0xd, 0xff, 0x6, 0xff, 0xe0,
    0x0, 0x0, 0x2, 0xff, 0xf3, 0xbf, 0xf3, 0x0,
    0x9, 0xff, 0x49, 0xff, 0xb0, 0x0, 0x0, 0x0,
    0xef, 0xf7, 0xff, 0xe0, 0x0, 0x5, 0xff, 0x8d,
    0xff, 0x70, 0x0, 0x0, 0x0, 0xaf, 0xfd, 0xff,
    0xa0, 0x0, 0x1, 0xff, 0xdf, 0xff, 0x30, 0x0,
    0x0, 0x0, 0x6f, 0xff, 0xff, 0x60, 0x0, 0x0,
    0xcf, 0xff, 0xff, 0x0, 0x0, 0x0, 0x0, 0x3f,
    0xff, 0xff, 0x20, 0x0, 0x0, 0x8f, 0xff, 0xfc,
    0x0, 0x0, 0x0, 0x0, 0xf, 0xff, 0xfd, 0x0,
    0x0, 0x0, 0x4f, 0xff, 0xf8, 0x0, 0x0, 0x0,
    0x0, 0xb, 0xff, 0xf9, 0x0, 0x0, 0x0, 0xf,
    0xff, 0xf4, 0x0, 0x0, 0x0, 0x0, 0x7, 0xff,
    0xf5, 0x0, 0x0, 0x0, 0xb, 0xff, 0xf0, 0x0,
    0x0,

    /* U+0058 "X" */
    0xe, 0xff, 0xf5, 0x0, 0x0, 0x0, 0x5, 0xff,
    0xfe, 0x0, 0x5f, 0xff, 0xd0, 0x0, 0x0, 0x0,
    0xdf, 0xff, 0x50, 0x0, 0xbf, 0xff, 0x70, 0x0,
    0x0, 0x7f, 0xff, 0xb0, 0x0, 0x1, 0xff, 0xff,
    0x10, 0x0, 0x1f, 0xff, 0xf2, 0x0, 0x0, 0x7,
    0xff, 0xfa, 0x0, 0xa, 0xff, 0xf7, 0x0, 0x0,
    0x0, 0xd, 0xff, 0xf3, 0x3, 0xff, 0xfd, 0x0,
    0x0, 0x0, 0x0, 0x3f, 0xff, 0xd0, 0xdf, 0xff,
    0x30, 0x0, 0x0, 0x0, 0x0, 0x9f, 0xff, 0xcf,
    0xff, 0xa0, 0x0, 0x0, 0x0, 0x0, 0x1, 0xef,
    0xff, 0xff, 0xe1, 0x0, 0x0, 0x0, 0x0, 0x0,
    0x5, 0xff, 0xff, 0xf6, 0x0, 0x0, 0x0, 0x0,
    0x0, 0x0, 0xe, 0xff, 0xff, 0x0, 0x0, 0x0,
    0x0, 0x0, 0x0, 0x7, 0xff, 0xff, 0xf8, 0x0,
    0x0, 0x0, 0x0, 0x0, 0x2, 0xff, 0xff, 0xff,
    0xf2, 0x0, 0x0, 0x0, 0x0, 0x0, 0xbf, 0xff,
    0xbf, 0xff, 0xb0, 0x0, 0x0, 0x0, 0x0, 0x5f,
    0xff, 0xc0, 0xcf, 0xff, 0x50, 0x0, 0x0, 0x0,
    0x1e, 0xff, 0xf3, 0x3, 0xff, 0xfe, 0x10, 0x0,
    0x0, 0x9, 0xff, 0xf9, 0x0, 0x9, 0xff, 0xf9,
    0x0, 0x0, 0x3, 0xff, 0xfe, 0x10, 0x0, 0x1e,
    0xff, 0xf3, 0x0, 0x0, 0xdf, 0xff, 0x60, 0x0,
    0x0, 0x6f, 0xff, 0xd0, 0x0, 0x7f, 0xff, 0xc0,
    0x0, 0x0, 0x0, 0xcf, 0xff, 0x70, 0x2f, 0xff,
    0xf3, 0x0, 0x0, 0x0, 0x3, 0xff, 0xff, 0x20,

    /* U+0059 "Y" */
    0x9f, 0xff, 0x70, 0x0, 0x0, 0x0, 0x3, 0xff,
    0xfd, 0x1, 0xff, 0xfe, 0x0, 0x0, 0x0, 0x0,
    0xbf, 0xff, 0x50, 0x8, 0xff, 0xf7, 0x0, 0x0,
    0x0, 0x3f, 0xff, 0xc0, 0x0, 0x1e, 0xff, 0xe0,
    0x0, 0x0, 0xa, 0xff, 0xf4, 0x0, 0x0, 0x7f,
    0xff, 0x60, 0x0, 0x2, 0xff, 0xfb, 0x0, 0x0,
    0x0, 0xef, 0xfe, 0x0, 0x0, 0xaf, 0xff, 0x20,
    0x0, 0x0, 0x6, 0xff, 0xf6, 0x0, 0x2f, 0xff,
    0xa0, 0x0, 0x0, 0x0, 0xd, 0xff, 0xd0, 0xa,
    0xff, 0xf1, 0x0, 0x0, 0x0, 0x0, 0x4f, 0xff,
    0x62, 0xff, 0xf8, 0x0, 0x0, 0x0, 0x0, 0x0,
    0xcf, 0xfd, 0xaf, 0xff, 0x10, 0x0, 0x0, 0x0,
    0x0, 0x3, 0xff, 0xff, 0xff, 0x70, 0x0, 0x0,
    0x0, 0x0, 0x0, 0xb, 0xff, 0xff, 0xe0, 0x0,
    0x0, 0x0, 0x0, 0x0, 0x0, 0x2f, 0xff, 0xf6,
    0x0, 0x0, 0x0, 0x0, 0x0, 0x0, 0x0, 0xcf,
    0xff, 0x0, 0x0, 0x0, 0x0, 0x0, 0x0, 0x0,
    0xb, 0xff, 0xf0, 0x0, 0x0, 0x0, 0x0, 0x0,
    0x0, 0x0, 0xbf, 0xff, 0x0, 0x0, 0x0, 0x0,
    0x0, 0x0, 0x0, 0xb, 0xff, 0xf0, 0x0, 0x0,
    0x0, 0x0, 0x0, 0x0, 0x0, 0xbf, 0xff, 0x0,
    0x0, 0x0, 0x0, 0x0, 0x0, 0x0, 0xb, 0xff,
    0xf0, 0x0, 0x0, 0x0, 0x0, 0x0, 0x0, 0x0,
    0xbf, 0xff, 0x0, 0x0, 0x0, 0x0, 0x0, 0x0,
    0x0, 0xb, 0xff, 0xf0, 0x0, 0x0, 0x0, 0x0,

    /* U+005A "Z" */
    0xcf, 0xff, 0xff, 0xff, 0xff, 0xff, 0xff, 0xfb,
    0xc, 0xff, 0xff, 0xff, 0xff, 0xff, 0xff, 0xff,
    0xb0, 0xbf, 0xff, 0xff, 0xff, 0xff, 0xff, 0xff,
    0xf8, 0x0, 0x0, 0x0, 0x0, 0x0, 0x3, 0xff,
    0xfd, 0x0, 0x0, 0x0, 0x0, 0x0, 0x0, 0xdf,
    0xff, 0x30, 0x0, 0x0, 0x0, 0x0, 0x0, 0x9f,
    0xff, 0x70, 0x0, 0x0, 0x0, 0x0, 0x0, 0x4f,
    0xff, 0xc0, 0x0, 0x0, 0x0, 0x0, 0x0, 0x1e,
    0xff, 0xf1, 0x0, 0x0, 0x0, 0x0, 0x0, 0xb,
    0xff, 0xf5, 0x0, 0x0, 0x0, 0x0, 0x0, 0x6,
    0xff, 0xfa, 0x0, 0x0, 0x0, 0x0, 0x0, 0x2,
    0xff, 0xfe, 0x10, 0x0, 0x0, 0x0, 0x0, 0x0,
    0xcf, 0xff, 0x40, 0x0, 0x0, 0x0, 0x0, 0x0,
    0x8f, 0xff, 0x80, 0x0, 0x0, 0x0, 0x0, 0x0,
    0x3f, 0xff, 0xd0, 0x0, 0x0, 0x0, 0x0, 0x0,
    0xe, 0xff, 0xf2, 0x0, 0x0, 0x0, 0x0, 0x0,
    0xa, 0xff, 0xf7, 0x0, 0x0, 0x0, 0x0, 0x0,
    0x5, 0xff, 0xfb, 0x0, 0x0, 0x0, 0x0, 0x0,
    0x1, 0xef, 0xfe, 0x10, 0x0, 0x0, 0x0, 0x0,
    0x0, 0xbf, 0xff, 0xff, 0xff, 0xff, 0xff, 0xff,
    0xff, 0xd, 0xff, 0xff, 0xff, 0xff, 0xff, 0xff,
    0xff, 0xf0, 0xdf, 0xff, 0xff, 0xff, 0xff, 0xff,
    0xff, 0xff, 0x0,

    /* U+005B "[" */
    0x1f, 0xff, 0xff, 0xe1, 0xff, 0xff, 0xfe, 0x1f,
    0xff, 0xec, 0xa1, 0xff, 0xf8, 0x0, 0x1f, 0xff,
    0x80, 0x1, 0xff, 0xf8, 0x0, 0x1f, 0xff, 0x80,
    0x1, 0xff, 0xf8, 0x0, 0x1f, 0xff, 0x80, 0x1,
    0xff, 0xf8, 0x0, 0x1f, 0xff, 0x80, 0x1, 0xff,
    0xf8, 0x0, 0x1f, 0xff, 0x80, 0x1, 0xff, 0xf8,
    0x0, 0x1f, 0xff, 0x80, 0x1, 0xff, 0xf8, 0x0,
    0x1f, 0xff, 0x80, 0x1, 0xff, 0xf8, 0x0, 0x1f,
    0xff, 0x80, 0x1, 0xff, 0xf8, 0x0, 0x1f, 0xff,
    0x80, 0x1, 0xff, 0xf8, 0x0, 0x1f, 0xff, 0x80,
    0x1, 0xff, 0xf8, 0x0, 0x1f, 0xff, 0x80, 0x1,
    0xff, 0xf8, 0x0, 0x1f, 0xff, 0xec, 0xa1, 0xff,
    0xff, 0xfe, 0x1f, 0xff, 0xff, 0xe0,

    /* U+005C "\\" */
    0x8f, 0xff, 0x0, 0x0, 0x0, 0x0, 0x2, 0xff,
    0xf6, 0x0, 0x0, 0x0, 0x0, 0xb, 0xff, 0xc0,
    0x0, 0x0, 0x0, 0x0, 0x5f, 0xff, 0x20, 0x0,
    0x0, 0x0, 0x0, 0xef, 0xf8, 0x0, 0x0, 0x0,
    0x0, 0x9, 0xff, 0xe0, 0x0, 0x0, 0x0, 0x0,
    0x3f, 0xff, 0x50, 0x0, 0x0, 0x0, 0x0, 0xcf,
    0xfb, 0x0, 0x0, 0x0, 0x0, 0x6, 0xff, 0xf1,
    0x0, 0x0, 0x0, 0x0, 0xf, 0xff, 0x70, 0x0,
    0x0, 0x0, 0x0, 0xaf, 0xfd, 0x0, 0x0, 0x0,
    0x0, 0x4, 0xff, 0xf4, 0x0, 0x0, 0x0, 0x0,
    0xd, 0xff, 0xa0, 0x0, 0x0, 0x0, 0x0, 0x7f,
    0xff, 0x10, 0x0, 0x0, 0x0, 0x1, 0xff, 0xf6,
    0x0, 0x0, 0x0, 0x0, 0xb, 0xff, 0xc0, 0x0,
    0x0, 0x0, 0x0, 0x5f, 0xff, 0x30, 0x0, 0x0,
    0x0, 0x0, 0xef, 0xf9, 0x0, 0x0, 0x0, 0x0,
    0x8, 0xff, 0xf0, 0x0, 0x0, 0x0, 0x0, 0x2f,
    0xff, 0x50, 0x0, 0x0, 0x0, 0x0, 0xcf, 0xfb,
    0x0, 0x0, 0x0, 0x0, 0x6, 0xff, 0xf2, 0x0,
    0x0, 0x0, 0x0, 0xf, 0xff, 0x80,

    /* U+005D "]" */
    0xdf, 0xff, 0xff, 0x3d, 0xff, 0xff, 0xf3, 0x9c,
    0xdf, 0xff, 0x30, 0x6, 0xff, 0xf3, 0x0, 0x6f,
    0xff, 0x30, 0x6, 0xff, 0xf3, 0x0, 0x6f, 0xff,
    0x30, 0x6, 0xff, 0xf3, 0x0, 0x6f, 0xff, 0x30,
    0x6, 0xff, 0xf3, 0x0, 0x6f, 0xff, 0x30, 0x6,
    0xff, 0xf3, 0x0, 0x6f, 0xff, 0x30, 0x6, 0xff,
    0xf3, 0x0, 0x6f, 0xff, 0x30, 0x6, 0xff, 0xf3,
    0x0, 0x6f, 0xff, 0x30, 0x6, 0xff, 0xf3, 0x0,
    0x6f, 0xff, 0x30, 0x6, 0xff, 0xf3, 0x0, 0x6f,
    0xff, 0x30, 0x6, 0xff, 0xf3, 0x0, 0x6f, 0xff,
    0x30, 0x6, 0xff, 0xf3, 0x0, 0x6f, 0xff, 0x30,
    0x6, 0xff, 0xf3, 0x9c, 0xdf, 0xff, 0x3d, 0xff,
    0xff, 0xf3, 0xdf, 0xff, 0xff, 0x30,

    /* U+005E "^" */
    0x0, 0x0, 0x7, 0x86, 0x0, 0x0, 0x0, 0x0,
    0x4, 0xff, 0xf1, 0x0, 0x0, 0x0, 0x0, 0xaf,
    0xff, 0x70, 0x0, 0x0, 0x0, 0x1f, 0xff, 0xfe,
    0x0, 0x0, 0x0, 0x8, 0xff, 0xcf, 0xf5, 0x0,
    0x0, 0x0, 0xef, 0xe2, 0xff, 0xb0, 0x0, 0x0,
    0x5f, 0xf8, 0xb, 0xff, 0x20, 0x0, 0xc, 0xff,
    0x20, 0x5f, 0xf9, 0x0, 0x2, 0xff, 0xc0, 0x0,
    0xef, 0xf0, 0x0, 0x9f, 0xf6, 0x0, 0x8, 0xff,
    0x60, 0xf, 0xff, 0x0, 0x0, 0x2f, 0xfd, 0x0,

    /* U+005F "_" */
    0xbc, 0xcc, 0xcc, 0xcc, 0xcc, 0xcc, 0xc6, 0xff,
    0xff, 0xff, 0xff, 0xff, 0xff, 0xf7, 0xff, 0xff,
    0xff, 0xff, 0xff, 0xff, 0xf7,

    /* U+0060 "`" */
    0x7, 0x88, 0x70, 0x0, 0x6, 0xff, 0xf6, 0x0,
    0x0, 0x8f, 0xff, 0x10, 0x0, 0xa, 0xff, 0xa0,
    0x0, 0x0, 0xbf, 0xf4,

    /* U+0061 "a" */
    0x0, 0x3, 0x9d, 0xff, 0xea, 0x40, 0x0, 0x0,
    0x9f, 0xff, 0xff, 0xff, 0xfa, 0x0, 0x9, 0xff,
    0xff, 0xbc, 0xff, 0xff, 0x80, 0x2f, 0xff, 0xb0,
    0x0, 0x1c, 0xff, 0xf0, 0x29, 0x99, 0x20, 0x0,
    0x5, 0xff, 0xf3, 0x0, 0x0, 0x0, 0x0, 0x3,
    0xff, 0xf5, 0x0, 0x5, 0xad, 0xff, 0xff, 0xff,
    0xf5, 0x1, 0xcf, 0xff, 0xff, 0xff, 0xff, 0xf5,
    0xd, 0xff, 0xfa, 0x54, 0x36, 0xff, 0xf5, 0x6f,
    0xff, 0x60, 0x0, 0x3, 0xff, 0xf5, 0x9f, 0xff,
    0x0, 0x0, 0x3, 0xff, 0xf5, 0xaf, 0xff, 0x0,
    0x0, 0x7, 0xff, 0xf5, 0x7f, 0xff, 0x90, 0x0,
    0x7f, 0xff, 0xf5, 0x1f, 0xff, 0xff, 0xef, 0xff,
    0xff, 0xf6, 0x4, 0xff, 0xff, 0xff, 0xfb, 0xff,
    0xf8, 0x0, 0x29, 0xef, 0xeb, 0x50, 0xdf, 0xfc,

    /* U+0062 "b" */
    0x3f, 0xff, 0x60, 0x0, 0x0, 0x0, 0x0, 0x3,
    0xff, 0xf6, 0x0, 0x0, 0x0, 0x0, 0x0, 0x3f,
    0xff, 0x60, 0x0, 0x0, 0x0, 0x0, 0x3, 0xff,
    0xf6, 0x0, 0x0, 0x0, 0x0, 0x0, 0x3f, 0xff,
    0x60, 0x0, 0x0, 0x0, 0x0, 0x3, 0xff, 0xf6,
    0x0, 0x0, 0x0, 0x0, 0x0, 0x3f, 0xff, 0x62,
    0xae, 0xfe, 0xa3, 0x0, 0x3, 0xff, 0xfa, 0xff,
    0xff, 0xff, 0xf7, 0x0, 0x3f, 0xff, 0xff, 0xfe,
    0xff, 0xff, 0xf5, 0x3, 0xff, 0xff, 0x81, 0x0,
    0x7f, 0xff, 0xe0, 0x3f, 0xff, 0x90, 0x0, 0x0,
    0x8f, 0xff, 0x43, 0xff, 0xf6, 0x0, 0x0, 0x1,
    0xff, 0xf7, 0x3f, 0xff, 0x60, 0x0, 0x0, 0xe,
    0xff, 0xa3, 0xff, 0xf6, 0x0, 0x0, 0x0, 0xdf,
    0xfb, 0x3f, 0xff, 0x60, 0x0, 0x0, 0xd, 0xff,
    0xb3, 0xff, 0xf6, 0x0, 0x0, 0x0, 0xef, 0xfa,
    0x3f, 0xff, 0x60, 0x0, 0x0, 0x1f, 0xff, 0x73,
    0xff, 0xf9, 0x0, 0x0, 0x8, 0xff, 0xf4, 0x3f,
    0xff, 0xf8, 0x10, 0x6, 0xff, 0xfd, 0x3, 0xff,
    0xff, 0xff, 0xef, 0xff, 0xff, 0x40, 0x3f, 0xff,
    0x9f, 0xff, 0xff, 0xff, 0x70, 0x3, 0xff, 0xf1,
    0x3a, 0xef, 0xea, 0x30, 0x0,

    /* U+0063 "c" */
    0x0, 0x1, 0x7c, 0xef, 0xeb, 0x50, 0x0, 0x0,
    0x4e, 0xff, 0xff, 0xff, 0xfb, 0x0, 0x3, 0xff,
    0xff, 0xed, 0xff, 0xff, 0xb0, 0xd, 0xff, 0xf5,
    0x0, 0x1b, 0xff, 0xf4, 0x4f, 0xff, 0x60, 0x0,
    0x0, 0xef, 0xfa, 0x9f, 0xff, 0x0, 0x0, 0x0,
    0x8d, 0xda, 0xcf, 0xfc, 0x0, 0x0, 0x0, 0x0,
    0x0, 0xdf, 0xfb, 0x0, 0x0, 0x0, 0x0, 0x0,
    0xdf, 0xfb, 0x0, 0x0, 0x0, 0x0, 0x0, 0xbf,
    0xfc, 0x0, 0x0, 0x0, 0x0, 0x0, 0x9f, 0xff,
    0x0, 0x0, 0x0, 0x36, 0x65, 0x4f, 0xff, 0x60,
    0x0, 0x0, 0xcf, 0xfa, 0xd, 0xff, 0xf5, 0x0,
    0x9, 0xff, 0xf4, 0x3, 0xff, 0xff, 0xed, 0xff,
    0xff, 0xb0, 0x0, 0x4e, 0xff, 0xff, 0xff, 0xfa,
    0x0, 0x0, 0x1, 0x7c, 0xef, 0xea, 0x40, 0x0,

    /* U+0064 "d" */
    0x0, 0x0, 0x0, 0x0, 0x0, 0x8f, 0xff, 0x0,
    0x0, 0x0, 0x0, 0x0, 0x8, 0xff, 0xf0, 0x0,
    0x0, 0x0, 0x0, 0x0, 0x8f, 0xff, 0x0, 0x0,
    0x0, 0x0, 0x0, 0x8, 0xff, 0xf0, 0x0, 0x0,
    0x0, 0x0, 0x0, 0x8f, 0xff, 0x0, 0x0, 0x0,
    0x0, 0x0, 0x8, 0xff, 0xf0, 0x0, 0x3, 0xae,
    0xfe, 0x92, 0x8f, 0xff, 0x0, 0x7, 0xff, 0xff,
    0xff, 0xfb, 0xff, 0xf0, 0x5, 0xff, 0xff, 0xfe,
    0xff, 0xff, 0xff, 0x0, 0xef, 0xff, 0x60, 0x1,
    0x9f, 0xff, 0xf0, 0x5f, 0xff, 0x80, 0x0, 0x0,
    0xbf, 0xff, 0x9, 0xff, 0xf1, 0x0, 0x0, 0x8,
    0xff, 0xf0, 0xcf, 0xfd, 0x0, 0x0, 0x0, 0x8f,
    0xff, 0xd, 0xff, 0xc0, 0x0, 0x0, 0x8, 0xff,
    0xf0, 0xcf, 0xfb, 0x0, 0x0, 0x0, 0x8f, 0xff,
    0xb, 0xff, 0xd0, 0x0, 0x0, 0x8, 0xff, 0xf0,
    0x9f, 0xff, 0x0, 0x0, 0x0, 0x8f, 0xff, 0x4,
    0xff, 0xf7, 0x0, 0x0, 0xb, 0xff, 0xf0, 0xe,
    0xff, 0xf6, 0x0, 0x19, 0xff, 0xff, 0x0, 0x5f,
    0xff, 0xff, 0xef, 0xff, 0xff, 0xf0, 0x0, 0x7f,
    0xff, 0xff, 0xff, 0xaf, 0xff, 0x0, 0x0, 0x3a,
    0xef, 0xea, 0x23, 0xff, 0xf0,

    /* U+0065 "e" */
    0x0, 0x0, 0x6b, 0xef, 0xeb, 0x50, 0x0, 0x0,
    0x1, 0xcf, 0xff, 0xff, 0xff, 0xc1, 0x0, 0x1,
    0xef, 0xff, 0xfd, 0xff, 0xff, 0xb0, 0x0, 0xaf,
    0xff, 0x70, 0x0, 0x9f, 0xff, 0x50, 0x1f, 0xff,
    0x80, 0x0, 0x0, 0xcf, 0xfb, 0x7, 0xff, 0xf1,
    0x0, 0x0, 0x7, 0xff, 0xf0, 0xaf, 0xff, 0x99,
    0x99, 0x99, 0xbf, 0xff, 0x1b, 0xff, 0xff, 0xff,
    0xff, 0xff, 0xff, 0xf2, 0xcf, 0xff, 0xff, 0xff,
    0xff, 0xff, 0xff, 0x2b, 0xff, 0xe0, 0x0, 0x0,
    0x0, 0x0, 0x0, 0x8f, 0xff, 0x20, 0x0, 0x0,
    0x0, 0x0, 0x3, 0xff, 0xfb, 0x0, 0x0, 0x0,
    0x44, 0x0, 0xb, 0xff, 0xfa, 0x10, 0x1, 0x7f,
    0xf5, 0x0, 0x1e, 0xff, 0xff, 0xde, 0xff, 0xff,
    0x70, 0x0, 0x2d, 0xff, 0xff, 0xff, 0xff, 0x70,
    0x0, 0x0, 0x5, 0xbe, 0xfe, 0xc8, 0x20, 0x0,

    /* U+0066 "f" */
    0x0, 0x0, 0x2, 0x9c, 0xed, 0x70, 0x0, 0x6,
    0xff, 0xff, 0xf9, 0x0, 0x3, 0xff, 0xff, 0xff,
    0x90, 0x0, 0x9f, 0xff, 0x81, 0x0, 0x0, 0xd,
    0xff, 0xd0, 0x0, 0x0, 0x0, 0xef, 0xfa, 0x0,
    0x0, 0x0, 0xe, 0xff, 0xa0, 0x0, 0x5, 0xff,
    0xff, 0xff, 0xff, 0xd0, 0x5f, 0xff, 0xff, 0xff,
    0xfd, 0x3, 0xaa, 0xff, 0xfd, 0xaa, 0x80, 0x0,
    0xe, 0xff, 0xa0, 0x0, 0x0, 0x0, 0xef, 0xfa,
    0x0, 0x0, 0x0, 0xe, 0xff, 0xa0, 0x0, 0x0,
    0x0, 0xef, 0xfa, 0x0, 0x0, 0x0, 0xe, 0xff,
    0xa0, 0x0, 0x0, 0x0, 0xef, 0xfa, 0x0, 0x0,
    0x0, 0xe, 0xff, 0xa0, 0x0, 0x0, 0x0, 0xef,
    0xfa, 0x0, 0x0, 0x0, 0xe, 0xff, 0xa0, 0x0,
    0x0, 0x0, 0xef, 0xfa, 0x0, 0x0, 0x0, 0xe,
    0xff, 0xa0, 0x0, 0x0, 0x0, 0xef, 0xfa, 0x0,
    0x0, 0x0, 0xe, 0xff, 0xa0, 0x0, 0x0,

    /* U+0067 "g" */
    0x0, 0x3, 0xae, 0xfe, 0xb4, 0x1f, 0xff, 0x20,
    0x6, 0xff, 0xff, 0xff, 0xfa, 0xff, 0xf2, 0x4,
    0xff, 0xff, 0xfe, 0xff, 0xff, 0xff, 0x20, 0xdf,
    0xff, 0x70, 0x0, 0x7f, 0xff, 0xf2, 0x4f, 0xff,
    0x90, 0x0, 0x0, 0x8f, 0xff, 0x28, 0xff, 0xf1,
    0x0, 0x0, 0x6, 0xff, 0xf2, 0xbf, 0xfe, 0x0,
    0x0, 0x0, 0x6f, 0xff, 0x2c, 0xff, 0xc0, 0x0,
    0x0, 0x6, 0xff, 0xf2, 0xcf, 0xfc, 0x0, 0x0,
    0x0, 0x6f, 0xff, 0x2b, 0xff, 0xe0, 0x0, 0x0,
    0x6, 0xff, 0xf2, 0x8f, 0xff, 0x20, 0x0, 0x0,
    0x6f, 0xff, 0x24, 0xff, 0xf9, 0x0, 0x0, 0x8,
    0xff, 0xf2, 0xd, 0xff, 0xf7, 0x0, 0x7, 0xff,
    0xff, 0x20, 0x4f, 0xff, 0xff, 0xef, 0xff, 0xff,
    0xf2, 0x0, 0x6f, 0xff, 0xff, 0xff, 0xbf, 0xff,
    0x20, 0x0, 0x2a, 0xef, 0xea, 0x36, 0xff, 0xf2,
    0x0, 0x0, 0x0, 0x0, 0x0, 0x8f, 0xff, 0x10,
    0x6, 0x20, 0x0, 0x0, 0xd, 0xff, 0xd0, 0x4,
    0xfe, 0x50, 0x0, 0x2b, 0xff, 0xf7, 0x0, 0xbf,
    0xff, 0xfd, 0xef, 0xff, 0xfc, 0x0, 0x0, 0xaf,
    0xff, 0xff, 0xff, 0xfb, 0x10, 0x0, 0x0, 0x39,
    0xdf, 0xfe, 0xa4, 0x0, 0x0,

    /* U+0068 "h" */
    0x3f, 0xff, 0x50, 0x0, 0x0, 0x0, 0x0, 0x3f,
    0xff, 0x50, 0x0, 0x0, 0x0, 0x0, 0x3f, 0xff,
    0x50, 0x0, 0x0, 0x0, 0x0, 0x3f, 0xff, 0x50,
    0x0, 0x0, 0x0, 0x0, 0x3f, 0xff, 0x50, 0x0,
    0x0, 0x0, 0x0, 0x3f, 0xff, 0x50, 0x0, 0x0,
    0x0, 0x0, 0x3f, 0xff, 0x51, 0x8d, 0xff, 0xc5,
    0x0, 0x3f, 0xff, 0x8e, 0xff, 0xff, 0xff, 0x90,
    0x3f, 0xff, 0xff, 0xfe, 0xff, 0xff, 0xf3, 0x3f,
    0xff, 0xf8, 0x10, 0x9, 0xff, 0xf9, 0x3f, 0xff,
    0x80, 0x0, 0x0, 0xef, 0xfc, 0x3f, 0xff, 0x50,
    0x0, 0x0, 0xbf, 0xfd, 0x3f, 0xff, 0x50, 0x0,
    0x0, 0xaf, 0xfe, 0x3f, 0xff, 0x50, 0x0, 0x0,
    0xaf, 0xfe, 0x3f, 0xff, 0x50, 0x0, 0x0, 0xaf,
    0xfe, 0x3f, 0xff, 0x50, 0x0, 0x0, 0xaf, 0xfe,
    0x3f, 0xff, 0x50, 0x0, 0x0, 0xaf, 0xfe, 0x3f,
    0xff, 0x50, 0x0, 0x0, 0xaf, 0xfe, 0x3f, 0xff,
    0x50, 0x0, 0x0, 0xaf, 0xfe, 0x3f, 0xff, 0x50,
    0x0, 0x0, 0xaf, 0xfe, 0x3f, 0xff, 0x50, 0x0,
    0x0, 0xaf, 0xfe, 0x3f, 0xff, 0x50, 0x0, 0x0,
    0xaf, 0xfe,

    /* U+0069 "i" */
    0x8, 0xfe, 0x41, 0xff, 0xfc, 0xf, 0xff, 0xb0,
    0x4a, 0x91, 0x0, 0x0, 0x0, 0xff, 0xf9, 0xf,
    0xff, 0x90, 0xff, 0xf9, 0xf, 0xff, 0x90, 0xff,
    0xf9, 0xf, 0xff, 0x90, 0xff, 0xf9, 0xf, 0xff,
    0x90, 0xff, 0xf9, 0xf, 0xff, 0x90, 0xff, 0xf9,
    0xf, 0xff, 0x90, 0xff, 0xf9, 0xf, 0xff, 0x90,
    0xff, 0xf9, 0xf, 0xff, 0x90,

    /* U+006A "j" */
    0x0, 0x0, 0xaf, 0xd2, 0x0, 0x4, 0xff, 0xfa,
    0x0, 0x2, 0xff, 0xf8, 0x0, 0x0, 0x6b, 0x80,
    0x0, 0x0, 0x0, 0x0, 0x0, 0x0, 0xff, 0xf8,
    0x0, 0x0, 0xff, 0xf8, 0x0, 0x0, 0xff, 0xf8,
    0x0, 0x0, 0xff, 0xf8, 0x0, 0x0, 0xff, 0xf8,
    0x0, 0x0, 0xff, 0xf8, 0x0, 0x0, 0xff, 0xf8,
    0x0, 0x0, 0xff, 0xf8, 0x0, 0x0, 0xff, 0xf8,
    0x0, 0x0, 0xff, 0xf8, 0x0, 0x0, 0xff, 0xf8,
    0x0, 0x0, 0xff, 0xf8, 0x0, 0x0, 0xff, 0xf8,
    0x0, 0x0, 0xff, 0xf8, 0x0, 0x0, 0xff, 0xf8,
    0x0, 0x0, 0xff, 0xf8, 0x0, 0x0, 0xff, 0xf8,
    0x0, 0x1, 0xff, 0xf8, 0x0, 0x7, 0xff, 0xf6,
    0x1f, 0xff, 0xff, 0xf1, 0x1f, 0xff, 0xff, 0x70,
    0x1d, 0xff, 0xc5, 0x0,

    /* U+006B "k" */
    0x2f, 0xff, 0x60, 0x0, 0x0, 0x0, 0x0, 0x2,
    0xff, 0xf6, 0x0, 0x0, 0x0, 0x0, 0x0, 0x2f,
    0xff, 0x60, 0x0, 0x0, 0x0, 0x0, 0x2, 0xff,
    0xf6, 0x0, 0x0, 0x0, 0x0, 0x0, 0x2f, 0xff,
    0x60, 0x0, 0x0, 0x0, 0x0, 0x2, 0xff, 0xf6,
    0x0, 0x0, 0x0, 0x0, 0x0, 0x2f, 0xff, 0x60,
    0x0, 0x8, 0xff, 0xfb, 0x2, 0xff, 0xf6, 0x0,
    0x6, 0xff, 0xfc, 0x0, 0x2f, 0xff, 0x60, 0x5,
    0xff, 0xfd, 0x10, 0x2, 0xff, 0xf6, 0x3, 0xff,
    0xfe, 0x20, 0x0, 0x2f, 0xff, 0x62, 0xef, 0xff,
    0x30, 0x0, 0x2, 0xff, 0xf7, 0xdf, 0xff, 0x40,
    0x0, 0x0, 0x2f, 0xff, 0xff, 0xff, 0x80, 0x0,
    0x0, 0x2, 0xff, 0xff, 0xff, 0xfd, 0x0, 0x0,
    0x0, 0x2f, 0xff, 0xff, 0xff, 0xf8, 0x0, 0x0,
    0x2, 0xff, 0xff, 0xac, 0xff, 0xf4, 0x0, 0x0,
    0x2f, 0xff, 0xa0, 0x2f, 0xff, 0xe0, 0x0, 0x2,
    0xff, 0xf6, 0x0, 0x6f, 0xff, 0xa0, 0x0, 0x2f,
    0xff, 0x60, 0x0, 0xbf, 0xff, 0x50, 0x2, 0xff,
    0xf6, 0x0, 0x1, 0xff, 0xfe, 0x10, 0x2f, 0xff,
    0x60, 0x0, 0x5, 0xff, 0xfb, 0x2, 0xff, 0xf6,
    0x0, 0x0, 0xa, 0xff, 0xf7,

    /* U+006C "l" */
    0xff, 0xf9, 0xff, 0xf9, 0xff, 0xf9, 0xff, 0xf9,
    0xff, 0xf9, 0xff, 0xf9, 0xff, 0xf9, 0xff, 0xf9,
    0xff, 0xf9, 0xff, 0xf9, 0xff, 0xf9, 0xff, 0xf9,
    0xff, 0xf9, 0xff, 0xf9, 0xff, 0xf9, 0xff, 0xf9,
    0xff, 0xf9, 0xff, 0xf9, 0xff, 0xf9, 0xff, 0xf9,
    0xff, 0xf9, 0xff, 0xf9,

    /* U+006D "m" */
    0x3f, 0xff, 0x32, 0x9d, 0xfe, 0xc5, 0x0, 0x7,
    0xcf, 0xfd, 0x81, 0x0, 0x3f, 0xff, 0x9f, 0xff,
    0xff, 0xff, 0x81, 0xdf, 0xff, 0xff, 0xfd, 0x10,
    0x3f, 0xff, 0xff, 0xfe, 0xff, 0xff, 0xfe, 0xff,
    0xff, 0xff, 0xff, 0xa0, 0x3f, 0xff, 0xf6, 0x0,
    0x1a, 0xff, 0xff, 0xd3, 0x0, 0x4e, 0xff, 0xf0,
    0x3f, 0xff, 0x80, 0x0, 0x0, 0xff, 0xff, 0x20,
    0x0, 0x7, 0xff, 0xf2, 0x3f, 0xff, 0x60, 0x0,
    0x0, 0xcf, 0xfd, 0x0, 0x0, 0x5, 0xff, 0xf3,
    0x3f, 0xff, 0x60, 0x0, 0x0, 0xbf, 0xfd, 0x0,
    0x0, 0x4, 0xff, 0xf4, 0x3f, 0xff, 0x60, 0x0,
    0x0, 0xbf, 0xfd, 0x0, 0x0, 0x4, 0xff, 0xf4,
    0x3f, 0xff, 0x60, 0x0, 0x0, 0xbf, 0xfd, 0x0,
    0x0, 0x4, 0xff, 0xf4, 0x3f, 0xff, 0x60, 0x0,
    0x0, 0xbf, 0xfd, 0x0, 0x0, 0x4, 0xff, 0xf4,
    0x3f, 0xff, 0x60, 0x0, 0x0, 0xbf, 0xfd, 0x0,
    0x0, 0x4, 0xff, 0xf4, 0x3f, 0xff, 0x60, 0x0,
    0x0, 0xbf, 0xfd, 0x0, 0x0, 0x4, 0xff, 0xf4,
    0x3f, 0xff, 0x60, 0x0, 0x0, 0xbf, 0xfd, 0x0,
    0x0, 0x4, 0xff, 0xf4, 0x3f, 0xff, 0x60, 0x0,
    0x0, 0xbf, 0xfd, 0x0, 0x0, 0x4, 0xff, 0xf4,
    0x3f, 0xff, 0x60, 0x0, 0x0, 0xbf, 0xfd, 0x0,
    0x0, 0x4, 0xff, 0xf4, 0x3f, 0xff, 0x60, 0x0,
    0x0, 0xbf, 0xfd, 0x0, 0x0, 0x4, 0xff, 0xf4,

    /* U+006E "n" */
    0x3f, 0xff, 0x21, 0x8d, 0xff, 0xc6, 0x0, 0x3f,
    0xff, 0x7f, 0xff, 0xff, 0xff, 0x90, 0x3f, 0xff,
    0xff, 0xfe, 0xff, 0xff, 0xf4, 0x3f, 0xff, 0xf8,
    0x10, 0x8, 0xff, 0xf9, 0x3f, 0xff, 0x90, 0x0,
    0x0, 0xef, 0xfc, 0x3f, 0xff, 0x50, 0x0, 0x0,
    0xbf, 0xfd, 0x3f, 0xff, 0x50, 0x0, 0x0, 0xaf,
    0xfe, 0x3f, 0xff, 0x50, 0x0, 0x0, 0xaf, 0xfe,
    0x3f, 0xff, 0x50, 0x0, 0x0, 0xaf, 0xfe, 0x3f,
    0xff, 0x50, 0x0, 0x0, 0xaf, 0xfe, 0x3f, 0xff,
    0x50, 0x0, 0x0, 0xaf, 0xfe, 0x3f, 0xff, 0x50,
    0x0, 0x0, 0xaf, 0xfe, 0x3f, 0xff, 0x50, 0x0,
    0x0, 0xaf, 0xfe, 0x3f, 0xff, 0x50, 0x0, 0x0,
    0xaf, 0xfe, 0x3f, 0xff, 0x50, 0x0, 0x0, 0xaf,
    0xfe, 0x3f, 0xff, 0x50, 0x0, 0x0, 0xaf, 0xfe,

    /* U+006F "o" */
    0x0, 0x0, 0x5b, 0xef, 0xeb, 0x60, 0x0, 0x0,
    0x2, 0xdf, 0xff, 0xff, 0xff, 0xe3, 0x0, 0x1,
    0xef, 0xff, 0xfd, 0xff, 0xff, 0xf2, 0x0, 0xbf,
    0xff, 0x70, 0x0, 0x7f, 0xff, 0xc0, 0x3f, 0xff,
    0x80, 0x0, 0x0, 0x8f, 0xff, 0x48, 0xff, 0xf1,
    0x0, 0x0, 0x0, 0xff, 0xf9, 0xbf, 0xfd, 0x0,
    0x0, 0x0, 0xc, 0xff, 0xcc, 0xff, 0xb0, 0x0,
    0x0, 0x0, 0xaf, 0xfd, 0xcf, 0xfb, 0x0, 0x0,
    0x0, 0xb, 0xff, 0xdb, 0xff, 0xd0, 0x0, 0x0,
    0x0, 0xcf, 0xfb, 0x8f, 0xff, 0x10, 0x0, 0x0,
    0xf, 0xff, 0x93, 0xff, 0xf8, 0x0, 0x0, 0x7,
    0xff, 0xf3, 0xc, 0xff, 0xf7, 0x0, 0x6, 0xff,
    0xfc, 0x0, 0x2e, 0xff, 0xff, 0xdf, 0xff, 0xff,
    0x20, 0x0, 0x2d, 0xff, 0xff, 0xff, 0xfd, 0x20,
    0x0, 0x0, 0x6, 0xbe, 0xfe, 0xb6, 0x0, 0x0,

    /* U+0070 "p" */
    0x3f, 0xff, 0x23, 0xae, 0xfe, 0xa3, 0x0, 0x3,
    0xff, 0xfa, 0xff, 0xff, 0xff, 0xf7, 0x0, 0x3f,
    0xff, 0xff, 0xfe, 0xff, 0xff, 0xf4, 0x3, 0xff,
    0xff, 0x70, 0x0, 0x8f, 0xff, 0xd0, 0x3f, 0xff,
    0x80, 0x0, 0x0, 0xbf, 0xff, 0x33, 0xff, 0xf6,
    0x0, 0x0, 0x3, 0xff, 0xf7, 0x3f, 0xff, 0x60,
    0x0, 0x0, 0xf, 0xff, 0x93, 0xff, 0xf6, 0x0,
    0x0, 0x0, 0xef, 0xfa, 0x3f, 0xff, 0x60, 0x0,
    0x0, 0xe, 0xff, 0xa3, 0xff, 0xf6, 0x0, 0x0,
    0x0, 0xff, 0xf9, 0x3f, 0xff, 0x60, 0x0, 0x0,
    0x3f, 0xff, 0x73, 0xff, 0xf8, 0x0, 0x0, 0x9,
    0xff, 0xf3, 0x3f, 0xff, 0xf6, 0x0, 0x7, 0xff,
    0xfd, 0x3, 0xff, 0xff, 0xff, 0xdf, 0xff, 0xff,
    0x40, 0x3f, 0xff, 0xbf, 0xff, 0xff, 0xff, 0x60,
    0x3, 0xff, 0xf6, 0x3a, 0xef, 0xea, 0x30, 0x0,
    0x3f, 0xff, 0x60, 0x0, 0x0, 0x0, 0x0, 0x3,
    0xff, 0xf6, 0x0, 0x0, 0x0, 0x0, 0x0, 0x3f,
    0xff, 0x60, 0x0, 0x0, 0x0, 0x0, 0x3, 0xff,
    0xf6, 0x0, 0x0, 0x0, 0x0, 0x0, 0x3f, 0xff,
    0x60, 0x0, 0x0, 0x0, 0x0, 0x3, 0xff, 0xf6,
    0x0, 0x0, 0x0, 0x0, 0x0,

    /* U+0071 "q" */
    0x0, 0x3, 0xae, 0xfe, 0xa3, 0x3f, 0xff, 0x0,
    0x8, 0xff, 0xff, 0xff, 0xfa, 0xff, 0xf0, 0x6,
    0xff, 0xff, 0xfd, 0xff, 0xff, 0xff, 0x0, 0xef,
    0xff, 0x60, 0x0, 0x7f, 0xff, 0xf0, 0x5f, 0xff,
    0x70, 0x0, 0x0, 0xaf, 0xff, 0x9, 0xff, 0xf1,
    0x0, 0x0, 0x8, 0xff, 0xf0, 0xcf, 0xfd, 0x0,
    0x0, 0x0, 0x8f, 0xff, 0xd, 0xff, 0xb0, 0x0,
    0x0, 0x8, 0xff, 0xf0, 0xcf, 0xfb, 0x0, 0x0,
    0x0, 0x8f, 0xff, 0xb, 0xff, 0xd0, 0x0, 0x0,
    0x8, 0xff, 0xf0, 0x9f, 0xff, 0x10, 0x0, 0x0,
    0x8f, 0xff, 0x5, 0xff, 0xf7, 0x0, 0x0, 0xa,
    0xff, 0xf0, 0xe, 0xff, 0xf6, 0x0, 0x8, 0xff,
    0xff, 0x0, 0x5f, 0xff, 0xfe, 0xdf, 0xff, 0xff,
    0xf0, 0x0, 0x7f, 0xff, 0xff, 0xff, 0xcf, 0xff,
    0x0, 0x0, 0x3a, 0xef, 0xea, 0x28, 0xff, 0xf0,
    0x0, 0x0, 0x0, 0x0, 0x0, 0x8f, 0xff, 0x0,
    0x0, 0x0, 0x0, 0x0, 0x8, 0xff, 0xf0, 0x0,
    0x0, 0x0, 0x0, 0x0, 0x8f, 0xff, 0x0, 0x0,
    0x0, 0x0, 0x0, 0x8, 0xff, 0xf0, 0x0, 0x0,
    0x0, 0x0, 0x0, 0x8f, 0xff, 0x0, 0x0, 0x0,
    0x0, 0x0, 0x8, 0xff, 0xf0,

    /* U+0072 "r" */
    0x3f, 0xff, 0x34, 0xcf, 0xf2, 0x3f, 0xff, 0xaf,
    0xff, 0xf2, 0x3f, 0xff, 0xff, 0xff, 0xf2, 0x3f,
    0xff, 0xfe, 0x86, 0x70, 0x3f, 0xff, 0xd1, 0x0,
    0x0, 0x3f, 0xff, 0x60, 0x0, 0x0, 0x3f, 0xff,
    0x60, 0x0, 0x0, 0x3f, 0xff, 0x60, 0x0, 0x0,
    0x3f, 0xff, 0x60, 0x0, 0x0, 0x3f, 0xff, 0x60,
    0x0, 0x0, 0x3f, 0xff, 0x60, 0x0, 0x0, 0x3f,
    0xff, 0x60, 0x0, 0x0, 0x3f, 0xff, 0x60, 0x0,
    0x0, 0x3f, 0xff, 0x60, 0x0, 0x0, 0x3f, 0xff,
    0x60, 0x0, 0x0, 0x3f, 0xff, 0x60, 0x0, 0x0,

    /* U+0073 "s" */
    0x0, 0x5, 0xbe, 0xff, 0xd9, 0x20, 0x0, 0x0,
    0xbf, 0xff, 0xff, 0xff, 0xf7, 0x0, 0xb, 0xff,
    0xfd, 0xac, 0xff, 0xff, 0x50, 0x2f, 0xff, 0x80,
    0x0, 0x2f, 0xff, 0xd0, 0x5f, 0xff, 0x20, 0x0,
    0x8, 0xff, 0xe0, 0x3f, 0xff, 0x80, 0x0, 0x0,
    0x0, 0x0, 0xd, 0xff, 0xfd, 0x84, 0x0, 0x0,
    0x0, 0x1, 0xcf, 0xff, 0xff, 0xfc, 0x60, 0x0,
    0x0, 0x5, 0xbf, 0xff, 0xff, 0xfc, 0x10, 0x0,
    0x0, 0x0, 0x48, 0xdf, 0xff, 0xb0, 0x23, 0x31,
    0x0, 0x0, 0xa, 0xff, 0xf1, 0xcf, 0xfb, 0x0,
    0x0, 0x5, 0xff, 0xf2, 0x8f, 0xff, 0x60, 0x0,
    0xb, 0xff, 0xf0, 0x1d, 0xff, 0xfd, 0xbb, 0xef,
    0xff, 0x90, 0x2, 0xcf, 0xff, 0xff, 0xff, 0xfa,
    0x0, 0x0, 0x5, 0xae, 0xff, 0xda, 0x30, 0x0,

    /* U+0074 "t" */
    0x0, 0x4f, 0xff, 0x40, 0x0, 0x0, 0x4f, 0xff,
    0x40, 0x0, 0x0, 0x4f, 0xff, 0x40, 0x0, 0x0,
    0x4f, 0xff, 0x40, 0x0, 0xef, 0xff, 0xff, 0xff,
    0xf1, 0xef, 0xff, 0xff, 0xff, 0xf1, 0x8a, 0xbf,
    0xff, 0xba, 0xa0, 0x0, 0x4f, 0xff, 0x40, 0x0,
    0x0, 0x4f, 0xff, 0x40, 0x0, 0x0, 0x4f, 0xff,
    0x40, 0x0, 0x0, 0x4f, 0xff, 0x40, 0x0, 0x0,
    0x4f, 0xff, 0x40, 0x0, 0x0, 0x4f, 0xff, 0x40,
    0x0, 0x0, 0x4f, 0xff, 0x40, 0x0, 0x0, 0x4f,
    0xff, 0x40, 0x0, 0x0, 0x4f, 0xff, 0x40, 0x0,
    0x0, 0x3f, 0xff, 0x90, 0x0, 0x0, 0xf, 0xff,
    0xff, 0xf2, 0x0, 0x8, 0xff, 0xff, 0xf2, 0x0,
    0x0, 0x7d, 0xff, 0xd1,

    /* U+0075 "u" */
    0x4f, 0xff, 0x40, 0x0, 0x0, 0xbf, 0xfe, 0x4f,
    0xff, 0x40, 0x0, 0x0, 0xbf, 0xfe, 0x4f, 0xff,
    0x40, 0x0, 0x0, 0xbf, 0xfe, 0x4f, 0xff, 0x40,
    0x0, 0x0, 0xbf, 0xfe, 0x4f, 0xff, 0x40, 0x0,
    0x0, 0xbf, 0xfe, 0x4f, 0xff, 0x40, 0x0, 0x0,
    0xbf, 0xfe, 0x4f, 0xff, 0x40, 0x0, 0x0, 0xbf,
    0xfe, 0x4f, 0xff, 0x40, 0x0, 0x0, 0xbf, 0xfe,
    0x4f, 0xff, 0x40, 0x0, 0x0, 0xbf, 0xfe, 0x4f,
    0xff, 0x40, 0x0, 0x0, 0xbf, 0xfe, 0x3f, 0xff,
    0x50, 0x0, 0x0, 0xbf, 0xfe, 0x2f, 0xff, 0x80,
    0x0, 0x0, 0xdf, 0xfe, 0xf, 0xff, 0xe3, 0x0,
    0x2b, 0xff, 0xfe, 0x9, 0xff, 0xff, 0xef, 0xff,
    0xff, 0xfe, 0x0, 0xdf, 0xff, 0xff, 0xfe, 0xcf,
    0xfe, 0x0, 0x8, 0xdf, 0xfd, 0x81, 0x8f, 0xfe,

    /* U+0076 "v" */
    0x8f, 0xff, 0x20, 0x0, 0x0, 0x6f, 0xff, 0x42,
    0xff, 0xf7, 0x0, 0x0, 0xa, 0xff, 0xe0, 0xc,
    0xff, 0xc0, 0x0, 0x0, 0xff, 0xf9, 0x0, 0x7f,
    0xff, 0x10, 0x0, 0x4f, 0xff, 0x30, 0x1, 0xff,
    0xf5, 0x0, 0x9, 0xff, 0xe0, 0x0, 0xc, 0xff,
    0xa0, 0x0, 0xef, 0xf8, 0x0, 0x0, 0x6f, 0xff,
    0x0, 0x2f, 0xff, 0x30, 0x0, 0x1, 0xff, 0xf4,
    0x7, 0xff, 0xd0, 0x0, 0x0, 0xb, 0xff, 0x90,
    0xcf, 0xf8, 0x0, 0x0, 0x0, 0x6f, 0xfe, 0x1f,
    0xff, 0x20, 0x0, 0x0, 0x1, 0xff, 0xf8, 0xff,
    0xd0, 0x0, 0x0, 0x0, 0xb, 0xff, 0xff, 0xf7,
    0x0, 0x0, 0x0, 0x0, 0x5f, 0xff, 0xff, 0x20,
    0x0, 0x0, 0x0, 0x0, 0xff, 0xff, 0xc0, 0x0,
    0x0, 0x0, 0x0, 0xa, 0xff, 0xf7, 0x0, 0x0,
    0x0, 0x0, 0x0, 0x5f, 0xff, 0x20, 0x0, 0x0,

    /* U+0077 "w" */
    0x6f, 0xff, 0x10, 0x0, 0x6, 0xff, 0x90, 0x0,
    0x0, 0xdf, 0xf9, 0x1f, 0xff, 0x40, 0x0, 0xa,
    0xff, 0xe0, 0x0, 0x1, 0xff, 0xf5, 0xd, 0xff,
    0x80, 0x0, 0xf, 0xff, 0xf3, 0x0, 0x5, 0xff,
    0xf1, 0x9, 0xff, 0xc0, 0x0, 0x4f, 0xff, 0xf8,
    0x0, 0x8, 0xff, 0xc0, 0x4, 0xff, 0xf0, 0x0,
    0x9f, 0xff, 0xfd, 0x0, 0xc, 0xff, 0x80, 0x0,
    0xff, 0xf3, 0x0, 0xdf, 0xec, 0xff, 0x10, 0xf,
    0xff, 0x30, 0x0, 0xcf, 0xf7, 0x2, 0xff, 0xa7,
    0xff, 0x60, 0x3f, 0xff, 0x0, 0x0, 0x7f, 0xfb,
    0x7, 0xff, 0x52, 0xff, 0xb0, 0x7f, 0xfb, 0x0,
    0x0, 0x3f, 0xff, 0xc, 0xff, 0x0, 0xdf, 0xf0,
    0xbf, 0xf7, 0x0, 0x0, 0xe, 0xff, 0x4f, 0xfb,
    0x0, 0x8f, 0xf5, 0xef, 0xf2, 0x0, 0x0, 0xa,
    0xff, 0xcf, 0xf6, 0x0, 0x3f, 0xfc, 0xff, 0xe0,
    0x0, 0x0, 0x6, 0xff, 0xff, 0xf1, 0x0, 0xe,
    0xff, 0xff, 0xa0, 0x0, 0x0, 0x2, 0xff, 0xff,
    0xd0, 0x0, 0x9, 0xff, 0xff, 0x50, 0x0, 0x0,
    0x0, 0xdf, 0xff, 0x80, 0x0, 0x4, 0xff, 0xff,
    0x10, 0x0, 0x0, 0x0, 0x9f, 0xff, 0x30, 0x0,
    0x0, 0xff, 0xfd, 0x0, 0x0, 0x0, 0x0, 0x5f,
    0xfe, 0x0, 0x0, 0x0, 0xaf, 0xf8, 0x0, 0x0,

    /* U+0078 "x" */
    0x1f, 0xff, 0xd0, 0x0, 0x0, 0xcf, 0xff, 0x30,
    0x7f, 0xff, 0x60, 0x0, 0x5f, 0xff, 0x80, 0x0,
    0xdf, 0xfe, 0x10, 0xe, 0xff, 0xe0, 0x0, 0x3,
    0xff, 0xf8, 0x8, 0xff, 0xf5, 0x0, 0x0, 0x9,
    0xff, 0xf4, 0xff, 0xfb, 0x0, 0x0, 0x0, 0x1e,
    0xff, 0xff, 0xff, 0x20, 0x0, 0x0, 0x0, 0x6f,
    0xff, 0xff, 0x70, 0x0, 0x0, 0x0, 0x0, 0xcf,
    0xff, 0xd0, 0x0, 0x0, 0x0, 0x0, 0xe, 0xff,
    0xfe, 0x10, 0x0, 0x0, 0x0, 0x8, 0xff, 0xff,
    0xfa, 0x0, 0x0, 0x0, 0x2, 0xff, 0xfd, 0xff,
    0xf4, 0x0, 0x0, 0x0, 0xcf, 0xfe, 0x1d, 0xff,
    0xd0, 0x0, 0x0, 0x6f, 0xff, 0x60, 0x4f, 0xff,
    0x70, 0x0, 0x1e, 0xff, 0xd0, 0x0, 0xbf, 0xff,
    0x20, 0x9, 0xff, 0xf4, 0x0, 0x2, 0xff, 0xfb,
    0x3, 0xff, 0xfb, 0x0, 0x0, 0x9, 0xff, 0xf5,

    /* U+0079 "y" */
    0xaf, 0xff, 0x20, 0x0, 0x0, 0x8f, 0xff, 0x34,
    0xff, 0xf7, 0x0, 0x0, 0xd, 0xff, 0xd0, 0xe,
    0xff, 0xc0, 0x0, 0x2, 0xff, 0xf8, 0x0, 0x9f,
    0xff, 0x10, 0x0, 0x7f, 0xff, 0x20, 0x3, 0xff,
    0xf6, 0x0, 0xc, 0xff, 0xd0, 0x0, 0xd, 0xff,
    0xb0, 0x1, 0xff, 0xf7, 0x0, 0x0, 0x8f, 0xff,
    0x10, 0x5f, 0xff, 0x20, 0x0, 0x2, 0xff, 0xf6,
    0xa, 0xff, 0xc0, 0x0, 0x0, 0xc, 0xff, 0xb0,
    0xff, 0xf6, 0x0, 0x0, 0x0, 0x6f, 0xff, 0x5f,
    0xff, 0x10, 0x0, 0x0, 0x1, 0xff, 0xfd, 0xff,
    0xb0, 0x0, 0x0, 0x0, 0xb, 0xff, 0xff, 0xf6,
    0x0, 0x0, 0x0, 0x0, 0x5f, 0xff, 0xff, 0x0,
    0x0, 0x0, 0x0, 0x0, 0xff, 0xff, 0xa0, 0x0,
    0x0, 0x0, 0x0, 0xa, 0xff, 0xf5, 0x0, 0x0,
    0x0, 0x0, 0x0, 0x5f, 0xff, 0x0, 0x0, 0x0,
    0x0, 0x0, 0x9, 0xff, 0xa0, 0x0, 0x0, 0x0,
    0x0, 0x1, 0xff, 0xf4, 0x0, 0x0, 0x0, 0x0,
    0x2, 0xcf, 0xfd, 0x0, 0x0, 0x0, 0x0, 0x8f,
    0xff, 0xff, 0x50, 0x0, 0x0, 0x0, 0x8, 0xff,
    0xff, 0x90, 0x0, 0x0, 0x0, 0x0, 0x6f, 0xfc,
    0x50, 0x0, 0x0, 0x0, 0x0,

    /* U+007A "z" */
    0xaf, 0xff, 0xff, 0xff, 0xff, 0xff, 0xc0, 0xaf,
    0xff, 0xff, 0xff, 0xff, 0xff, 0xc0, 0x9d, 0xdd,
    0xdd, 0xdd, 0xff, 0xff, 0x80, 0x0, 0x0, 0x0,
    0x3, 0xff, 0xfc, 0x0, 0x0, 0x0, 0x0, 0x1e,
    0xff, 0xf2, 0x0, 0x0, 0x0, 0x0, 0xbf, 0xff,
    0x50, 0x0, 0x0, 0x0, 0x7, 0xff, 0xf9, 0x0,
    0x0, 0x0, 0x0, 0x3f, 0xff, 0xd0, 0x0, 0x0,
    0x0, 0x1, 0xdf, 0xff, 0x20, 0x0, 0x0, 0x0,
    0xa, 0xff, 0xf5, 0x0, 0x0, 0x0, 0x0, 0x6f,
    0xff, 0x90, 0x0, 0x0, 0x0, 0x3, 0xff, 0xfd,
    0x0, 0x0, 0x0, 0x0, 0xd, 0xff, 0xf2, 0x0,
    0x0, 0x0, 0x0, 0x9f, 0xff, 0xfd, 0xdd, 0xdd,
    0xdd, 0xd0, 0xcf, 0xff, 0xff, 0xff, 0xff, 0xff,
    0xf1, 0xcf, 0xff, 0xff, 0xff, 0xff, 0xff, 0xf1,

    /* U+007B "{" */
    0x0, 0x0, 0x0, 0x0, 0x50, 0x0, 0x0, 0x0,
    0x6e, 0xf4, 0x0, 0x0, 0xa, 0xff, 0xf6, 0x0,
    0x0, 0x6f, 0xff, 0x30, 0x0, 0x0, 0xef, 0xf8,
    0x0, 0x0, 0x2, 0xff, 0xf3, 0x0, 0x0, 0x5,
    0xff, 0xf0, 0x0, 0x0, 0x5, 0xff, 0xf0, 0x0,
    0x0, 0x5, 0xff, 0xf0, 0x0, 0x0, 0x5, 0xff,
    0xf0, 0x0, 0x0, 0x6, 0xff, 0xf0, 0x0, 0x0,
    0x8, 0xff, 0xd0, 0x0, 0x0, 0x2f, 0xff, 0x80,
    0x0, 0x1b, 0xff, 0xfd, 0x0, 0x0, 0x2f, 0xff,
    0xc1, 0x0, 0x0, 0x2f, 0xff, 0xf8, 0x0, 0x0,
    0x1, 0x8f, 0xff, 0x40, 0x0, 0x0, 0xb, 0xff,
    0xb0, 0x0, 0x0, 0x7, 0xff, 0xe0, 0x0, 0x0,
    0x5, 0xff, 0xf0, 0x0, 0x0, 0x5, 0xff, 0xf0,
    0x0, 0x0, 0x5, 0xff, 0xf0, 0x0, 0x0, 0x5,
    0xff, 0xf0, 0x0, 0x0, 0x3, 0xff, 0xf2, 0x0,
    0x0, 0x0, 0xff, 0xf5, 0x0, 0x0, 0x0, 0xaf,
    0xfd, 0x0, 0x0, 0x0, 0x1e, 0xff, 0xc2, 0x0,
    0x0, 0x2, 0xdf, 0xf6, 0x0, 0x0, 0x0, 0x6,
    0xc1,

    /* U+007C "|" */
    0x7f, 0xf7, 0xff, 0x7f, 0xf7, 0xff, 0x7f, 0xf7,
    0xff, 0x7f, 0xf7, 0xff, 0x7f, 0xf7, 0xff, 0x7f,
    0xf7, 0xff, 0x7f, 0xf7, 0xff, 0x7f, 0xf7, 0xff,
    0x7f, 0xf7, 0xff, 0x7f, 0xf7, 0xff, 0x7f, 0xf7,
    0xff, 0x7f, 0xf7, 0xff, 0x7f, 0xf0, 0x11,

    /* U+007D "}" */
    0x5, 0x0, 0x0, 0x0, 0x0, 0x4f, 0xe7, 0x0,
    0x0, 0x0, 0x5f, 0xff, 0xa0, 0x0, 0x0, 0x3,
    0xff, 0xf7, 0x0, 0x0, 0x0, 0x8f, 0xfe, 0x0,
    0x0, 0x0, 0x2f, 0xff, 0x30, 0x0, 0x0, 0xf,
    0xff, 0x50, 0x0, 0x0, 0xf, 0xff, 0x50, 0x0,
    0x0, 0xf, 0xff, 0x60, 0x0, 0x0, 0xf, 0xff,
    0x60, 0x0, 0x0, 0xe, 0xff, 0x60, 0x0, 0x0,
    0xc, 0xff, 0x90, 0x0, 0x0, 0x7, 0xff, 0xf2,
    0x0, 0x0, 0x0, 0xcf, 0xff, 0xb2, 0x0, 0x0,
    0xb, 0xff, 0xf3, 0x0, 0x0, 0x7f, 0xff, 0xf3,
    0x0, 0x4, 0xff, 0xf8, 0x10, 0x0, 0xb, 0xff,
    0xb0, 0x0, 0x0, 0xe, 0xff, 0x70, 0x0, 0x0,
    0xf, 0xff, 0x60, 0x0, 0x0, 0xf, 0xff, 0x60,
    0x0, 0x0, 0xf, 0xff, 0x60, 0x0, 0x0, 0xf,
    0xff, 0x50, 0x0, 0x0, 0x1f, 0xff, 0x40, 0x0,
    0x0, 0x5f, 0xff, 0x10, 0x0, 0x0, 0xcf, 0xfa,
    0x0, 0x0, 0x2b, 0xff, 0xe1, 0x0, 0x0, 0x6f,
    0xfd, 0x20, 0x0, 0x0, 0x1c, 0x60, 0x0, 0x0,
    0x0,

    /* U+007E "~" */
    0x0, 0x8, 0xdf, 0xe9, 0x20, 0x0, 0x0, 0x59,
    0x91, 0x0, 0xdf, 0xff, 0xff, 0xf6, 0x0, 0x0,
    0xcf, 0xf1, 0x9, 0xff, 0xff, 0xff, 0xff, 0xa1,
    0x6, 0xff, 0xe0, 0xf, 0xff, 0x50, 0x2a, 0xff,
    0xff, 0xff, 0xff, 0x70, 0x3f, 0xfb, 0x0, 0x0,
    0x7f, 0xff, 0xff, 0xfb, 0x0, 0x17, 0x74, 0x0,
    0x0, 0x2, 0xae, 0xfd, 0x70, 0x0,

    /* U+00B0 "°" */
    0x0, 0x3c, 0xfe, 0x80, 0x0, 0x4f, 0xff, 0xff,
    0xa0, 0xd, 0xf9, 0x14, 0xff, 0x31, 0xff, 0x0,
    0x9, 0xf7, 0x1f, 0xf0, 0x0, 0x9f, 0x70, 0xdf,
    0x91, 0x4f, 0xf3, 0x4, 0xff, 0xff, 0xfa, 0x0,
    0x4, 0xcf, 0xe8, 0x0,

    /* U+00B7 "·" */
    0x3c, 0xd6, 0xc, 0xff, 0xf1, 0xdf, 0xff, 0x24,
    0xef, 0x80,

    /* U+2013 "–" */
    0x9d, 0xdd, 0xdd, 0xdd, 0xdd, 0xdd, 0xdd, 0xd2,
    0xbf, 0xff, 0xff, 0xff, 0xff, 0xff, 0xff, 0xf3,
    0xbf, 0xff, 0xff, 0xff, 0xff, 0xff, 0xff, 0xf3,

    /* U+2014 "—" */
    0x1d, 0xdd, 0xdd, 0xdd, 0xdd, 0xdd, 0xdd, 0xdd,
    0xdd, 0xdd, 0xa1, 0xff, 0xff, 0xff, 0xff, 0xff,
    0xff, 0xff, 0xff, 0xff, 0xfc, 0x1f, 0xff, 0xff,
    0xff, 0xff, 0xff, 0xff, 0xff, 0xff, 0xff, 0xc0,

    /* U+2026 "…" */
    0x3c, 0xc5, 0x0, 0x6, 0xdb, 0x20, 0x2, 0xbd,
    0x70, 0xdf, 0xff, 0x10, 0x2f, 0xff, 0xb0, 0xa,
    0xff, 0xf3, 0xef, 0xff, 0x10, 0x2f, 0xff, 0xc0,
    0xb, 0xff, 0xf4, 0x5e, 0xe7, 0x0, 0x9, 0xfd,
    0x40, 0x3, 0xdf, 0xa0
};

/*---------------------
 *  GLYPH DESCRIPTION
 *--------------------*/

static const lv_font_fmt_txt_glyph_dsc_t glyph_dsc[] = {
    {.bitmap_index = 0, .adv_w = 0, .box_w = 0, .box_h = 0, .ofs_x = 0, .ofs_y = 0} /* id = 0 reserved */,
    {.bitmap_index = 0, .adv_w = 120, .box_w = 0, .box_h = 0, .ofs_x = 0, .ofs_y = 0},
    {.bitmap_index = 0, .adv_w = 129, .box_w = 5, .box_h = 21, .ofs_x = 2, .ofs_y = 0},
    {.bitmap_index = 53, .adv_w = 156, .box_w = 8, .box_h = 8, .ofs_x = 1, .ofs_y = 14},
    {.bitmap_index = 85, .adv_w = 293, .box_w = 17, .box_h = 21, .ofs_x = 1, .ofs_y = 0},
    {.bitmap_index = 264, .adv_w = 273, .box_w = 15, .box_h = 28, .ofs_x = 1, .ofs_y = -3},
    {.bitmap_index = 474, .adv_w = 353, .box_w = 20, .box_h = 21, .ofs_x = 1, .ofs_y = 0},
    {.bitmap_index = 684, .adv_w = 307, .box_w = 18, .box_h = 21, .ofs_x = 1, .ofs_y = 0},
    {.bitmap_index = 873, .adv_w = 81, .box_w = 3, .box_h = 8, .ofs_x = 1, .ofs_y = 14},
    {.bitmap_index = 885, .adv_w = 167, .box_w = 9, .box_h = 31, .ofs_x = 1, .ofs_y = -7},
    {.bitmap_index = 1025, .adv_w = 169, .box_w = 9, .box_h = 31, .ofs_x = 0, .ofs_y = -7},
    {.bitmap_index = 1165, .adv_w = 212, .box_w = 13, .box_h = 13, .ofs_x = 0, .ofs_y = 8},
    {.bitmap_index = 1250, .adv_w = 267, .box_w = 15, .box_h = 16, .ofs_x = 1, .ofs_y = 2},
    {.bitmap_index = 1370, .adv_w = 105, .box_w = 6, .box_h = 9, .ofs_x = 0, .ofs_y = -6},
    {.bitmap_index = 1397, .adv_w = 158, .box_w = 8, .box_h = 3, .ofs_x = 1, .ofs_y = 8},
    {.bitmap_index = 1409, .adv_w = 134, .box_w = 6, .box_h = 4, .ofs_x = 1, .ofs_y = 0},
    {.bitmap_index = 1421, .adv_w = 190, .box_w = 12, .box_h = 23, .ofs_x = 0, .ofs_y = -2},
    {.bitmap_index = 1559, .adv_w = 273, .box_w = 15, .box_h = 21, .ofs_x = 1, .ofs_y = 0},
    {.bitmap_index = 1717, .adv_w = 273, .box_w = 10, .box_h = 21, .ofs_x = 2, .ofs_y = 0},
    {.bitmap_index = 1822, .adv_w = 273, .box_w = 15, .box_h = 21, .ofs_x = 1, .ofs_y = 0},
    {.bitmap_index = 1980, .adv_w = 273, .box_w = 15, .box_h = 21, .ofs_x = 1, .ofs_y = 0},
    {.bitmap_index = 2138, .adv_w = 273, .box_w = 17, .box_h = 21, .ofs_x = 0, .ofs_y = 0},
    {.bitmap_index = 2317, .adv_w = 273, .box_w = 15, .box_h = 21, .ofs_x = 1, .ofs_y = 0},
    {.bitmap_index = 2475, .adv_w = 273, .box_w = 15, .box_h = 21, .ofs_x = 1, .ofs_y = 0},
    {.bitmap_index = 2633, .adv_w = 273, .box_w = 15, .box_h = 21, .ofs_x = 1, .ofs_y = 0},
    {.bitmap_index = 2791, .adv_w = 273, .box_w = 15, .box_h = 21, .ofs_x = 1, .ofs_y = 0},
    {.bitmap_index = 2949, .adv_w = 273, .box_w = 15, .box_h = 21, .ofs_x = 1, .ofs_y = 0},
    {.bitmap_index = 3107, .adv_w = 127, .box_w = 6, .box_h = 16, .ofs_x = 1, .ofs_y = 0},
    {.bitmap_index = 3155, .adv_w = 114, .box_w = 6, .box_h = 22, .ofs_x = 0, .ofs_y = -6},
    {.bitmap_index = 3221, .adv_w = 244, .box_w = 14, .box_h = 14, .ofs_x = 0, .ofs_y = 2},
    {.bitmap_index = 3319, .adv_w = 269, .box_w = 13, .box_h = 9, .ofs_x = 2, .ofs_y = 5},
    {.bitmap_index = 3378, .adv_w = 250, .box_w = 14, .box_h = 14, .ofs_x = 1, .ofs_y = 2},
    {.bitmap_index = 3476, .adv_w = 233, .box_w = 14, .box_h = 21, .ofs_x = 0, .ofs_y = 0},
    {.bitmap_index = 3623, .adv_w = 429, .box_w = 25, .box_h = 27, .ofs_x = 1, .ofs_y = -6},
    {.bitmap_index = 3961, .adv_w = 319, .box_w = 20, .box_h = 21, .ofs_x = 0, .ofs_y = 0},
    {.bitmap_index = 4171, .adv_w = 303, .box_w = 16, .box_h = 21, .ofs_x = 2, .ofs_y = 0},
    {.bitmap_index = 4339, .adv_w = 313, .box_w = 18, .box_h = 21, .ofs_x = 1, .ofs_y = 0},
    {.bitmap_index = 4528, .adv_w = 314, .box_w = 17, .box_h = 21, .ofs_x = 2, .ofs_y = 0},
    {.bitmap_index = 4707, .adv_w = 271, .box_w = 15, .box_h = 21, .ofs_x = 2, .ofs_y = 0},
    {.bitmap_index = 4865, .adv_w = 264, .box_w = 14, .box_h = 21, .ofs_x = 2, .ofs_y = 0},
    {.bitmap_index = 5012, .adv_w = 327, .box_w = 18, .box_h = 21, .ofs_x = 1, .ofs_y = 0},
    {.bitmap_index = 5201, .adv_w = 341, .box_w = 18, .box_h = 21, .ofs_x = 2, .ofs_y = 0},
    {.bitmap_index = 5390, .adv_w = 135, .box_w = 5, .box_h = 21, .ofs_x = 2, .ofs_y = 0},
    {.bitmap_index = 5443, .adv_w = 266, .box_w = 15, .box_h = 21, .ofs_x = 0, .ofs_y = 0},
    {.bitmap_index = 5601, .adv_w = 303, .box_w = 18, .box_h = 21, .ofs_x = 2, .ofs_y = 0},
    {.bitmap_index = 5790, .adv_w = 260, .box_w = 14, .box_h = 21, .ofs_x = 2, .ofs_y = 0},
    {.bitmap_index = 5937, .adv_w = 420, .box_w = 23, .box_h = 21, .ofs_x = 2, .ofs_y = 0},
    {.bitmap_index = 6179, .adv_w = 341, .box_w = 18, .box_h = 21, .ofs_x = 2, .ofs_y = 0},
    {.bitmap_index = 6368, .adv_w = 331, .box_w = 19, .box_h = 21, .ofs_x = 1, .ofs_y = 0},
    {.bitmap_index = 6568, .adv_w = 307, .box_w = 17, .box_h = 21, .ofs_x = 2, .ofs_y = 0},
    {.bitmap_index = 6747, .adv_w = 331, .box_w = 19, .box_h = 25, .ofs_x = 1, .ofs_y = -4},
    {.bitmap_index = 6985, .adv_w = 300, .box_w = 17, .box_h = 21, .ofs_x = 2, .ofs_y = 0},
    {.bitmap_index = 7164, .adv_w = 290, .box_w = 17, .box_h = 21, .ofs_x = 1, .ofs_y = 0},
    {.bitmap_index = 7343, .adv_w = 291, .box_w = 18, .box_h = 21, .ofs_x = 0, .ofs_y = 0},
    {.bitmap_index = 7532, .adv_w = 313, .box_w = 17, .box_h = 21, .ofs_x = 1, .ofs_y = 0},
    {.bitmap_index = 7711, .adv_w = 311, .box_w = 20, .box_h = 21, .ofs_x = 0, .ofs_y = 0},
    {.bitmap_index = 7921, .adv_w = 422, .box_w = 26, .box_h = 21, .ofs_x = 0, .ofs_y = 0},
    {.bitmap_index = 8194, .adv_w = 304, .box_w = 19, .box_h = 21, .ofs_x = 0, .ofs_y = 0},
    {.bitmap_index = 8394, .adv_w = 293, .box_w = 19, .box_h = 21, .ofs_x = 0, .ofs_y = 0},
    {.bitmap_index = 8594, .adv_w = 289, .box_w = 17, .box_h = 21, .ofs_x = 1, .ofs_y = 0},
    {.bitmap_index = 8773, .adv_w = 131, .box_w = 7, .box_h = 29, .ofs_x = 1, .ofs_y = -5},
    {.bitmap_index = 8875, .adv_w = 201, .box_w = 13, .box_h = 23, .ofs_x = 0, .ofs_y = -2},
    {.bitmap_index = 9025, .adv_w = 131, .box_w = 7, .box_h = 29, .ofs_x = 0, .ofs_y = -5},
    {.bitmap_index = 9127, .adv_w = 205, .box_w = 13, .box_h = 11, .ofs_x = 0, .ofs_y = 11},
    {.bitmap_index = 9199, .adv_w = 217, .box_w = 14, .box_h = 3, .ofs_x = 0, .ofs_y = -3},
    {.bitmap_index = 9220, .adv_w = 155, .box_w = 8, .box_h = 5, .ofs_x = 0, .ofs_y = 18},
    {.bitmap_index = 9240, .adv_w = 260, .box_w = 14, .box_h = 16, .ofs_x = 1, .ofs_y = 0},
    {.bitmap_index = 9352, .adv_w = 270, .box_w = 15, .box_h = 22, .ofs_x = 1, .ofs_y = 0},
    {.bitmap_index = 9517, .adv_w = 251, .box_w = 14, .box_h = 16, .ofs_x = 1, .ofs_y = 0},
    {.bitmap_index = 9629, .adv_w = 271, .box_w = 15, .box_h = 22, .ofs_x = 1, .ofs_y = 0},
    {.bitmap_index = 9794, .adv_w = 258, .box_w = 15, .box_h = 16, .ofs_x = 1, .ofs_y = 0},
    {.bitmap_index = 9914, .adv_w = 170, .box_w = 11, .box_h = 23, .ofs_x = 0, .ofs_y = 0},
    {.bitmap_index = 10041, .adv_w = 272, .box_w = 15, .box_h = 22, .ofs_x = 1, .ofs_y = -6},
    {.bitmap_index = 10206, .adv_w = 266, .box_w = 14, .box_h = 22, .ofs_x = 1, .ofs_y = 0},
    {.bitmap_index = 10360, .adv_w = 123, .box_w = 5, .box_h = 21, .ofs_x = 1, .ofs_y = 0},
    {.bitmap_index = 10413, .adv_w = 120, .box_w = 8, .box_h = 27, .ofs_x = -2, .ofs_y = -6},
    {.bitmap_index = 10521, .adv_w = 251, .box_w = 15, .box_h = 22, .ofs_x = 1, .ofs_y = 0},
    {.bitmap_index = 10686, .adv_w = 123, .box_w = 4, .box_h = 22, .ofs_x = 2, .ofs_y = 0},
    {.bitmap_index = 10730, .adv_w = 418, .box_w = 24, .box_h = 16, .ofs_x = 1, .ofs_y = 0},
    {.bitmap_index = 10922, .adv_w = 267, .box_w = 14, .box_h = 16, .ofs_x = 1, .ofs_y = 0},
    {.bitmap_index = 11034, .adv_w = 273, .box_w = 15, .box_h = 16, .ofs_x = 1, .ofs_y = 0},
    {.bitmap_index = 11154, .adv_w = 270, .box_w = 15, .box_h = 22, .ofs_x = 1, .ofs_y = -6},
    {.bitmap_index = 11319, .adv_w = 273, .box_w = 15, .box_h = 22, .ofs_x = 1, .ofs_y = -6},
    {.bitmap_index = 11484, .adv_w = 169, .box_w = 10, .box_h = 16, .ofs_x = 1, .ofs_y = 0},
    {.bitmap_index = 11564, .adv_w = 248, .box_w = 14, .box_h = 16, .ofs_x = 1, .ofs_y = 0},
    {.bitmap_index = 11676, .adv_w = 160, .box_w = 10, .box_h = 20, .ofs_x = 0, .ofs_y = 0},
    {.bitmap_index = 11776, .adv_w = 267, .box_w = 14, .box_h = 16, .ofs_x = 1, .ofs_y = 0},
    {.bitmap_index = 11888, .adv_w = 237, .box_w = 15, .box_h = 16, .ofs_x = 0, .ofs_y = 0},
    {.bitmap_index = 12008, .adv_w = 357, .box_w = 22, .box_h = 16, .ofs_x = 0, .ofs_y = 0},
    {.bitmap_index = 12184, .adv_w = 241, .box_w = 15, .box_h = 16, .ofs_x = 0, .ofs_y = 0},
    {.bitmap_index = 12304, .adv_w = 234, .box_w = 15, .box_h = 22, .ofs_x = 0, .ofs_y = -6},
    {.bitmap_index = 12469, .adv_w = 241, .box_w = 14, .box_h = 16, .ofs_x = 1, .ofs_y = 0},
    {.bitmap_index = 12581, .adv_w = 161, .box_w = 10, .box_h = 29, .ofs_x = 0, .ofs_y = -5},
    {.bitmap_index = 12726, .adv_w = 120, .box_w = 3, .box_h = 26, .ofs_x = 2, .ofs_y = -5},
    {.bitmap_index = 12765, .adv_w = 161, .box_w = 10, .box_h = 29, .ofs_x = 0, .ofs_y = -5},
    {.bitmap_index = 12910, .adv_w = 319, .box_w = 18, .box_h = 6, .ofs_x = 1, .ofs_y = 6},
    {.bitmap_index = 12964, .adv_w = 182, .box_w = 9, .box_h = 8, .ofs_x = 1, .ofs_y = 14},
    {.bitmap_index = 13000, .adv_w = 135, .box_w = 5, .box_h = 4, .ofs_x = 2, .ofs_y = 8},
    {.bitmap_index = 13010, .adv_w = 310, .box_w = 16, .box_h = 3, .ofs_x = 2, .ofs_y = 9},
    {.bitmap_index = 13034, .adv_w = 371, .box_w = 21, .box_h = 3, .ofs_x = 1, .ofs_y = 9},
    {.bitmap_index = 13066, .adv_w = 339, .box_w = 18, .box_h = 4, .ofs_x = 2, .ofs_y = 0}
};

/*---------------------
 *  CHARACTER MAPPING
 *--------------------*/

static const uint16_t unicode_list_1[] = {
    0x0, 0x7, 0x1f63, 0x1f64, 0x1f76
};

/*Collect the unicode lists and glyph_id offsets*/
static const lv_font_fmt_txt_cmap_t cmaps[] =
{
    {
        .range_start = 32, .range_length = 95, .glyph_id_start = 1,
        .unicode_list = NULL, .glyph_id_ofs_list = NULL, .list_length = 0, .type = LV_FONT_FMT_TXT_CMAP_FORMAT0_TINY
    },
    {
        .range_start = 176, .range_length = 8055, .glyph_id_start = 96,
        .unicode_list = unicode_list_1, .glyph_id_ofs_list = NULL, .list_length = 5, .type = LV_FONT_FMT_TXT_CMAP_SPARSE_TINY
    }
};

/*-----------------
 *    KERNING
 *----------------*/

/*Pair left and right glyphs for kerning*/
static const uint8_t kern_pair_glyph_ids[] =
{
    1, 53,
    3, 3,
    3, 8,
    3, 34,
    3, 66,
    3, 68,
    3, 69,
    3, 70,
    3, 72,
    3, 78,
    3, 79,
    3, 80,
    3, 81,
    3, 82,
    3, 84,
    3, 88,
    8, 3,
    8, 8,
    8, 34,
    8, 66,
    8, 68,
    8, 69,
    8, 70,
    8, 72,
    8, 78,
    8, 79,
    8, 80,
    8, 81,
    8, 82,
    8, 84,
    8, 88,
    9, 55,
    9, 56,
    9, 58,
    13, 3,
    13, 8,
    15, 3,
    15, 8,
    16, 16,
    34, 3,
    34, 8,
    34, 32,
    34, 36,
    34, 40,
    34, 48,
    34, 50,
    34, 53,
    34, 54,
    34, 55,
    34, 56,
    34, 58,
    34, 78,
    34, 79,
    34, 80,
    34, 81,
    34, 85,
    34, 86,
    34, 87,
    34, 88,
    34, 90,
    34, 91,
    35, 53,
    35, 55,
    35, 58,
    36, 10,
    36, 53,
    36, 62,
    36, 94,
    37, 13,
    37, 15,
    37, 34,
    37, 53,
    37, 55,
    37, 57,
    37, 58,
    37, 59,
    37, 100,
    38, 53,
    38, 68,
    38, 69,
    38, 70,
    38, 71,
    38, 72,
    38, 80,
    38, 82,
    38, 86,
    38, 87,
    38, 88,
    38, 90,
    39, 13,
    39, 15,
    39, 34,
    39, 43,
    39, 53,
    39, 66,
    39, 68,
    39, 69,
    39, 70,
    39, 72,
    39, 80,
    39, 82,
    39, 83,
    39, 86,
    39, 87,
    39, 90,
    39, 100,
    41, 34,
    41, 53,
    41, 57,
    41, 58,
    42, 34,
    42, 53,
    42, 57,
    42, 58,
    43, 34,
    44, 14,
    44, 36,
    44, 40,
    44, 48,
    44, 50,
    44, 68,
    44, 69,
    44, 70,
    44, 72,
    44, 80,
    44, 82,
    44, 86,
    44, 87,
    44, 88,
    44, 90,
    44, 98,
    44, 99,
    45, 3,
    45, 8,
    45, 34,
    45, 36,
    45, 40,
    45, 48,
    45, 50,
    45, 53,
    45, 54,
    45, 55,
    45, 56,
    45, 58,
    45, 86,
    45, 87,
    45, 88,
    45, 90,
    46, 34,
    46, 53,
    46, 57,
    46, 58,
    47, 34,
    47, 53,
    47, 57,
    47, 58,
    48, 13,
    48, 15,
    48, 34,
    48, 53,
    48, 55,
    48, 57,
    48, 58,
    48, 59,
    48, 100,
    49, 13,
    49, 15,
    49, 34,
    49, 43,
    49, 57,
    49, 59,
    49, 66,
    49, 68,
    49, 69,
    49, 70,
    49, 72,
    49, 80,
    49, 82,
    49, 85,
    49, 87,
    49, 90,
    49, 100,
    50, 53,
    50, 55,
    50, 56,
    50, 58,
    51, 53,
    51, 55,
    51, 58,
    53, 1,
    53, 13,
    53, 14,
    53, 15,
    53, 34,
    53, 36,
    53, 40,
    53, 43,
    53, 48,
    53, 50,
    53, 52,
    53, 53,
    53, 55,
    53, 56,
    53, 58,
    53, 66,
    53, 68,
    53, 69,
    53, 70,
    53, 72,
    53, 78,
    53, 79,
    53, 80,
    53, 81,
    53, 82,
    53, 83,
    53, 84,
    53, 86,
    53, 87,
    53, 88,
    53, 89,
    53, 90,
    53, 91,
    53, 98,
    53, 99,
    53, 100,
    54, 34,
    55, 10,
    55, 13,
    55, 14,
    55, 15,
    55, 34,
    55, 36,
    55, 40,
    55, 48,
    55, 50,
    55, 62,
    55, 66,
    55, 68,
    55, 69,
    55, 70,
    55, 72,
    55, 80,
    55, 82,
    55, 83,
    55, 86,
    55, 87,
    55, 90,
    55, 94,
    55, 98,
    55, 99,
    55, 100,
    56, 10,
    56, 13,
    56, 14,
    56, 15,
    56, 34,
    56, 53,
    56, 62,
    56, 66,
    56, 68,
    56, 69,
    56, 70,
    56, 72,
    56, 80,
    56, 82,
    56, 83,
    56, 86,
    56, 94,
    56, 98,
    56, 99,
    56, 100,
    57, 14,
    57, 36,
    57, 40,
    57, 48,
    57, 50,
    57, 55,
    57, 68,
    57, 69,
    57, 70,
    57, 72,
    57, 80,
    57, 82,
    57, 86,
    57, 87,
    57, 90,
    57, 98,
    57, 99,
    58, 7,
    58, 10,
    58, 11,
    58, 13,
    58, 14,
    58, 15,
    58, 34,
    58, 36,
    58, 40,
    58, 43,
    58, 48,
    58, 50,
    58, 52,
    58, 53,
    58, 54,
    58, 55,
    58, 56,
    58, 57,
    58, 58,
    58, 62,
    58, 66,
    58, 68,
    58, 69,
    58, 70,
    58, 71,
    58, 72,
    58, 78,
    58, 79,
    58, 80,
    58, 81,
    58, 82,
    58, 83,
    58, 84,
    58, 85,
    58, 86,
    58, 87,
    58, 89,
    58, 90,
    58, 91,
    58, 94,
    58, 98,
    58, 99,
    58, 100,
    59, 34,
    59, 36,
    59, 40,
    59, 48,
    59, 50,
    59, 68,
    59, 69,
    59, 70,
    59, 72,
    59, 80,
    59, 82,
    59, 86,
    59, 87,
    59, 88,
    59, 90,
    60, 43,
    60, 54,
    66, 3,
    66, 8,
    66, 87,
    66, 90,
    67, 3,
    67, 8,
    67, 87,
    67, 89,
    67, 90,
    67, 91,
    68, 3,
    68, 8,
    70, 3,
    70, 8,
    70, 87,
    70, 90,
    71, 3,
    71, 8,
    71, 10,
    71, 62,
    71, 68,
    71, 69,
    71, 70,
    71, 72,
    71, 82,
    71, 94,
    73, 3,
    73, 8,
    76, 68,
    76, 69,
    76, 70,
    76, 72,
    76, 82,
    78, 3,
    78, 8,
    79, 3,
    79, 8,
    80, 3,
    80, 8,
    80, 87,
    80, 89,
    80, 90,
    80, 91,
    81, 3,
    81, 8,
    81, 87,
    81, 89,
    81, 90,
    81, 91,
    83, 3,
    83, 8,
    83, 13,
    83, 15,
    83, 66,
    83, 68,
    83, 69,
    83, 70,
    83, 71,
    83, 72,
    83, 80,
    83, 82,
    83, 85,
    83, 87,
    83, 88,
    83, 90,
    83, 100,
    85, 80,
    87, 3,
    87, 8,
    87, 13,
    87, 15,
    87, 66,
    87, 68,
    87, 69,
    87, 70,
    87, 71,
    87, 72,
    87, 80,
    87, 82,
    87, 100,
    88, 13,
    88, 15,
    88, 100,
    89, 68,
    89, 69,
    89, 70,
    89, 72,
    89, 80,
    89, 82,
    90, 3,
    90, 8,
    90, 13,
    90, 15,
    90, 66,
    90, 68,
    90, 69,
    90, 70,
    90, 71,
    90, 72,
    90, 80,
    90, 82,
    90, 100,
    91, 68,
    91, 69,
    91, 70,
    91, 72,
    91, 80,
    91, 82,
    92, 43,
    92, 54,
    100, 3,
    100, 8
};

/* Kerning between the respective left and right glyphs
 * 4.4 format which needs to scaled with `kern_scale`*/
static const int8_t kern_pair_values[] =
{
    -14, -9, -9, -28, -12, -14, -14, -14,
    -14, -5, -5, -21, -5, -14, -22, 3,
    -9, -9, -28, -12, -14, -14, -14, -14,
    -5, -5, -21, -5, -14, -22, 3, 5,
    9, 5, -67, -67, -67, -67, -58, -28,
    -28, -19, -5, -5, -5, -5, -28, -4,
    -18, -9, -35, -11, -11, -3, -11, -4,
    -3, -12, -8, -12, 3, -6, -6, -13,
    -6, -7, -3, -4, -29, -29, -5, -20,
    -5, -5, -10, -5, -29, 5, -4, -4,
    -4, -4, -4, -4, -4, -4, -6, -5,
    -6, -64, -64, -45, -49, 5, -8, -5,
    -5, -5, -5, -5, -5, -6, -5, -6,
    -6, -64, 4, -7, 4, -7, 4, -7,
    4, -7, -5, -38, -7, -7, -7, -7,
    -6, -6, -6, -6, -6, -6, -5, -9,
    -15, -9, -38, -38, -67, -67, 4, -15,
    -15, -15, -15, -48, -6, -48, -22, -65,
    -3, -29, -12, -29, 4, -7, 4, -7,
    4, -7, 4, -7, -29, -29, -5, -20,
    -5, -5, -10, -5, -29, -95, -95, -42,
    -43, -12, -8, -3, -3, -3, -3, -3,
    -3, -3, 3, 4, 4, -95, -8, -7,
    -5, -8, -12, -4, -11, -14, -60, -64,
    -60, -28, -7, -7, -51, -7, -7, -4,
    4, 4, 4, 4, -39, -21, -21, -21,
    -21, -21, -21, -49, -21, -21, -15, -18,
    -15, -19, -11, -18, -19, -14, -64, -64,
    -60, -5, 5, -50, -37, -50, -18, -3,
    -3, -3, -3, 4, -11, -10, -10, -10,
    -10, -11, -10, -7, -7, -3, -3, 4,
    -37, -37, -50, 4, -34, -14, -34, -10,
    3, 3, -8, -7, -7, -7, -7, -7,
    -7, -5, -4, 3, -14, -14, -34, -37,
    -6, -6, -6, -6, 3, -6, -6, -6,
    -6, -5, -6, -5, -7, -7, -37, -37,
    -7, 5, -11, -54, -36, -54, -35, -7,
    -7, -22, -7, -7, -4, 4, -22, 4,
    4, 3, 4, 4, -15, -15, -15, -15,
    -5, -15, -9, -9, -15, -9, -15, -9,
    -14, -5, -9, -5, -5, -5, -7, 4,
    -36, -36, -54, 3, -6, -6, -6, -6,
    -5, -5, -5, -5, -5, -5, -4, -6,
    -6, -6, -4, -4, -4, -4, -4, -4,
    -7, -7, -3, -4, -3, -4, -3, -3,
    -3, -3, -3, -3, 4, 4, 5, 4,
    -6, -6, -6, -6, -6, 4, -19, -19,
    -5, -5, -5, -5, -5, -19, -19, -19,
    -19, -21, -21, -4, -5, -4, -4, -7,
    -7, -3, -4, -3, -4, 4, 4, -41,
    -41, -7, -4, -4, -4, 5, -4, -8,
    -4, 12, 4, 4, 4, -41, -7, 4,
    4, -39, -39, -4, -3, -3, -3, 3,
    -3, -4, -3, -39, -29, -29, -29, -5,
    -5, -5, -5, -9, -5, 4, 4, -39,
    -39, -4, -3, -3, -3, 3, -3, -4,
    -3, -39, -4, -4, -4, -4, -4, -4,
    -5, -5, -67, -67
};

/*Collect the kern pair's data in one place*/
static const lv_font_fmt_txt_kern_pair_t kern_pairs =
{
    .glyph_ids = kern_pair_glyph_ids,
    .values = kern_pair_values,
    .pair_cnt = 460,
    .glyph_ids_size = 0
};

/*--------------------
 *  ALL CUSTOM DATA
 *--------------------*/

#if LVGL_VERSION_MAJOR == 8
/*Store all the custom data of the font*/
static  lv_font_fmt_txt_glyph_cache_t cache;
#endif

#if LVGL_VERSION_MAJOR >= 8
static const lv_font_fmt_txt_dsc_t font_dsc = {
#else
static lv_font_fmt_txt_dsc_t font_dsc = {
#endif
    .glyph_bitmap = glyph_bitmap,
    .glyph_dsc = glyph_dsc,
    .cmaps = cmaps,
    .kern_dsc = &kern_pairs,
    .kern_scale = 16,
    .cmap_num = 2,
    .bpp = 4,
    .kern_classes = 0,
    .bitmap_format = 0,
#if LVGL_VERSION_MAJOR == 8
    .cache = &cache
#endif
};

/*-----------------
 *  PUBLIC FONT
 *----------------*/

/*Initialize a public general font descriptor*/
#if LVGL_VERSION_MAJOR >= 8
const lv_font_t ui_font_rm30 = {
#else
lv_font_t ui_font_rm30 = {
#endif
    .get_glyph_dsc = lv_font_get_glyph_dsc_fmt_txt,    /*Function pointer to get glyph's data*/
    .get_glyph_bitmap = lv_font_get_bitmap_fmt_txt,    /*Function pointer to get glyph's bitmap*/
    .line_height = 32,          /*The maximum line height required by the font*/
    .base_line = 7,             /*Baseline measured from the bottom of the line*/
#if !(LVGL_VERSION_MAJOR == 6 && LVGL_VERSION_MINOR == 0)
    .subpx = LV_FONT_SUBPX_NONE,
#endif
#if LV_VERSION_CHECK(7, 4, 0) || LVGL_VERSION_MAJOR >= 8
    .underline_position = -2,
    .underline_thickness = 1,
#endif
    .dsc = &font_dsc,          /*The custom font data. Will be accessed by `get_glyph_bitmap/dsc` */
#if LV_VERSION_CHECK(8, 2, 0) || LVGL_VERSION_MAJOR >= 9
    .fallback = NULL,
#endif
    .user_data = NULL,
};

#endif /*#if UI_FONT_RM30*/