/*******************************************************************************
 * Size: 34 px
 * Bpp: 4
 * Opts: --bpp 4 --size 34 --no-compress --font ../ASSETS/Roboto-Medium.ttf --range 0x20-0x7f,0xb0,0xb7,0x2013,0x2014,0x2026 --format lvgl
 ******************************************************************************/

#ifdef __has_include
    #if __has_include("lvgl.h")
        #ifndef LV_LVGL_H_INCLUDE_SIMPLE
            #define LV_LVGL_H_INCLUDE_SIMPLE
        #endif
    #endif
#endif

#ifdef LV_LVGL_H_INCLUDE_SIMPLE
    #include "lvgl.h"
#else
    #include "lvgl.h"
#endif

#ifndef UI_FONT_RM34
#define UI_FONT_RM34 1
#endif

#if UI_FONT_RM34

/*-----------------
 *    BITMAPS
 *----------------*/

/*Store the image of the glyphs*/
static LV_ATTRIBUTE_LARGE_CONST const uint8_t glyph_bitmap[] = {
    /* U+0020 " " */

    /* U+0021 "!" */
    0x8f, 0xff, 0xb7, 0xff, 0xfb, 0x7f, 0xff, 0xa7,
    0xff, 0xfa, 0x6f, 0xff, 0xa6, 0xff, 0xf9, 0x5f,
    0xff, 0x95, 0xff, 0xf8, 0x5f, 0xff, 0x84, 0xff,
    0xf8, 0x4f, 0xff, 0x74, 0xff, 0xf7, 0x3f, 0xff,
    0x73, 0xff, 0xf6, 0x2f, 0xff, 0x62, 0xff, 0xf5,
    0x1c, 0xcc, 0x40, 0x0, 0x0, 0x0, 0x0, 0x0,
    0x3, 0x10, 0x2e, 0xff, 0x68, 0xff, 0xfe, 0x7f,
    0xff, 0xd1, 0xbf, 0xd3,

    /* U+0022 "\"" */
    0x5f, 0xf9, 0x5, 0xff, 0x95, 0xff, 0x90, 0x5f,
    0xf9, 0x5f, 0xf8, 0x5, 0xff, 0x85, 0xff, 0x70,
    0x5f, 0xf7, 0x5f, 0xf5, 0x5, 0xff, 0x55, 0xff,
    0x40, 0x5f, 0xf4, 0x5f, 0xf2, 0x5, 0xff, 0x25,
    0xff, 0x10, 0x5f, 0xf1, 0x29, 0x80, 0x2, 0x98,
    0x0,

    /* U+0023 "#" */
    0x0, 0x0, 0x0, 0x6, 0xff, 0x50, 0x0, 0xef,
    0xd0, 0x0, 0x0, 0x0, 0x0, 0x9, 0xff, 0x20,
    0x1, 0xff, 0xb0, 0x0, 0x0, 0x0, 0x0, 0xc,
    0xff, 0x0, 0x4, 0xff, 0x80, 0x0, 0x0, 0x0,
    0x0, 0xf, 0xfc, 0x0, 0x7, 0xff, 0x50, 0x0,
    0x0, 0x0, 0x0, 0x2f, 0xf9, 0x0, 0xa, 0xff,
    0x20, 0x0, 0x0, 0x0, 0x0, 0x5f, 0xf6, 0x0,
    0xd, 0xff, 0x0, 0x0, 0x0, 0x0, 0x0, 0x8f,
    0xf3, 0x0, 0xf, 0xfc, 0x0, 0x0, 0x2, 0xff,
    0xff, 0xff, 0xff, 0xff, 0xff, 0xff, 0xff, 0xf2,
    0x2, 0xff, 0xff, 0xff, 0xff, 0xff, 0xff, 0xff,
    0xff, 0xf2, 0x1, 0x99, 0x9a, 0xff, 0xd9, 0x99,
    0xdf, 0xfa, 0x99, 0x91, 0x0, 0x0, 0x4, 0xff,
    0x80, 0x0, 0xcf, 0xf0, 0x0, 0x0, 0x0, 0x0,
    0x7, 0xff, 0x50, 0x0, 0xff, 0xd0, 0x0, 0x0,
    0x0, 0x0, 0xa, 0xff, 0x20, 0x1, 0xff, 0xa0,
    0x0, 0x0, 0x0, 0x0, 0xd, 0xff, 0x0, 0x4,
    0xff, 0x70, 0x0, 0x0, 0x0, 0x0, 0xf, 0xfc,
    0x0, 0x7, 0xff, 0x40, 0x0, 0x0, 0x6f, 0xff,
    0xff, 0xff, 0xff, 0xff, 0xff, 0xff, 0xfe, 0x0,
    0x6f, 0xff, 0xff, 0xff, 0xff, 0xff, 0xff, 0xff,
    0xfe, 0x0, 0x39, 0x99, 0xdf, 0xfa, 0x99, 0x9f,
    0xfd, 0x99, 0x98, 0x0, 0x0, 0x0, 0xcf, 0xf0,
    0x0, 0x3f, 0xf8, 0x0, 0x0, 0x0, 0x0, 0x0,
    0xff, 0xd0, 0x0, 0x7f, 0xf5, 0x0, 0x0, 0x0,
    0x0, 0x2, 0xff, 0xa0, 0x0, 0xaf, 0xf2, 0x0,
    0x0, 0x0, 0x0, 0x5, 0xff, 0x70, 0x0, 0xdf,
    0xe0, 0x0, 0x0, 0x0, 0x0, 0x8, 0xff, 0x30,
    0x0, 0xff, 0xb0, 0x0, 0x0, 0x0, 0x0, 0xb,
    0xff, 0x0, 0x3, 0xff, 0x80, 0x0, 0x0, 0x0,

    /* U+0024 "$" */
    0x0, 0x0, 0x0, 0x3, 0xff, 0x70, 0x0, 0x0,
    0x0, 0x0, 0x0, 0x0, 0x3f, 0xf7, 0x0, 0x0,
    0x0, 0x0, 0x0, 0x0, 0x3, 0xff, 0x70, 0x0,
    0x0, 0x0, 0x0, 0x0, 0x2, 0x7f, 0xfa, 0x20,
    0x0, 0x0, 0x0, 0x0, 0x5d, 0xff, 0xff, 0xff,
    0xc4, 0x0, 0x0, 0x0, 0x8f, 0xff, 0xff, 0xff,
    0xff, 0xf7, 0x0, 0x0, 0x6f, 0xff, 0xff, 0xdd,
    0xff, 0xff, 0xf4, 0x0, 0xe, 0xff, 0xfb, 0x10,
    0x2, 0xdf, 0xff, 0xc0, 0x3, 0xff, 0xfe, 0x0,
    0x0, 0x2, 0xff, 0xff, 0x20, 0x5f, 0xff, 0xb0,
    0x0, 0x0, 0xb, 0xff, 0xf5, 0x5, 0xff, 0xfb,
    0x0, 0x0, 0x0, 0x9f, 0xff, 0x70, 0x3f, 0xff,
    0xe1, 0x0, 0x0, 0x1, 0x33, 0x31, 0x0, 0xef,
    0xff, 0xb1, 0x0, 0x0, 0x0, 0x0, 0x0, 0x7,
    0xff, 0xff, 0xe7, 0x10, 0x0, 0x0, 0x0, 0x0,
    0xa, 0xff, 0xff, 0xff, 0xa4, 0x0, 0x0, 0x0,
    0x0, 0x7, 0xff, 0xff, 0xff, 0xfc, 0x30, 0x0,
    0x0, 0x0, 0x2, 0x9f, 0xff, 0xff, 0xff, 0x70,
    0x0, 0x0, 0x0, 0x0, 0x6, 0xcf, 0xff, 0xff,
    0x60, 0x0, 0x0, 0x0, 0x0, 0x0, 0x3d, 0xff,
    0xff, 0x10, 0x0, 0x0, 0x0, 0x0, 0x0, 0x1e,
    0xff, 0xf6, 0x3a, 0xaa, 0x70, 0x0, 0x0, 0x0,
    0x9f, 0xff, 0x84, 0xff, 0xfc, 0x0, 0x0, 0x0,
    0x7, 0xff, 0xf9, 0x1f, 0xff, 0xf1, 0x0, 0x0,
    0x0, 0xaf, 0xff, 0x80, 0xcf, 0xff, 0xb0, 0x0,
    0x0, 0x4f, 0xff, 0xf4, 0x4, 0xff, 0xff, 0xe8,
    0x67, 0xaf, 0xff, 0xfd, 0x0, 0x8, 0xff, 0xff,
    0xff, 0xff, 0xff, 0xff, 0x30, 0x0, 0x6, 0xff,
    0xff, 0xff, 0xff, 0xfc, 0x20, 0x0, 0x0, 0x1,
    0x6a, 0xef, 0xfc, 0x94, 0x0, 0x0, 0x0, 0x0,
    0x0, 0x8, 0xff, 0x20, 0x0, 0x0, 0x0, 0x0,
    0x0, 0x0, 0x8f, 0xf2, 0x0, 0x0, 0x0, 0x0,
    0x0, 0x0, 0x8, 0xff, 0x20, 0x0, 0x0, 0x0,

    /* U+0025 "%" */
    0x0, 0x19, 0xdf, 0xfc, 0x50, 0x0, 0x0, 0x0,
    0x0, 0x0, 0x0, 0x0, 0x2e, 0xff, 0xff, 0xff,
    0xa0, 0x0, 0x0, 0x0, 0x0, 0x0, 0x0, 0xd,
    0xff, 0xc7, 0x8f, 0xff, 0x50, 0x0, 0x0, 0x30,
    0x0, 0x0, 0x3, 0xff, 0xc0, 0x0, 0x4f, 0xfb,
    0x0, 0x0, 0x4f, 0xd2, 0x0, 0x0, 0x5f, 0xf8,
    0x0, 0x0, 0xff, 0xd0, 0x0, 0xd, 0xfd, 0x0,
    0x0, 0x5, 0xff, 0x70, 0x0, 0xe, 0xfe, 0x0,
    0x9, 0xff, 0x30, 0x0, 0x0, 0x4f, 0xf9, 0x0,
    0x1, 0xff, 0xd0, 0x3, 0xff, 0x80, 0x0, 0x0,
    0x0, 0xff, 0xf6, 0x2, 0xbf, 0xf8, 0x0, 0xdf,
    0xd0, 0x0, 0x0, 0x0, 0x7, 0xff, 0xff, 0xff,
    0xfe, 0x10, 0x8f, 0xf4, 0x0, 0x0, 0x0, 0x0,
    0x6, 0xef, 0xff, 0xfc, 0x20, 0x2f, 0xf9, 0x0,
    0x0, 0x0, 0x0, 0x0, 0x0, 0x35, 0x52, 0x0,
    0xc, 0xfe, 0x10, 0x0, 0x0, 0x0, 0x0, 0x0,
    0x0, 0x0, 0x0, 0x7, 0xff, 0x50, 0x0, 0x0,
    0x0, 0x0, 0x0, 0x0, 0x0, 0x0, 0x2, 0xff,
    0xa0, 0x0, 0x0, 0x0, 0x0, 0x0, 0x0, 0x0,
    0x0, 0x0, 0xcf, 0xf1, 0x3, 0xae, 0xfe, 0x92,
    0x0, 0x0, 0x0, 0x0, 0x0, 0x6f, 0xf6, 0x6,
    0xff, 0xff, 0xff, 0xf3, 0x0, 0x0, 0x0, 0x0,
    0x1f, 0xfb, 0x2, 0xff, 0xf9, 0x7b, 0xff, 0xe0,
    0x0, 0x0, 0x0, 0xb, 0xff, 0x20, 0x8f, 0xf7,
    0x0, 0xb, 0xff, 0x50, 0x0, 0x0, 0x5, 0xff,
    0x70, 0xb, 0xff, 0x20, 0x0, 0x5f, 0xf7, 0x0,
    0x0, 0x1, 0xef, 0xc0, 0x0, 0xbf, 0xf1, 0x0,
    0x4, 0xff, 0x80, 0x0, 0x0, 0xaf, 0xf2, 0x0,
    0xb, 0xff, 0x20, 0x0, 0x5f, 0xf7, 0x0, 0x0,
    0x3f, 0xf8, 0x0, 0x0, 0x8f, 0xf7, 0x0, 0xa,
    0xff, 0x50, 0x0, 0x0, 0x4a, 0x0, 0x0, 0x2,
    0xff, 0xf9, 0x6a, 0xff, 0xe0, 0x0, 0x0, 0x0,
    0x0, 0x0, 0x0, 0x6, 0xff, 0xff, 0xff, 0xf4,
    0x0, 0x0, 0x0, 0x0, 0x0, 0x0, 0x0, 0x3,
    0xbe, 0xfe, 0xa2, 0x0,

    /* U+0026 "&" */
    0x0, 0x0, 0x4, 0xae, 0xff, 0xc7, 0x0, 0x0,
    0x0, 0x0, 0x0, 0x0, 0xa, 0xff, 0xff, 0xff,
    0xfe, 0x20, 0x0, 0x0, 0x0, 0x0, 0x9, 0xff,
    0xff, 0xff, 0xff, 0xfe, 0x0, 0x0, 0x0, 0x0,
    0x2, 0xff, 0xff, 0x83, 0x5c, 0xff, 0xf7, 0x0,
    0x0, 0x0, 0x0, 0x6f, 0xff, 0x90, 0x0, 0x1e,
    0xff, 0xb0, 0x0, 0x0, 0x0, 0x8, 0xff, 0xf4,
    0x0, 0x0, 0xbf, 0xfc, 0x0, 0x0, 0x0, 0x0,
    0x8f, 0xff, 0x40, 0x0, 0xe, 0xff, 0xa0, 0x0,
    0x0, 0x0, 0x5, 0xff, 0xfa, 0x0, 0x8, 0xff,
    0xf4, 0x0, 0x0, 0x0, 0x0, 0xe, 0xff, 0xf4,
    0x1b, 0xff, 0xf9, 0x0, 0x0, 0x0, 0x0, 0x0,
    0x5f, 0xff, 0xef, 0xff, 0xfa, 0x0, 0x0, 0x0,
    0x0, 0x0, 0x0, 0xaf, 0xff, 0xff, 0xf7, 0x0,
    0x0, 0x0, 0x0, 0x0, 0x0, 0x6, 0xff, 0xff,
    0xf3, 0x0, 0x0, 0x0, 0x0, 0x0, 0x0, 0xa,
    0xff, 0xff, 0xff, 0xa0, 0x0, 0x2, 0x55, 0x50,
    0x0, 0xc, 0xff, 0xfe, 0xff, 0xff, 0x80, 0x0,
    0x8f, 0xff, 0x0, 0xa, 0xff, 0xfc, 0x14, 0xff,
    0xff, 0x70, 0xa, 0xff, 0xf0, 0x2, 0xff, 0xfe,
    0x10, 0x6, 0xff, 0xff, 0x50, 0xef, 0xfc, 0x0,
    0x7f, 0xff, 0x90, 0x0, 0x7, 0xff, 0xff, 0x8f,
    0xff, 0x80, 0x8, 0xff, 0xf7, 0x0, 0x0, 0x9,
    0xff, 0xff, 0xff, 0xf2, 0x0, 0x7f, 0xff, 0xb0,
    0x0, 0x0, 0xa, 0xff, 0xff, 0xfa, 0x0, 0x3,
    0xff, 0xff, 0x40, 0x0, 0x0, 0x1f, 0xff, 0xff,
    0x20, 0x0, 0xc, 0xff, 0xff, 0x94, 0x34, 0x8e,
    0xff, 0xff, 0xfb, 0x0, 0x0, 0x2e, 0xff, 0xff,
    0xff, 0xff, 0xff, 0xff, 0xff, 0xf8, 0x0, 0x0,
    0x2c, 0xff, 0xff, 0xff, 0xff, 0xfc, 0x7f, 0xff,
    0xf5, 0x0, 0x0, 0x4, 0xad, 0xff, 0xec, 0x93,
    0x0, 0x8f, 0xff, 0xf2,

    /* U+0027 "'" */
    0xaf, 0xf7, 0xaf, 0xf7, 0xaf, 0xf6, 0xaf, 0xf5,
    0xaf, 0xf4, 0xaf, 0xf3, 0xaf, 0xf2, 0xaf, 0xf1,
    0x47, 0x70,

    /* U+0028 "(" */
    0x0, 0x0, 0x0, 0x2, 0x40, 0x0, 0x0, 0x0,
    0x5f, 0xc0, 0x0, 0x0, 0x7, 0xff, 0xf1, 0x0,
    0x0, 0x5f, 0xff, 0x40, 0x0, 0x1, 0xff, 0xf6,
    0x0, 0x0, 0xa, 0xff, 0xb0, 0x0, 0x0, 0x4f,
    0xff, 0x10, 0x0, 0x0, 0xcf, 0xfa, 0x0, 0x0,
    0x2, 0xff, 0xf3, 0x0, 0x0, 0x9, 0xff, 0xd0,
    0x0, 0x0, 0xe, 0xff, 0x90, 0x0, 0x0, 0x3f,
    0xff, 0x50, 0x0, 0x0, 0x6f, 0xff, 0x20, 0x0,
    0x0, 0x9f, 0xff, 0x0, 0x0, 0x0, 0xbf, 0xfe,
    0x0, 0x0, 0x0, 0xcf, 0xfd, 0x0, 0x0, 0x0,
    0xdf, 0xfc, 0x0, 0x0, 0x0, 0xdf, 0xfc, 0x0,
    0x0, 0x0, 0xdf, 0xfd, 0x0, 0x0, 0x0, 0xcf,
    0xfd, 0x0, 0x0, 0x0, 0xbf, 0xfe, 0x0, 0x0,
    0x0, 0x9f, 0xff, 0x0, 0x0, 0x0, 0x6f, 0xff,
    0x30, 0x0, 0x0, 0x2f, 0xff, 0x60, 0x0, 0x0,
    0xe, 0xff, 0x90, 0x0, 0x0, 0x8, 0xff, 0xe0,
    0x0, 0x0, 0x2, 0xff, 0xf3, 0x0, 0x0, 0x0,
    0xcf, 0xfa, 0x0, 0x0, 0x0, 0x3f, 0xff, 0x20,
    0x0, 0x0, 0xa, 0xff, 0xb0, 0x0, 0x0, 0x1,
    0xef, 0xf6, 0x0, 0x0, 0x0, 0x4f, 0xff, 0x40,
    0x0, 0x0, 0x5, 0xff, 0xf1, 0x0, 0x0, 0x0,
    0x4f, 0xc0, 0x0, 0x0, 0x0, 0x1, 0x30,

    /* U+0029 ")" */
    0x5, 0x10, 0x0, 0x0, 0x0, 0xe, 0xe4, 0x0,
    0x0, 0x0, 0x2f, 0xff, 0x50, 0x0, 0x0, 0x6,
    0xff, 0xf3, 0x0, 0x0, 0x0, 0x9f, 0xfe, 0x0,
    0x0, 0x0, 0xd, 0xff, 0x90, 0x0, 0x0, 0x4,
    0xff, 0xf3, 0x0, 0x0, 0x0, 0xdf, 0xfb, 0x0,
    0x0, 0x0, 0x6f, 0xff, 0x10, 0x0, 0x0, 0x1f,
    0xff, 0x80, 0x0, 0x0, 0xc, 0xff, 0xd0, 0x0,
    0x0, 0x8, 0xff, 0xf1, 0x0, 0x0, 0x5, 0xff,
    0xf5, 0x0, 0x0, 0x3, 0xff, 0xf8, 0x0, 0x0,
    0x1, 0xff, 0xfa, 0x0, 0x0, 0x0, 0xff, 0xfb,
    0x0, 0x0, 0x0, 0xff, 0xfd, 0x0, 0x0, 0x0,
    0xff, 0xfd, 0x0, 0x0, 0x0, 0xff, 0xfc, 0x0,
    0x0, 0x0, 0xff, 0xfc, 0x0, 0x0, 0x1, 0xff,
    0xfa, 0x0, 0x0, 0x3, 0xff, 0xf8, 0x0, 0x0,
    0x5, 0xff, 0xf5, 0x0, 0x0, 0x8, 0xff, 0xf1,
    0x0, 0x0, 0xc, 0xff, 0xd0, 0x0, 0x0, 0x1f,
    0xff, 0x80, 0x0, 0x0, 0x6f, 0xff, 0x20, 0x0,
    0x0, 0xcf, 0xfb, 0x0, 0x0, 0x4, 0xff, 0xf2,
    0x0, 0x0, 0xd, 0xff, 0x90, 0x0, 0x0, 0x8f,
    0xfd, 0x0, 0x0, 0x6, 0xff, 0xf2, 0x0, 0x0,
    0x2f, 0xff, 0x40, 0x0, 0x0, 0xe, 0xe3, 0x0,
    0x0, 0x0, 0x4, 0x0, 0x0, 0x0, 0x0,

    /* U+002A "*" */
    0x0, 0x0, 0x0, 0xdf, 0xf1, 0x0, 0x0, 0x0,
    0x0, 0x0, 0xc, 0xff, 0x0, 0x0, 0x0, 0x0,
    0x0, 0x0, 0xcf, 0xf0, 0x0, 0x0, 0x0, 0x20,
    0x0, 0xb, 0xff, 0x0, 0x0, 0x0, 0xe, 0xd7,
    0x10, 0xaf, 0xe0, 0x4, 0xae, 0x3, 0xff, 0xff,
    0xbc, 0xfe, 0x8e, 0xff, 0xf4, 0x4c, 0xff, 0xff,
    0xff, 0xff, 0xff, 0xff, 0x60, 0x1, 0x59, 0xef,
    0xff, 0xfd, 0x84, 0x0, 0x0, 0x0, 0x1d, 0xff,
    0xfd, 0x0, 0x0, 0x0, 0x0, 0xb, 0xff, 0xcf,
    0xf9, 0x0, 0x0, 0x0, 0x7, 0xff, 0xc0, 0xdf,
    0xf5, 0x0, 0x0, 0x4, 0xff, 0xf2, 0x4, 0xff,
    0xf2, 0x0, 0x0, 0x9f, 0xf7, 0x0, 0x9, 0xff,
    0x80, 0x0, 0x0, 0x5b, 0x0, 0x0, 0x1d, 0x60,
    0x0, 0x0, 0x0, 0x0, 0x0, 0x0, 0x0, 0x0,
    0x0,

    /* U+002B "+" */
    0x0, 0x0, 0x0, 0x25, 0x55, 0x10, 0x0, 0x0,
    0x0, 0x0, 0x0, 0x8, 0xff, 0xf6, 0x0, 0x0,
    0x0, 0x0, 0x0, 0x0, 0x8f, 0xff, 0x60, 0x0,
    0x0, 0x0, 0x0, 0x0, 0x8, 0xff, 0xf6, 0x0,
    0x0, 0x0, 0x0, 0x0, 0x0, 0x8f, 0xff, 0x60,
    0x0, 0x0, 0x0, 0x0, 0x0, 0x8, 0xff, 0xf6,
    0x0, 0x0, 0x0, 0x0, 0x0, 0x0, 0x8f, 0xff,
    0x60, 0x0, 0x0, 0x8, 0xaa, 0xaa, 0xad, 0xff,
    0xfc, 0xaa, 0xaa, 0xa7, 0xef, 0xff, 0xff, 0xff,
    0xff, 0xff, 0xff, 0xff, 0xbe, 0xff, 0xff, 0xff,
    0xff, 0xff, 0xff, 0xff, 0xfb, 0xef, 0xff, 0xff,
    0xff, 0xff, 0xff, 0xff, 0xff, 0xb0, 0x0, 0x0,
    0x8, 0xff, 0xf6, 0x0, 0x0, 0x0, 0x0, 0x0,
    0x0, 0x8f, 0xff, 0x60, 0x0, 0x0, 0x0, 0x0,
    0x0, 0x8, 0xff, 0xf6, 0x0, 0x0, 0x0, 0x0,
    0x0, 0x0, 0x8f, 0xff, 0x60, 0x0, 0x0, 0x0,
    0x0, 0x0, 0x8, 0xff, 0xf6, 0x0, 0x0, 0x0,
    0x0, 0x0, 0x0, 0x8f, 0xff, 0x60, 0x0, 0x0,
    0x0, 0x0, 0x0, 0x8, 0xff, 0xf6, 0x0, 0x0,
    0x0,

    /* U+002C "," */
    0x0, 0xdf, 0xfc, 0x0, 0xdf, 0xfc, 0x0, 0xdf,
    0xfc, 0x0, 0xef, 0xfb, 0x0, 0xff, 0xf8, 0x4,
    0xff, 0xf3, 0xb, 0xff, 0xc0, 0x4f, 0xff, 0x20,
    0x8, 0xf5, 0x0, 0x0, 0x0, 0x0,

    /* U+002D "-" */
    0x23, 0x33, 0x33, 0x33, 0x2d, 0xff, 0xff, 0xff,
    0xfe, 0xdf, 0xff, 0xff, 0xff, 0xed, 0xff, 0xff,
    0xff, 0xfe,

    /* U+002E "." */
    0x2, 0x52, 0x4, 0xff, 0xf6, 0xbf, 0xff, 0xda,
    0xff, 0xfc, 0x1c, 0xfd, 0x30,

    /* U+002F "/" */
    0x0, 0x0, 0x0, 0x0, 0xa, 0xff, 0x80, 0x0,
    0x0, 0x0, 0x0, 0xff, 0xf2, 0x0, 0x0, 0x0,
    0x0, 0x5f, 0xfc, 0x0, 0x0, 0x0, 0x0, 0xb,
    0xff, 0x60, 0x0, 0x0, 0x0, 0x1, 0xff, 0xf1,
    0x0, 0x0, 0x0, 0x0, 0x7f, 0xfb, 0x0, 0x0,
    0x0, 0x0, 0xd, 0xff, 0x50, 0x0, 0x0, 0x0,
    0x3, 0xff, 0xf0, 0x0, 0x0, 0x0, 0x0, 0x9f,
    0xf9, 0x0, 0x0, 0x0, 0x0, 0xe, 0xff, 0x30,
    0x0, 0x0, 0x0, 0x4, 0xff, 0xd0, 0x0, 0x0,
    0x0, 0x0, 0xaf, 0xf8, 0x0, 0x0, 0x0, 0x0,
    0xf, 0xff, 0x20, 0x0, 0x0, 0x0, 0x6, 0xff,
    0xc0, 0x0, 0x0, 0x0, 0x0, 0xcf, 0xf6, 0x0,
    0x0, 0x0, 0x0, 0x2f, 0xff, 0x10, 0x0, 0x0,
    0x0, 0x7, 0xff, 0xa0, 0x0, 0x0, 0x0, 0x0,
    0xdf, 0xf5, 0x0, 0x0, 0x0, 0x0, 0x3f, 0xfe,
    0x0, 0x0, 0x0, 0x0, 0x9, 0xff, 0x90, 0x0,
    0x0, 0x0, 0x0, 0xef, 0xf3, 0x0, 0x0, 0x0,
    0x0, 0x5f, 0xfd, 0x0, 0x0, 0x0, 0x0, 0xb,
    0xff, 0x70, 0x0, 0x0, 0x0, 0x1, 0xff, 0xf1,
    0x0, 0x0, 0x0, 0x0, 0x6f, 0xfc, 0x0, 0x0,
    0x0, 0x0, 0xc, 0xff, 0x60, 0x0, 0x0, 0x0,
    0x0,

    /* U+0030 "0" */
    0x0, 0x0, 0x17, 0xce, 0xfe, 0xd8, 0x20, 0x0,
    0x0, 0x0, 0x4e, 0xff, 0xff, 0xff, 0xff, 0x80,
    0x0, 0x0, 0x4f, 0xff, 0xff, 0xff, 0xff, 0xff,
    0x80, 0x0, 0xd, 0xff, 0xfd, 0x53, 0x4a, 0xff,
    0xff, 0x30, 0x5, 0xff, 0xfd, 0x0, 0x0, 0x9,
    0xff, 0xfa, 0x0, 0xbf, 0xff, 0x50, 0x0, 0x0,
    0x1f, 0xff, 0xf0, 0xe, 0xff, 0xf0, 0x0, 0x0,
    0x0, 0xcf, 0xff, 0x31, 0xff, 0xfe, 0x0, 0x0,
    0x0, 0x9, 0xff, 0xf6, 0x2f, 0xff, 0xc0, 0x0,
    0x0, 0x0, 0x8f, 0xff, 0x73, 0xff, 0xfc, 0x0,
    0x0, 0x0, 0x7, 0xff, 0xf8, 0x3f, 0xff, 0xc0,
    0x0, 0x0, 0x0, 0x7f, 0xff, 0x94, 0xff, 0xfc,
    0x0, 0x0, 0x0, 0x7, 0xff, 0xf9, 0x4f, 0xff,
    0xc0, 0x0, 0x0, 0x0, 0x7f, 0xff, 0x94, 0xff,
    0xfc, 0x0, 0x0, 0x0, 0x7, 0xff, 0xf8, 0x3f,
    0xff, 0xc0, 0x0, 0x0, 0x0, 0x7f, 0xff, 0x82,
    0xff, 0xfc, 0x0, 0x0, 0x0, 0x8, 0xff, 0xf7,
    0x1f, 0xff, 0xe0, 0x0, 0x0, 0x0, 0x9f, 0xff,
    0x60, 0xef, 0xff, 0x10, 0x0, 0x0, 0xc, 0xff,
    0xf3, 0xa, 0xff, 0xf6, 0x0, 0x0, 0x1, 0xff,
    0xff, 0x0, 0x5f, 0xff, 0xd0, 0x0, 0x0, 0x9f,
    0xff, 0xa0, 0x0, 0xdf, 0xff, 0xd5, 0x34, 0xaf,
    0xff, 0xf2, 0x0, 0x3, 0xff, 0xff, 0xff, 0xff,
    0xff, 0xf8, 0x0, 0x0, 0x4, 0xef, 0xff, 0xff,
    0xff, 0xf8, 0x0, 0x0, 0x0, 0x0, 0x7b, 0xef,
    0xed, 0x82, 0x0, 0x0,

    /* U+0031 "1" */
    0x0, 0x0, 0x0, 0x0, 0x5b, 0xb0, 0x0, 0x0,
    0x4a, 0xff, 0xfb, 0x0, 0x28, 0xef, 0xff, 0xff,
    0xb1, 0xdf, 0xff, 0xff, 0xff, 0xfb, 0x3f, 0xff,
    0xff, 0xff, 0xff, 0xb3, 0xff, 0xe8, 0x34, 0xff,
    0xfb, 0x28, 0x30, 0x0, 0x4f, 0xff, 0xb0, 0x0,
    0x0, 0x4, 0xff, 0xfb, 0x0, 0x0, 0x0, 0x4f,
    0xff, 0xb0, 0x0, 0x0, 0x4, 0xff, 0xfb, 0x0,
    0x0, 0x0, 0x4f, 0xff, 0xb0, 0x0, 0x0, 0x4,
    0xff, 0xfb, 0x0, 0x0, 0x0, 0x4f, 0xff, 0xb0,
    0x0, 0x0, 0x4, 0xff, 0xfb, 0x0, 0x0, 0x0,
    0x4f, 0xff, 0xb0, 0x0, 0x0, 0x4, 0xff, 0xfb,
    0x0, 0x0, 0x0, 0x4f, 0xff, 0xb0, 0x0, 0x0,
    0x4, 0xff, 0xfb, 0x0, 0x0, 0x0, 0x4f, 0xff,
    0xb0, 0x0, 0x0, 0x4, 0xff, 0xfb, 0x0, 0x0,
    0x0, 0x4f, 0xff, 0xb0, 0x0, 0x0, 0x4, 0xff,
    0xfb, 0x0, 0x0, 0x0, 0x4f, 0xff, 0xb0, 0x0,
    0x0, 0x4, 0xff, 0xfb,

    /* U+0032 "2" */
    0x0, 0x0, 0x27, 0xce, 0xfe, 0xd9, 0x30, 0x0,
    0x0, 0x0, 0x8, 0xff, 0xff, 0xff, 0xff, 0xfa,
    0x0, 0x0, 0x0, 0xbf, 0xff, 0xff, 0xff, 0xff,
    0xff, 0xc0, 0x0, 0x8, 0xff, 0xff, 0x94, 0x35,
    0xcf, 0xff, 0xf6, 0x0, 0xf, 0xff, 0xf6, 0x0,
    0x0, 0xb, 0xff, 0xfc, 0x0, 0x5f, 0xff, 0xc0,
    0x0, 0x0, 0x3, 0xff, 0xff, 0x0, 0x8f, 0xff,
    0x70, 0x0, 0x0, 0x0, 0xff, 0xff, 0x10, 0x58,
    0x88, 0x30, 0x0, 0x0, 0x0, 0xff, 0xff, 0x0,
    0x0, 0x0, 0x0, 0x0, 0x0, 0x3, 0xff, 0xfc,
    0x0, 0x0, 0x0, 0x0, 0x0, 0x0, 0xa, 0xff,
    0xf6, 0x0, 0x0, 0x0, 0x0, 0x0, 0x0, 0x5f,
    0xff, 0xe0, 0x0, 0x0, 0x0, 0x0, 0x0, 0x2,
    0xff, 0xff, 0x50, 0x0, 0x0, 0x0, 0x0, 0x0,
    0x1e, 0xff, 0xf9, 0x0, 0x0, 0x0, 0x0, 0x0,
    0x1, 0xdf, 0xff, 0xb0, 0x0, 0x0, 0x0, 0x0,
    0x0, 0xc, 0xff, 0xfd, 0x0, 0x0, 0x0, 0x0,
    0x0, 0x0, 0xbf, 0xff, 0xd1, 0x0, 0x0, 0x0,
    0x0, 0x0, 0xb, 0xff, 0xfd, 0x10, 0x0, 0x0,
    0x0, 0x0, 0x0, 0xaf, 0xff, 0xe2, 0x0, 0x0,
    0x0, 0x0, 0x0, 0x9, 0xff, 0xfe, 0x20, 0x0,
    0x0, 0x0, 0x0, 0x0, 0x8f, 0xff, 0xe2, 0x0,
    0x0, 0x0, 0x0, 0x0, 0x7, 0xff, 0xff, 0x62,
    0x22, 0x22, 0x22, 0x22, 0x20, 0x2f, 0xff, 0xff,
    0xff, 0xff, 0xff, 0xff, 0xff, 0xf1, 0x3f, 0xff,
    0xff, 0xff, 0xff, 0xff, 0xff, 0xff, 0xf1, 0x3f,
    0xff, 0xff, 0xff, 0xff, 0xff, 0xff, 0xff, 0xf1,

    /* U+0033 "3" */
    0x0, 0x0, 0x39, 0xde, 0xfe, 0xc8, 0x20, 0x0,
    0x0, 0x1, 0xaf, 0xff, 0xff, 0xff, 0xff, 0x80,
    0x0, 0x1, 0xdf, 0xff, 0xff, 0xff, 0xff, 0xff,
    0xa0, 0x0, 0xaf, 0xff, 0xf9, 0x43, 0x5c, 0xff,
    0xff, 0x40, 0x2f, 0xff, 0xf3, 0x0, 0x0, 0xa,
    0xff, 0xfb, 0x5, 0xff, 0xfb, 0x0, 0x0, 0x0,
    0x3f, 0xff, 0xe0, 0x25, 0x55, 0x30, 0x0, 0x0,
    0x1, 0xff, 0xff, 0x0, 0x0, 0x0, 0x0, 0x0,
    0x0, 0x2f, 0xff, 0xd0, 0x0, 0x0, 0x0, 0x0,
    0x0, 0x9, 0xff, 0xf8, 0x0, 0x0, 0x0, 0x0,
    0x1, 0x3a, 0xff, 0xfd, 0x0, 0x0, 0x0, 0x8,
    0xff, 0xff, 0xff, 0xfc, 0x10, 0x0, 0x0, 0x0,
    0x8f, 0xff, 0xff, 0xfb, 0x0, 0x0, 0x0, 0x0,
    0x8, 0xff, 0xff, 0xff, 0xfe, 0x30, 0x0, 0x0,
    0x0, 0x12, 0x22, 0x5b, 0xff, 0xff, 0x30, 0x0,
    0x0, 0x0, 0x0, 0x0, 0x8, 0xff, 0xfc, 0x0,
    0x0, 0x0, 0x0, 0x0, 0x0, 0xe, 0xff, 0xf2,
    0x0, 0x0, 0x0, 0x0, 0x0, 0x0, 0xbf, 0xff,
    0x47, 0xbb, 0xb4, 0x0, 0x0, 0x0, 0xb, 0xff,
    0xf4, 0x9f, 0xff, 0x80, 0x0, 0x0, 0x0, 0xef,
    0xff, 0x25, 0xff, 0xff, 0x20, 0x0, 0x0, 0x7f,
    0xff, 0xe0, 0xd, 0xff, 0xff, 0x84, 0x35, 0xbf,
    0xff, 0xf6, 0x0, 0x3f, 0xff, 0xff, 0xff, 0xff,
    0xff, 0xfa, 0x0, 0x0, 0x2c, 0xff, 0xff, 0xff,
    0xff, 0xf8, 0x0, 0x0, 0x0, 0x4, 0xad, 0xff,
    0xec, 0x81, 0x0, 0x0,

    /* U+0034 "4" */
    0x0, 0x0, 0x0, 0x0, 0x0, 0x1e, 0xff, 0xf7,
    0x0, 0x0, 0x0, 0x0, 0x0, 0x0, 0xa, 0xff,
    0xff, 0x70, 0x0, 0x0, 0x0, 0x0, 0x0, 0x4,
    0xff, 0xff, 0xf7, 0x0, 0x0, 0x0, 0x0, 0x0,
    0x0, 0xdf, 0xff, 0xff, 0x70, 0x0, 0x0, 0x0,
    0x0, 0x0, 0x8f, 0xff, 0xff, 0xf7, 0x0, 0x0,
    0x0, 0x0, 0x0, 0x2f, 0xff, 0xff, 0xff, 0x70,
    0x0, 0x0, 0x0, 0x0, 0xc, 0xff, 0xd9, 0xff,
    0xf7, 0x0, 0x0, 0x0, 0x0, 0x6, 0xff, 0xf4,
    0x9f, 0xff, 0x70, 0x0, 0x0, 0x0, 0x1, 0xff,
    0xfa, 0x9, 0xff, 0xf7, 0x0, 0x0, 0x0, 0x0,
    0xaf, 0xfe, 0x10, 0x9f, 0xff, 0x70, 0x0, 0x0,
    0x0, 0x4f, 0xff, 0x60, 0x9, 0xff, 0xf7, 0x0,
    0x0, 0x0, 0xe, 0xff, 0xc0, 0x0, 0x9f, 0xff,
    0x70, 0x0, 0x0, 0x9, 0xff, 0xf2, 0x0, 0x9,
    0xff, 0xf7, 0x0, 0x0, 0x3, 0xff, 0xf8, 0x0,
    0x0, 0x9f, 0xff, 0x70, 0x0, 0x0, 0xcf, 0xfe,
    0x0, 0x0, 0x9, 0xff, 0xf7, 0x0, 0x0, 0x7f,
    0xff, 0x72, 0x22, 0x22, 0xaf, 0xff, 0x82, 0x21,
    0x1f, 0xff, 0xff, 0xff, 0xff, 0xff, 0xff, 0xff,
    0xff, 0x71, 0xff, 0xff, 0xff, 0xff, 0xff, 0xff,
    0xff, 0xff, 0xf7, 0xf, 0xff, 0xff, 0xff, 0xff,
    0xff, 0xff, 0xff, 0xff, 0x70, 0x0, 0x0, 0x0,
    0x0, 0x0, 0x9f, 0xff, 0x70, 0x0, 0x0, 0x0,
    0x0, 0x0, 0x0, 0x9, 0xff, 0xf7, 0x0, 0x0,
    0x0, 0x0, 0x0, 0x0, 0x0, 0x9f, 0xff, 0x70,
    0x0, 0x0, 0x0, 0x0, 0x0, 0x0, 0x9, 0xff,
    0xf7, 0x0, 0x0, 0x0, 0x0, 0x0, 0x0, 0x0,
    0x9f, 0xff, 0x70, 0x0,

    /* U+0035 "5" */
    0x0, 0xdf, 0xff, 0xff, 0xff, 0xff, 0xff, 0xf3,
    0x0, 0xff, 0xff, 0xff, 0xff, 0xff, 0xff, 0xf3,
    0x1, 0xff, 0xff, 0xff, 0xff, 0xff, 0xff, 0xf3,
    0x3, 0xff, 0xfb, 0x77, 0x77, 0x77, 0x77, 0x71,
    0x4, 0xff, 0xf6, 0x0, 0x0, 0x0, 0x0, 0x0,
    0x6, 0xff, 0xf4, 0x0, 0x0, 0x0, 0x0, 0x0,
    0x8, 0xff, 0xf2, 0x0, 0x0, 0x0, 0x0, 0x0,
    0xa, 0xff, 0xf1, 0x0, 0x0, 0x0, 0x0, 0x0,
    0xb, 0xff, 0xf4, 0xad, 0xfe, 0xc8, 0x10, 0x0,
    0xd, 0xff, 0xff, 0xff, 0xff, 0xff, 0xf5, 0x0,
    0xf, 0xff, 0xff, 0xff, 0xff, 0xff, 0xff, 0x40,
    0xf, 0xff, 0xfa, 0x53, 0x49, 0xff, 0xff, 0xe0,
    0x0, 0x37, 0x40, 0x0, 0x0, 0x4f, 0xff, 0xf5,
    0x0, 0x0, 0x0, 0x0, 0x0, 0x9, 0xff, 0xfa,
    0x0, 0x0, 0x0, 0x0, 0x0, 0x3, 0xff, 0xfd,
    0x0, 0x0, 0x0, 0x0, 0x0, 0x1, 0xff, 0xfe,
    0x0, 0x0, 0x0, 0x0, 0x0, 0x1, 0xff, 0xfe,
    0x9c, 0xcc, 0x10, 0x0, 0x0, 0x3, 0xff, 0xfd,
    0xaf, 0xff, 0x60, 0x0, 0x0, 0x8, 0xff, 0xfa,
    0x5f, 0xff, 0xe1, 0x0, 0x0, 0x2f, 0xff, 0xf5,
    0xd, 0xff, 0xfe, 0x73, 0x37, 0xef, 0xff, 0xd0,
    0x2, 0xef, 0xff, 0xff, 0xff, 0xff, 0xff, 0x20,
    0x0, 0x2d, 0xff, 0xff, 0xff, 0xff, 0xd2, 0x0,
    0x0, 0x0, 0x5a, 0xef, 0xfe, 0xa5, 0x0, 0x0,

    /* U+0036 "6" */
    0x0, 0x0, 0x0, 0x0, 0x49, 0xce, 0xf5, 0x0,
    0x0, 0x0, 0x0, 0x6, 0xef, 0xff, 0xff, 0x50,
    0x0, 0x0, 0x0, 0x1c, 0xff, 0xff, 0xff, 0xf5,
    0x0, 0x0, 0x0, 0x1d, 0xff, 0xff, 0xd9, 0x65,
    0x10, 0x0, 0x0, 0xa, 0xff, 0xfe, 0x50, 0x0,
    0x0, 0x0, 0x0, 0x5, 0xff, 0xfe, 0x20, 0x0,
    0x0, 0x0, 0x0, 0x0, 0xcf, 0xff, 0x30, 0x0,
    0x0, 0x0, 0x0, 0x0, 0x3f, 0xff, 0xb0, 0x0,
    0x0, 0x0, 0x0, 0x0, 0x7, 0xff, 0xf5, 0x18,
    0xdf, 0xfd, 0x81, 0x0, 0x0, 0xbf, 0xff, 0x8f,
    0xff, 0xff, 0xff, 0xf5, 0x0, 0xe, 0xff, 0xff,
    0xff, 0xff, 0xff, 0xff, 0xf4, 0x0, 0xff, 0xff,
    0xfe, 0x84, 0x48, 0xff, 0xff, 0xd0, 0xf, 0xff,
    0xfd, 0x10, 0x0, 0x4, 0xff, 0xff, 0x50, 0xff,
    0xff, 0x30, 0x0, 0x0, 0x9, 0xff, 0xf9, 0xf,
    0xff, 0xf0, 0x0, 0x0, 0x0, 0x4f, 0xff, 0xc0,
    0xff, 0xff, 0x0, 0x0, 0x0, 0x2, 0xff, 0xfe,
    0xe, 0xff, 0xf1, 0x0, 0x0, 0x0, 0x2f, 0xff,
    0xd0, 0xbf, 0xff, 0x40, 0x0, 0x0, 0x4, 0xff,
    0xfc, 0x6, 0xff, 0xfb, 0x0, 0x0, 0x0, 0x9f,
    0xff, 0x80, 0xf, 0xff, 0xf5, 0x0, 0x0, 0x3f,
    0xff, 0xf3, 0x0, 0x7f, 0xff, 0xf9, 0x44, 0x8f,
    0xff, 0xfa, 0x0, 0x0, 0xaf, 0xff, 0xff, 0xff,
    0xff, 0xfd, 0x10, 0x0, 0x0, 0x9f, 0xff, 0xff,
    0xff, 0xfc, 0x10, 0x0, 0x0, 0x0, 0x29, 0xdf,
    0xfe, 0xa4, 0x0, 0x0,

    /* U+0037 "7" */
    0xdf, 0xff, 0xff, 0xff, 0xff, 0xff, 0xff, 0xff,
    0xed, 0xff, 0xff, 0xff, 0xff, 0xff, 0xff, 0xff,
    0xfe, 0xdf, 0xff, 0xff, 0xff, 0xff, 0xff, 0xff,
    0xff, 0xb2, 0x33, 0x33, 0x33, 0x33, 0x33, 0x3a,
    0xff, 0xf5, 0x0, 0x0, 0x0, 0x0, 0x0, 0x0,
    0xef, 0xfd, 0x0, 0x0, 0x0, 0x0, 0x0, 0x0,
    0x6f, 0xff, 0x60, 0x0, 0x0, 0x0, 0x0, 0x0,
    0xe, 0xff, 0xe0, 0x0, 0x0, 0x0, 0x0, 0x0,
    0x5, 0xff, 0xf8, 0x0, 0x0, 0x0, 0x0, 0x0,
    0x0, 0xdf, 0xff, 0x10, 0x0, 0x0, 0x0, 0x0,
    0x0, 0x4f, 0xff, 0xa0, 0x0, 0x0, 0x0, 0x0,
    0x0, 0xb, 0xff, 0xf3, 0x0, 0x0, 0x0, 0x0,
    0x0, 0x3, 0xff, 0xfc, 0x0, 0x0, 0x0, 0x0,
    0x0, 0x0, 0xaf, 0xff, 0x50, 0x0, 0x0, 0x0,
    0x0, 0x0, 0x2f, 0xff, 0xd0, 0x0, 0x0, 0x0,
    0x0, 0x0, 0x9, 0xff, 0xf7, 0x0, 0x0, 0x0,
    0x0, 0x0, 0x1, 0xff, 0xff, 0x0, 0x0, 0x0,
    0x0, 0x0, 0x0, 0x8f, 0xff, 0x80, 0x0, 0x0,
    0x0, 0x0, 0x0, 0xe, 0xff, 0xf2, 0x0, 0x0,
    0x0, 0x0, 0x0, 0x7, 0xff, 0xfa, 0x0, 0x0,
    0x0, 0x0, 0x0, 0x0, 0xef, 0xff, 0x30, 0x0,
    0x0, 0x0, 0x0, 0x0, 0x6f, 0xff, 0xc0, 0x0,
    0x0, 0x0, 0x0, 0x0, 0xd, 0xff, 0xf5, 0x0,
    0x0, 0x0, 0x0, 0x0, 0x4, 0xff, 0xfe, 0x0,
    0x0, 0x0, 0x0, 0x0, 0x0, 0xcf, 0xff, 0x70,
    0x0, 0x0, 0x0, 0x0,

    /* U+0038 "8" */
    0x0, 0x0, 0x18, 0xce, 0xff, 0xd9, 0x30, 0x0,
    0x0, 0x0, 0x7f, 0xff, 0xff, 0xff, 0xff, 0xa0,
    0x0, 0x0, 0x7f, 0xff, 0xff, 0xff, 0xff, 0xff,
    0xb0, 0x0, 0x1f, 0xff, 0xfd, 0x63, 0x5b, 0xff,
    0xff, 0x60, 0x7, 0xff, 0xfe, 0x0, 0x0, 0xa,
    0xff, 0xfc, 0x0, 0xaf, 0xff, 0x70, 0x0, 0x0,
    0x2f, 0xff, 0xf0, 0xa, 0xff, 0xf5, 0x0, 0x0,
    0x0, 0xff, 0xff, 0x0, 0x8f, 0xff, 0x70, 0x0,
    0x0, 0x2f, 0xff, 0xd0, 0x3, 0xff, 0xfe, 0x0,
    0x0, 0x9, 0xff, 0xf8, 0x0, 0x9, 0xff, 0xfd,
    0x63, 0x5b, 0xff, 0xfd, 0x0, 0x0, 0x9, 0xff,
    0xff, 0xff, 0xff, 0xfc, 0x10, 0x0, 0x0, 0xb,
    0xff, 0xff, 0xff, 0xfe, 0x20, 0x0, 0x0, 0x3e,
    0xff, 0xff, 0xff, 0xff, 0xff, 0x60, 0x0, 0x2e,
    0xff, 0xf9, 0x20, 0x16, 0xff, 0xff, 0x50, 0xa,
    0xff, 0xf8, 0x0, 0x0, 0x3, 0xff, 0xfe, 0x0,
    0xff, 0xff, 0x0, 0x0, 0x0, 0xb, 0xff, 0xf5,
    0x3f, 0xff, 0xc0, 0x0, 0x0, 0x0, 0x8f, 0xff,
    0x83, 0xff, 0xfc, 0x0, 0x0, 0x0, 0x8, 0xff,
    0xf8, 0x2f, 0xff, 0xf0, 0x0, 0x0, 0x0, 0xbf,
    0xff, 0x60, 0xdf, 0xff, 0x90, 0x0, 0x0, 0x4f,
    0xff, 0xf2, 0x6, 0xff, 0xff, 0xb5, 0x34, 0x8f,
    0xff, 0xfb, 0x0, 0xb, 0xff, 0xff, 0xff, 0xff,
    0xff, 0xfe, 0x10, 0x0, 0x9, 0xff, 0xff, 0xff,
    0xff, 0xfc, 0x20, 0x0, 0x0, 0x2, 0x8c, 0xef,
    0xfd, 0xa4, 0x0, 0x0,

    /* U+0039 "9" */
    0x0, 0x0, 0x18, 0xcf, 0xfe, 0xb5, 0x0, 0x0,
    0x0, 0x0, 0x5f, 0xff, 0xff, 0xff, 0xfc, 0x10,
    0x0, 0x0, 0x6f, 0xff, 0xff, 0xff, 0xff, 0xfd,
    0x10, 0x0, 0x2f, 0xff, 0xfb, 0x53, 0x6e, 0xff,
    0xfb, 0x0, 0xa, 0xff, 0xfa, 0x0, 0x0, 0x2e,
    0xff, 0xf3, 0x1, 0xff, 0xff, 0x10, 0x0, 0x0,
    0x6f, 0xff, 0xa0, 0x4f, 0xff, 0xb0, 0x0, 0x0,
    0x0, 0xff, 0xfe, 0x6, 0xff, 0xf9, 0x0, 0x0,
    0x0, 0xd, 0xff, 0xf1, 0x6f, 0xff, 0x80, 0x0,
    0x0, 0x0, 0xbf, 0xff, 0x35, 0xff, 0xfa, 0x0,
    0x0, 0x0, 0xb, 0xff, 0xf4, 0x3f, 0xff, 0xe0,
    0x0, 0x0, 0x0, 0xcf, 0xff, 0x40, 0xef, 0xff,
    0x70, 0x0, 0x0, 0x7f, 0xff, 0xf4, 0x7, 0xff,
    0xff, 0x81, 0x3, 0xaf, 0xff, 0xff, 0x30, 0xd,
    0xff, 0xff, 0xff, 0xff, 0xff, 0xff, 0xf2, 0x0,
    0x1d, 0xff, 0xff, 0xff, 0xfa, 0xdf, 0xff, 0x0,
    0x0, 0x7, 0xdf, 0xff, 0xc5, 0xf, 0xff, 0xc0,
    0x0, 0x0, 0x0, 0x1, 0x0, 0x4, 0xff, 0xf8,
    0x0, 0x0, 0x0, 0x0, 0x0, 0x0, 0xbf, 0xff,
    0x20, 0x0, 0x0, 0x0, 0x0, 0x0, 0x5f, 0xff,
    0xb0, 0x0, 0x0, 0x0, 0x0, 0x0, 0x8f, 0xff,
    0xf2, 0x0, 0x0, 0x0, 0x45, 0x6a, 0xff, 0xff,
    0xf6, 0x0, 0x0, 0x0, 0xf, 0xff, 0xff, 0xff,
    0xf6, 0x0, 0x0, 0x0, 0x0, 0xff, 0xff, 0xff,
    0xb3, 0x0, 0x0, 0x0, 0x0, 0xf, 0xed, 0xb7,
    0x30, 0x0, 0x0, 0x0,

    /* U+003A ":" */
    0x2c, 0xfc, 0x2b, 0xff, 0xfb, 0xcf, 0xff, 0xc6,
    0xff, 0xf6, 0x2, 0x52, 0x0, 0x0, 0x0, 0x0,
    0x0, 0x0, 0x0, 0x0, 0x0, 0x0, 0x0, 0x0,
    0x0, 0x0, 0x0, 0x0, 0x0, 0x0, 0x0, 0x0,
    0x0, 0x25, 0x20, 0x5f, 0xff, 0x5c, 0xff, 0xfc,
    0xbf, 0xff, 0xb2, 0xcf, 0xc2,

    /* U+003B ";" */
    0x0, 0x5e, 0xf9, 0x0, 0x1f, 0xff, 0xf5, 0x2,
    0xff, 0xff, 0x70, 0xb, 0xff, 0xe1, 0x0, 0x4,
    0x41, 0x0, 0x0, 0x0, 0x0, 0x0, 0x0, 0x0,
    0x0, 0x0, 0x0, 0x0, 0x0, 0x0, 0x0, 0x0,
    0x0, 0x0, 0x0, 0x0, 0x0, 0x0, 0x0, 0x0,
    0x0, 0x0, 0x0, 0x0, 0x0, 0x0, 0x0, 0x0,
    0x0, 0x0, 0x5a, 0xaa, 0x0, 0x8, 0xff, 0xf1,
    0x0, 0x8f, 0xff, 0x10, 0x8, 0xff, 0xf0, 0x0,
    0xaf, 0xfe, 0x0, 0xe, 0xff, 0xa0, 0x4, 0xff,
    0xf4, 0x0, 0xcf, 0xfa, 0x0, 0xb, 0xfd, 0x10,
    0x0, 0x4, 0x10, 0x0,

    /* U+003C "<" */
    0x0, 0x0, 0x0, 0x0, 0x0, 0x0, 0x5b, 0x0,
    0x0, 0x0, 0x0, 0x1, 0x7e, 0xff, 0x0, 0x0,
    0x0, 0x2, 0x9f, 0xff, 0xff, 0x0, 0x0, 0x4,
    0xbf, 0xff, 0xff, 0xfe, 0x0, 0x6, 0xdf, 0xff,
    0xff, 0xfe, 0x82, 0x28, 0xff, 0xff, 0xff, 0xfa,
    0x40, 0x0, 0xff, 0xff, 0xff, 0xc6, 0x10, 0x0,
    0x0, 0xff, 0xff, 0xb2, 0x0, 0x0, 0x0, 0x0,
    0xff, 0xff, 0xfc, 0x61, 0x0, 0x0, 0x0, 0x6d,
    0xff, 0xff, 0xff, 0xa4, 0x0, 0x0, 0x0, 0x5c,
    0xff, 0xff, 0xff, 0xe8, 0x20, 0x0, 0x0, 0x3a,
    0xff, 0xff, 0xff, 0xfc, 0x0, 0x0, 0x0, 0x18,
    0xef, 0xff, 0xff, 0x0, 0x0, 0x0, 0x0, 0x6,
    0xdf, 0xff, 0x0, 0x0, 0x0, 0x0, 0x0, 0x4,
    0xbe, 0x0, 0x0, 0x0, 0x0, 0x0, 0x0, 0x1,

    /* U+003D "=" */
    0x24, 0x44, 0x44, 0x44, 0x44, 0x44, 0x44, 0x39,
    0xff, 0xff, 0xff, 0xff, 0xff, 0xff, 0xfb, 0x9f,
    0xff, 0xff, 0xff, 0xff, 0xff, 0xff, 0xb9, 0xff,
    0xff, 0xff, 0xff, 0xff, 0xff, 0xfb, 0x0, 0x0,
    0x0, 0x0, 0x0, 0x0, 0x0, 0x0, 0x0, 0x0,
    0x0, 0x0, 0x0, 0x0, 0x0, 0x0, 0x0, 0x0,
    0x0, 0x0, 0x0, 0x0, 0x2, 0x44, 0x44, 0x44,
    0x44, 0x44, 0x44, 0x43, 0x9f, 0xff, 0xff, 0xff,
    0xff, 0xff, 0xff, 0xb9, 0xff, 0xff, 0xff, 0xff,
    0xff, 0xff, 0xfb, 0x9f, 0xff, 0xff, 0xff, 0xff,
    0xff, 0xff, 0xb0,

    /* U+003E ">" */
    0xb6, 0x0, 0x0, 0x0, 0x0, 0x0, 0x0, 0xe,
    0xff, 0x92, 0x0, 0x0, 0x0, 0x0, 0x0, 0xef,
    0xff, 0xfb, 0x40, 0x0, 0x0, 0x0, 0xd, 0xff,
    0xff, 0xff, 0xd7, 0x10, 0x0, 0x0, 0x16, 0xcf,
    0xff, 0xff, 0xff, 0x92, 0x0, 0x0, 0x0, 0x27,
    0xdf, 0xff, 0xff, 0xfc, 0x50, 0x0, 0x0, 0x0,
    0x39, 0xef, 0xff, 0xff, 0x70, 0x0, 0x0, 0x0,
    0x0, 0x5f, 0xff, 0xf7, 0x0, 0x0, 0x0, 0x5,
    0xbf, 0xff, 0xff, 0x70, 0x0, 0x3, 0x9e, 0xff,
    0xff, 0xff, 0xa2, 0x1, 0x7d, 0xff, 0xff, 0xff,
    0xe7, 0x10, 0xa, 0xff, 0xff, 0xff, 0xfc, 0x50,
    0x0, 0x0, 0xef, 0xff, 0xff, 0x93, 0x0, 0x0,
    0x0, 0xe, 0xff, 0xd7, 0x10, 0x0, 0x0, 0x0,
    0x0, 0xdb, 0x40, 0x0, 0x0, 0x0, 0x0, 0x0,
    0x1, 0x0, 0x0, 0x0, 0x0, 0x0, 0x0, 0x0,

    /* U+003F "?" */
    0x0, 0x3, 0x9d, 0xff, 0xeb, 0x70, 0x0, 0x0,
    0xa, 0xff, 0xff, 0xff, 0xff, 0xe4, 0x0, 0xb,
    0xff, 0xff, 0xff, 0xff, 0xff, 0xf3, 0x6, 0xff,
    0xff, 0xb6, 0x59, 0xff, 0xff, 0xb0, 0xcf, 0xff,
    0x90, 0x0, 0x4, 0xff, 0xff, 0x1e, 0xff, 0xf2,
    0x0, 0x0, 0xe, 0xff, 0xf3, 0x33, 0x33, 0x0,
    0x0, 0x0, 0xcf, 0xff, 0x30, 0x0, 0x0, 0x0,
    0x0, 0xf, 0xff, 0xf1, 0x0, 0x0, 0x0, 0x0,
    0x7, 0xff, 0xfc, 0x0, 0x0, 0x0, 0x0, 0x4,
    0xff, 0xff, 0x30, 0x0, 0x0, 0x0, 0x4, 0xff,
    0xff, 0x80, 0x0, 0x0, 0x0, 0x4, 0xff, 0xff,
    0x90, 0x0, 0x0, 0x0, 0x2, 0xff, 0xff, 0x90,
    0x0, 0x0, 0x0, 0x0, 0x9f, 0xff, 0x90, 0x0,
    0x0, 0x0, 0x0, 0xe, 0xff, 0xf0, 0x0, 0x0,
    0x0, 0x0, 0x1, 0xff, 0xfb, 0x0, 0x0, 0x0,
    0x0, 0x0, 0x2d, 0xdd, 0x80, 0x0, 0x0, 0x0,
    0x0, 0x0, 0x0, 0x0, 0x0, 0x0, 0x0, 0x0,
    0x0, 0x0, 0x0, 0x0, 0x0, 0x0, 0x0, 0x0,
    0x0, 0x3, 0x20, 0x0, 0x0, 0x0, 0x0, 0x0,
    0x1d, 0xff, 0x80, 0x0, 0x0, 0x0, 0x0, 0x6,
    0xff, 0xff, 0x0, 0x0, 0x0, 0x0, 0x0, 0x5f,
    0xff, 0xf0, 0x0, 0x0, 0x0, 0x0, 0x0, 0xaf,
    0xe5, 0x0, 0x0, 0x0,

    /* U+0040 "@" */
    0x0, 0x0, 0x0, 0x0, 0x0, 0x0, 0x25, 0x66,
    0x53, 0x0, 0x0, 0x0, 0x0, 0x0, 0x0, 0x0,
    0x0, 0x0, 0x0, 0x5b, 0xff, 0xff, 0xff, 0xff,
    0xc7, 0x0, 0x0, 0x0, 0x0, 0x0, 0x0, 0x0,
    0x4, 0xdf, 0xff, 0xff, 0xff, 0xff, 0xff, 0xfe,
    0x60, 0x0, 0x0, 0x0, 0x0, 0x0, 0x8, 0xff,
    0xfe, 0x84, 0x10, 0x1, 0x37, 0xcf, 0xff, 0xa0,
    0x0, 0x0, 0x0, 0x0, 0xa, 0xff, 0xf7, 0x0,
    0x0, 0x0, 0x0, 0x0, 0x4d, 0xff, 0xb0, 0x0,
    0x0, 0x0, 0x9, 0xff, 0xd2, 0x0, 0x0, 0x0,
    0x0, 0x0, 0x0, 0xb, 0xff, 0x80, 0x0, 0x0,
    0x5, 0xff, 0xe1, 0x0, 0x0, 0x0, 0x0, 0x0,
    0x0, 0x0, 0xd, 0xff, 0x20, 0x0, 0x0, 0xef,
    0xf3, 0x0, 0x0, 0x0, 0x37, 0x87, 0x30, 0x0,
    0x0, 0x3f, 0xf9, 0x0, 0x0, 0x7f, 0xf9, 0x0,
    0x0, 0x1, 0xbf, 0xff, 0xff, 0xd4, 0x0, 0x0,
    0xbf, 0xf0, 0x0, 0xe, 0xff, 0x10, 0x0, 0x2,
    0xdf, 0xff, 0xff, 0xff, 0xf3, 0x0, 0x5, 0xff,
    0x50, 0x4, 0xff, 0xa0, 0x0, 0x0, 0xdf, 0xfc,
    0x30, 0x1d, 0xff, 0x30, 0x0, 0x1f, 0xf8, 0x0,
    0x9f, 0xf5, 0x0, 0x0, 0x7f, 0xfc, 0x0, 0x0,
    0xdf, 0xf1, 0x0, 0x0, 0xef, 0xb0, 0xd, 0xff,
    0x10, 0x0, 0xf, 0xff, 0x30, 0x0, 0xf, 0xff,
    0x0, 0x0, 0xc, 0xfd, 0x0, 0xff, 0xd0, 0x0,
    0x5, 0xff, 0xc0, 0x0, 0x0, 0xff, 0xe0, 0x0,
    0x0, 0xbf, 0xe0, 0x2f, 0xfb, 0x0, 0x0, 0xaf,
    0xf8, 0x0, 0x0, 0x2f, 0xfd, 0x0, 0x0, 0xb,
    0xfe, 0x4, 0xff, 0xa0, 0x0, 0xd, 0xff, 0x50,
    0x0, 0x3, 0xff, 0xb0, 0x0, 0x0, 0xbf, 0xe0,
    0x4f, 0xf9, 0x0, 0x0, 0xff, 0xf3, 0x0, 0x0,
    0x5f, 0xfa, 0x0, 0x0, 0xc, 0xfc, 0x4, 0xff,
    0x90, 0x0, 0x1f, 0xff, 0x10, 0x0, 0x6, 0xff,
    0x80, 0x0, 0x0, 0xff, 0x90, 0x4f, 0xfa, 0x0,
    0x2, 0xff, 0xf2, 0x0, 0x0, 0x9f, 0xf7, 0x0,
    0x0, 0x3f, 0xf6, 0x2, 0xff, 0xb0, 0x0, 0xf,
    0xff, 0x50, 0x0, 0x1f, 0xff, 0x70, 0x0, 0xa,
    0xff, 0x10, 0xf, 0xfe, 0x0, 0x0, 0xcf, 0xfc,
    0x0, 0x1c, 0xff, 0xfa, 0x0, 0x5, 0xff, 0x90,
    0x0, 0xcf, 0xf2, 0x0, 0x6, 0xff, 0xfe, 0xcf,
    0xfd, 0xff, 0xf8, 0x59, 0xff, 0xe0, 0x0, 0x8,
    0xff, 0x70, 0x0, 0xc, 0xff, 0xff, 0xfd, 0x18,
    0xff, 0xff, 0xff, 0xd2, 0x0, 0x0, 0x3f, 0xfe,
    0x0, 0x0, 0x8, 0xdf, 0xd8, 0x0, 0x6, 0xcf,
    0xfc, 0x70, 0x0, 0x0, 0x0, 0xcf, 0xf7, 0x0,
    0x0, 0x0, 0x0, 0x0, 0x0, 0x0, 0x0, 0x0,
    0x0, 0x0, 0x0, 0x3, 0xff, 0xf4, 0x0, 0x0,
    0x0, 0x0, 0x0, 0x0, 0x0, 0x0, 0x0, 0x0,
    0x0, 0x0, 0x8, 0xff, 0xf6, 0x0, 0x0, 0x0,
    0x0, 0x0, 0x0, 0x0, 0x0, 0x0, 0x0, 0x0,
    0x0, 0xa, 0xff, 0xfb, 0x40, 0x0, 0x0, 0x0,
    0x4, 0x40, 0x0, 0x0, 0x0, 0x0, 0x0, 0x0,
    0x8, 0xff, 0xff, 0xeb, 0x98, 0x89, 0xbf, 0xfb,
    0x0, 0x0, 0x0, 0x0, 0x0, 0x0, 0x0, 0x3,
    0xbf, 0xff, 0xff, 0xff, 0xff, 0xff, 0xc0, 0x0,
    0x0, 0x0, 0x0, 0x0, 0x0, 0x0, 0x0, 0x26,
    0xad, 0xef, 0xfe, 0xb8, 0x30, 0x0, 0x0, 0x0,
    0x0, 0x0,

    /* U+0041 "A" */
    0x0, 0x0, 0x0, 0x0, 0xc, 0xff, 0xf6, 0x0,
    0x0, 0x0, 0x0, 0x0, 0x0, 0x0, 0x0, 0x2,
    0xff, 0xff, 0xc0, 0x0, 0x0, 0x0, 0x0, 0x0,
    0x0, 0x0, 0x0, 0x8f, 0xff, 0xff, 0x20, 0x0,
    0x0, 0x0, 0x0, 0x0, 0x0, 0x0, 0xe, 0xff,
    0xff, 0xf8, 0x0, 0x0, 0x0, 0x0, 0x0, 0x0,
    0x0, 0x4, 0xff, 0xff, 0xff, 0xe0, 0x0, 0x0,
    0x0, 0x0, 0x0, 0x0, 0x0, 0xaf, 0xff, 0xbf,
    0xff, 0x40, 0x0, 0x0, 0x0, 0x0, 0x0, 0x0,
    0x1f, 0xff, 0xc3, 0xff, 0xfa, 0x0, 0x0, 0x0,
    0x0, 0x0, 0x0, 0x6, 0xff, 0xf7, 0xd, 0xff,
    0xf1, 0x0, 0x0, 0x0, 0x0, 0x0, 0x0, 0xcf,
    0xff, 0x10, 0x7f, 0xff, 0x70, 0x0, 0x0, 0x0,
    0x0, 0x0, 0x2f, 0xff, 0xb0, 0x2, 0xff, 0xfd,
    0x0, 0x0, 0x0, 0x0, 0x0, 0x9, 0xff, 0xf6,
    0x0, 0xc, 0xff, 0xf3, 0x0, 0x0, 0x0, 0x0,
    0x0, 0xef, 0xff, 0x10, 0x0, 0x6f, 0xff, 0x90,
    0x0, 0x0, 0x0, 0x0, 0x5f, 0xff, 0xa0, 0x0,
    0x1, 0xff, 0xfe, 0x0, 0x0, 0x0, 0x0, 0xb,
    0xff, 0xf5, 0x0, 0x0, 0xb, 0xff, 0xf5, 0x0,
    0x0, 0x0, 0x1, 0xff, 0xff, 0x0, 0x0, 0x0,
    0x5f, 0xff, 0xb0, 0x0, 0x0, 0x0, 0x7f, 0xff,
    0xff, 0xff, 0xff, 0xff, 0xff, 0xff, 0x10, 0x0,
    0x0, 0xd, 0xff, 0xff, 0xff, 0xff, 0xff, 0xff,
    0xff, 0xf7, 0x0, 0x0, 0x3, 0xff, 0xff, 0xff,
    0xff, 0xff, 0xff, 0xff, 0xff, 0xd0, 0x0, 0x0,
    0x9f, 0xff, 0xa5, 0x55, 0x55, 0x55, 0x55, 0xef,
    0xff, 0x30, 0x0, 0xf, 0xff, 0xf3, 0x0, 0x0,
    0x0, 0x0, 0x9, 0xff, 0xfa, 0x0, 0x5, 0xff,
    0xfe, 0x0, 0x0, 0x0, 0x0, 0x0, 0x4f, 0xff,
    0xf0, 0x0, 0xcf, 0xff, 0x80, 0x0, 0x0, 0x0,
    0x0, 0x0, 0xef, 0xff, 0x60, 0x2f, 0xff, 0xf3,
    0x0, 0x0, 0x0, 0x0, 0x0, 0x8, 0xff, 0xfc,
    0x8, 0xff, 0xfd, 0x0, 0x0, 0x0, 0x0, 0x0,
    0x0, 0x3f, 0xff, 0xf2,

    /* U+0042 "B" */
    0x8f, 0xff, 0xff, 0xff, 0xff, 0xeb, 0x82, 0x0,
    0x0, 0x8f, 0xff, 0xff, 0xff, 0xff, 0xff, 0xff,
    0xa1, 0x0, 0x8f, 0xff, 0xff, 0xff, 0xff, 0xff,
    0xff, 0xfc, 0x0, 0x8f, 0xff, 0xc5, 0x55, 0x55,
    0x8d, 0xff, 0xff, 0x70, 0x8f, 0xff, 0xa0, 0x0,
    0x0, 0x0, 0xbf, 0xff, 0xd0, 0x8f, 0xff, 0xa0,
    0x0, 0x0, 0x0, 0x3f, 0xff, 0xf0, 0x8f, 0xff,
    0xa0, 0x0, 0x0, 0x0, 0x1f, 0xff, 0xf1, 0x8f,
    0xff, 0xa0, 0x0, 0x0, 0x0, 0x2f, 0xff, 0xf0,
    0x8f, 0xff, 0xa0, 0x0, 0x0, 0x0, 0x9f, 0xff,
    0xa0, 0x8f, 0xff, 0xa0, 0x0, 0x1, 0x4b, 0xff,
    0xfe, 0x20, 0x8f, 0xff, 0xff, 0xff, 0xff, 0xff,
    0xff, 0xd3, 0x0, 0x8f, 0xff, 0xff, 0xff, 0xff,
    0xff, 0xfe, 0x30, 0x0, 0x8f, 0xff, 0xff, 0xff,
    0xff, 0xff, 0xff, 0xfa, 0x0, 0x8f, 0xff, 0xa1,
    0x11, 0x11, 0x37, 0xef, 0xff, 0xa0, 0x8f, 0xff,
    0xa0, 0x0, 0x0, 0x0, 0x3f, 0xff, 0xf3, 0x8f,
    0xff, 0xa0, 0x0, 0x0, 0x0, 0xb, 0xff, 0xf8,
    0x8f, 0xff, 0xa0, 0x0, 0x0, 0x0, 0x8, 0xff,
    0xfa, 0x8f, 0xff, 0xa0, 0x0, 0x0, 0x0, 0x8,
    0xff, 0xfa, 0x8f, 0xff, 0xa0, 0x0, 0x0, 0x0,
    0xc, 0xff, 0xf8, 0x8f, 0xff, 0xa0, 0x0, 0x0,
    0x0, 0x7f, 0xff, 0xf4, 0x8f, 0xff, 0xc4, 0x44,
    0x45, 0x7c, 0xff, 0xff, 0xd0, 0x8f, 0xff, 0xff,
    0xff, 0xff, 0xff, 0xff, 0xff, 0x30, 0x8f, 0xff,
    0xff, 0xff, 0xff, 0xff, 0xff, 0xd3, 0x0, 0x8f,
    0xff, 0xff, 0xff, 0xff, 0xed, 0x94, 0x0, 0x0,

    /* U+0043 "C" */
    0x0, 0x0, 0x0, 0x28, 0xce, 0xff, 0xda, 0x50,
    0x0, 0x0, 0x0, 0x0, 0x1a, 0xff, 0xff, 0xff,
    0xff, 0xfe, 0x40, 0x0, 0x0, 0x2, 0xef, 0xff,
    0xff, 0xff, 0xff, 0xff, 0xf6, 0x0, 0x0, 0x1e,
    0xff, 0xff, 0xb7, 0x56, 0x9e, 0xff, 0xff, 0x40,
    0x0, 0xaf, 0xff, 0xf4, 0x0, 0x0, 0x1, 0xbf,
    0xff, 0xd0, 0x3, 0xff, 0xff, 0x40, 0x0, 0x0,
    0x0, 0x1f, 0xff, 0xf4, 0x9, 0xff, 0xfb, 0x0,
    0x0, 0x0, 0x0, 0x9, 0xff, 0xf9, 0xe, 0xff,
    0xf5, 0x0, 0x0, 0x0, 0x0, 0x6, 0xff, 0xfc,
    0x1f, 0xff, 0xf2, 0x0, 0x0, 0x0, 0x0, 0x0,
    0x11, 0x10, 0x3f, 0xff, 0xf0, 0x0, 0x0, 0x0,
    0x0, 0x0, 0x0, 0x0, 0x4f, 0xff, 0xe0, 0x0,
    0x0, 0x0, 0x0, 0x0, 0x0, 0x0, 0x5f, 0xff,
    0xe0, 0x0, 0x0, 0x0, 0x0, 0x0, 0x0, 0x0,
    0x5f, 0xff, 0xe0, 0x0, 0x0, 0x0, 0x0, 0x0,
    0x0, 0x0, 0x4f, 0xff, 0xe0, 0x0, 0x0, 0x0,
    0x0, 0x0, 0x0, 0x0, 0x3f, 0xff, 0xf0, 0x0,
    0x0, 0x0, 0x0, 0x0, 0x0, 0x0, 0x1f, 0xff,
    0xf2, 0x0, 0x0, 0x0, 0x0, 0x0, 0x0, 0x0,
    0xe, 0xff, 0xf5, 0x0, 0x0, 0x0, 0x0, 0x5,
    0xff, 0xfc, 0x9, 0xff, 0xfa, 0x0, 0x0, 0x0,
    0x0, 0x9, 0xff, 0xfa, 0x3, 0xff, 0xff, 0x30,
    0x0, 0x0, 0x0, 0x1f, 0xff, 0xf5, 0x0, 0xbf,
    0xff, 0xe3, 0x0, 0x0, 0x1, 0xbf, 0xff, 0xe0,
    0x0, 0x2e, 0xff, 0xff, 0xa6, 0x56, 0x9e, 0xff,
    0xff, 0x40, 0x0, 0x3, 0xff, 0xff, 0xff, 0xff,
    0xff, 0xff, 0xf6, 0x0, 0x0, 0x0, 0x2b, 0xff,
    0xff, 0xff, 0xff, 0xfe, 0x40, 0x0, 0x0, 0x0,
    0x0, 0x39, 0xdf, 0xfe, 0xd9, 0x50, 0x0, 0x0,

    /* U+0044 "D" */
    0x8f, 0xff, 0xff, 0xff, 0xfd, 0xa5, 0x0, 0x0,
    0x0, 0x8, 0xff, 0xff, 0xff, 0xff, 0xff, 0xfe,
    0x60, 0x0, 0x0, 0x8f, 0xff, 0xff, 0xff, 0xff,
    0xff, 0xff, 0xb0, 0x0, 0x8, 0xff, 0xfc, 0x55,
    0x56, 0x9e, 0xff, 0xff, 0xc0, 0x0, 0x8f, 0xff,
    0xa0, 0x0, 0x0, 0x7, 0xff, 0xff, 0x80, 0x8,
    0xff, 0xfa, 0x0, 0x0, 0x0, 0x6, 0xff, 0xff,
    0x20, 0x8f, 0xff, 0xa0, 0x0, 0x0, 0x0, 0xc,
    0xff, 0xf9, 0x8, 0xff, 0xfa, 0x0, 0x0, 0x0,
    0x0, 0x5f, 0xff, 0xe0, 0x8f, 0xff, 0xa0, 0x0,
    0x0, 0x0, 0x0, 0xff, 0xff, 0x28, 0xff, 0xfa,
    0x0, 0x0, 0x0, 0x0, 0xd, 0xff, 0xf5, 0x8f,
    0xff, 0xa0, 0x0, 0x0, 0x0, 0x0, 0xcf, 0xff,
    0x68, 0xff, 0xfa, 0x0, 0x0, 0x0, 0x0, 0xb,
    0xff, 0xf7, 0x8f, 0xff, 0xa0, 0x0, 0x0, 0x0,
    0x0, 0xbf, 0xff, 0x78, 0xff, 0xfa, 0x0, 0x0,
    0x0, 0x0, 0xc, 0xff, 0xf6, 0x8f, 0xff, 0xa0,
    0x0, 0x0, 0x0, 0x0, 0xdf, 0xff, 0x58, 0xff,
    0xfa, 0x0, 0x0, 0x0, 0x0, 0x1f, 0xff, 0xf3,
    0x8f, 0xff, 0xa0, 0x0, 0x0, 0x0, 0x5, 0xff,
    0xfe, 0x8, 0xff, 0xfa, 0x0, 0x0, 0x0, 0x0,
    0xcf, 0xff, 0x90, 0x8f, 0xff, 0xa0, 0x0, 0x0,
    0x0, 0x7f, 0xff, 0xf2, 0x8, 0xff, 0xfa, 0x0,
    0x0, 0x0, 0x8f, 0xff, 0xf8, 0x0, 0x8f, 0xff,
    0xc4, 0x44, 0x69, 0xef, 0xff, 0xfc, 0x0, 0x8,
    0xff, 0xff, 0xff, 0xff, 0xff, 0xff, 0xfb, 0x0,
    0x0, 0x8f, 0xff, 0xff, 0xff, 0xff, 0xff, 0xe6,
    0x0, 0x0, 0x8, 0xff, 0xff, 0xff, 0xff, 0xda,
    0x50, 0x0, 0x0, 0x0,

    /* U+0045 "E" */
    0x8f, 0xff, 0xff, 0xff, 0xff, 0xff, 0xff, 0xff,
    0x28, 0xff, 0xff, 0xff, 0xff, 0xff, 0xff, 0xff,
    0xf2, 0x8f, 0xff, 0xff, 0xff, 0xff, 0xff, 0xff,
    0xff, 0x28, 0xff, 0xfc, 0x55, 0x55, 0x55, 0x55,
    0x55, 0x50, 0x8f, 0xff, 0xa0, 0x0, 0x0, 0x0,
    0x0, 0x0, 0x8, 0xff, 0xfa, 0x0, 0x0, 0x0,
    0x0, 0x0, 0x0, 0x8f, 0xff, 0xa0, 0x0, 0x0,
    0x0, 0x0, 0x0, 0x8, 0xff, 0xfa, 0x0, 0x0,
    0x0, 0x0, 0x0, 0x0, 0x8f, 0xff, 0xa0, 0x0,
    0x0, 0x0, 0x0, 0x0, 0x8, 0xff, 0xfa, 0x0,
    0x0, 0x0, 0x0, 0x0, 0x0, 0x8f, 0xff, 0xff,
    0xff, 0xff, 0xff, 0xff, 0x90, 0x8, 0xff, 0xff,
    0xff, 0xff, 0xff, 0xff, 0xf9, 0x0, 0x8f, 0xff,
    0xff, 0xff, 0xff, 0xff, 0xff, 0x90, 0x8, 0xff,
    0xfb, 0x44, 0x44, 0x44, 0x44, 0x42, 0x0, 0x8f,
    0xff, 0xa0, 0x0, 0x0, 0x0, 0x0, 0x0, 0x8,
    0xff, 0xfa, 0x0, 0x0, 0x0, 0x0, 0x0, 0x0,
    0x8f, 0xff, 0xa0, 0x0, 0x0, 0x0, 0x0, 0x0,
    0x8, 0xff, 0xfa, 0x0, 0x0, 0x0, 0x0, 0x0,
    0x0, 0x8f, 0xff, 0xa0, 0x0, 0x0, 0x0, 0x0,
    0x0, 0x8, 0xff, 0xfa, 0x0, 0x0, 0x0, 0x0,
    0x0, 0x0, 0x8f, 0xff, 0xc4, 0x44, 0x44, 0x44,
    0x44, 0x44, 0x18, 0xff, 0xff, 0xff, 0xff, 0xff,
    0xff, 0xff, 0xf4, 0x8f, 0xff, 0xff, 0xff, 0xff,
    0xff, 0xff, 0xff, 0x48, 0xff, 0xff, 0xff, 0xff,
    0xff, 0xff, 0xff, 0xf4,

    /* U+0046 "F" */
    0x8f, 0xff, 0xff, 0xff, 0xff, 0xff, 0xff, 0xfd,
    0x8f, 0xff, 0xff, 0xff, 0xff, 0xff, 0xff, 0xfd,
    0x8f, 0xff, 0xff, 0xff, 0xff, 0xff, 0xff, 0xfd,
    0x8f, 0xff, 0xc5, 0x55, 0x55, 0x55, 0x55, 0x54,
    0x8f, 0xff, 0xa0, 0x0, 0x0, 0x0, 0x0, 0x0,
    0x8f, 0xff, 0xa0, 0x0, 0x0, 0x0, 0x0, 0x0,
    0x8f, 0xff, 0xa0, 0x0, 0x0, 0x0, 0x0, 0x0,
    0x8f, 0xff, 0xa0, 0x0, 0x0, 0x0, 0x0, 0x0,
    0x8f, 0xff, 0xa0, 0x0, 0x0, 0x0, 0x0, 0x0,
    0x8f, 0xff, 0xa0, 0x0, 0x0, 0x0, 0x0, 0x0,
    0x8f, 0xff, 0xc4, 0x44, 0x44, 0x44, 0x44, 0x10,
    0x8f, 0xff, 0xff, 0xff, 0xff, 0xff, 0xff, 0x60,
    0x8f, 0xff, 0xff, 0xff, 0xff, 0xff, 0xff, 0x60,
    0x8f, 0xff, 0xff, 0xff, 0xff, 0xff, 0xff, 0x60,
    0x8f, 0xff, 0xa0, 0x0, 0x0, 0x0, 0x0, 0x0,
    0x8f, 0xff, 0xa0, 0x0, 0x0, 0x0, 0x0, 0x0,
    0x8f, 0xff, 0xa0, 0x0, 0x0, 0x0, 0x0, 0x0,
    0x8f, 0xff, 0xa0, 0x0, 0x0, 0x0, 0x0, 0x0,
    0x8f, 0xff, 0xa0, 0x0, 0x0, 0x0, 0x0, 0x0,
    0x8f, 0xff, 0xa0, 0x0, 0x0, 0x0, 0x0, 0x0,
    0x8f, 0xff, 0xa0, 0x0, 0x0, 0x0, 0x0, 0x0,
    0x8f, 0xff, 0xa0, 0x0, 0x0, 0x0, 0x0, 0x0,
    0x8f, 0xff, 0xa0, 0x0, 0x0, 0x0, 0x0, 0x0,
    0x8f, 0xff, 0xa0, 0x0, 0x0, 0x0, 0x0, 0x0,

    /* U+0047 "G" */
    0x0, 0x0, 0x0, 0x38, 0xce, 0xff, 0xda, 0x61,
    0x0, 0x0, 0x0, 0x0, 0x1b, 0xff, 0xff, 0xff,
    0xff, 0xff, 0x70, 0x0, 0x0, 0x2, 0xef, 0xff,
    0xff, 0xff, 0xff, 0xff, 0xfa, 0x0, 0x0, 0x1e,
    0xff, 0xff, 0xc7, 0x55, 0x8e, 0xff, 0xff, 0x70,
    0x0, 0xaf, 0xff, 0xf5, 0x0, 0x0, 0x0, 0xaf,
    0xff, 0xf1, 0x2, 0xff, 0xff, 0x50, 0x0, 0x0,
    0x0, 0xd, 0xff, 0xf7, 0x8, 0xff, 0xfd, 0x0,
    0x0, 0x0, 0x0, 0x6, 0xff, 0xfb, 0xc, 0xff,
    0xf7, 0x0, 0x0, 0x0, 0x0, 0x2, 0x99, 0x98,
    0xf, 0xff, 0xf3, 0x0, 0x0, 0x0, 0x0, 0x0,
    0x0, 0x0, 0x2f, 0xff, 0xf1, 0x0, 0x0, 0x0,
    0x0, 0x0, 0x0, 0x0, 0x3f, 0xff, 0xf0, 0x0,
    0x0, 0x0, 0x0, 0x0, 0x0, 0x0, 0x3f, 0xff,
    0xf0, 0x0, 0x0, 0x2, 0x22, 0x22, 0x22, 0x22,
    0x3f, 0xff, 0xf0, 0x0, 0x0, 0x2f, 0xff, 0xff,
    0xff, 0xff, 0x3f, 0xff, 0xf0, 0x0, 0x0, 0x2f,
    0xff, 0xff, 0xff, 0xff, 0x2f, 0xff, 0xf1, 0x0,
    0x0, 0x2f, 0xff, 0xff, 0xff, 0xff, 0xf, 0xff,
    0xf4, 0x0, 0x0, 0x0, 0x0, 0x3, 0xff, 0xff,
    0xc, 0xff, 0xf8, 0x0, 0x0, 0x0, 0x0, 0x3,
    0xff, 0xff, 0x7, 0xff, 0xfe, 0x0, 0x0, 0x0,
    0x0, 0x3, 0xff, 0xff, 0x1, 0xff, 0xff, 0x90,
    0x0, 0x0, 0x0, 0x3, 0xff, 0xff, 0x0, 0x8f,
    0xff, 0xf8, 0x0, 0x0, 0x0, 0x7, 0xff, 0xff,
    0x0, 0xc, 0xff, 0xff, 0xd8, 0x55, 0x58, 0xdf,
    0xff, 0xfe, 0x0, 0x1, 0xcf, 0xff, 0xff, 0xff,
    0xff, 0xff, 0xff, 0xe3, 0x0, 0x0, 0x8, 0xff,
    0xff, 0xff, 0xff, 0xff, 0xf9, 0x10, 0x0, 0x0,
    0x0, 0x17, 0xbe, 0xff, 0xed, 0x95, 0x10, 0x0,

    /* U+0048 "H" */
    0x8f, 0xff, 0xa0, 0x0, 0x0, 0x0, 0x0, 0x8,
    0xff, 0xfa, 0x8f, 0xff, 0xa0, 0x0, 0x0, 0x0,
    0x0, 0x8, 0xff, 0xfa, 0x8f, 0xff, 0xa0, 0x0,
    0x0, 0x0, 0x0, 0x8, 0xff, 0xfa, 0x8f, 0xff,
    0xa0, 0x0, 0x0, 0x0, 0x0, 0x8, 0xff, 0xfa,
    0x8f, 0xff, 0xa0, 0x0, 0x0, 0x0, 0x0, 0x8,
    0xff, 0xfa, 0x8f, 0xff, 0xa0, 0x0, 0x0, 0x0,
    0x0, 0x8, 0xff, 0xfa, 0x8f, 0xff, 0xa0, 0x0,
    0x0, 0x0, 0x0, 0x8, 0xff, 0xfa, 0x8f, 0xff,
    0xa0, 0x0, 0x0, 0x0, 0x0, 0x8, 0xff, 0xfa,
    0x8f, 0xff, 0xa0, 0x0, 0x0, 0x0, 0x0, 0x8,
    0xff, 0xfa, 0x8f, 0xff, 0xa0, 0x0, 0x0, 0x0,
    0x0, 0x8, 0xff, 0xfa, 0x8f, 0xff, 0xff, 0xff,
    0xff, 0xff, 0xff, 0xff, 0xff, 0xfa, 0x8f, 0xff,
    0xff, 0xff, 0xff, 0xff, 0xff, 0xff, 0xff, 0xfa,
    0x8f, 0xff, 0xff, 0xff, 0xff, 0xff, 0xff, 0xff,
    0xff, 0xfa, 0x8f, 0xff, 0xc5, 0x55, 0x55, 0x55,
    0x55, 0x5a, 0xff, 0xfa, 0x8f, 0xff, 0xa0, 0x0,
    0x0, 0x0, 0x0, 0x8, 0xff, 0xfa, 0x8f, 0xff,
    0xa0, 0x0, 0x0, 0x0, 0x0, 0x8, 0xff, 0xfa,
    0x8f, 0xff, 0xa0, 0x0, 0x0, 0x0, 0x0, 0x8,
    0xff, 0xfa, 0x8f, 0xff, 0xa0, 0x0, 0x0, 0x0,
    0x0, 0x8, 0xff, 0xfa, 0x8f, 0xff, 0xa0, 0x0,
    0x0, 0x0, 0x0, 0x8, 0xff, 0xfa, 0x8f, 0xff,
    0xa0, 0x0, 0x0, 0x0, 0x0, 0x8, 0xff, 0xfa,
    0x8f, 0xff, 0xa0, 0x0, 0x0, 0x0, 0x0, 0x8,
    0xff, 0xfa, 0x8f, 0xff, 0xa0, 0x0, 0x0, 0x0,
    0x0, 0x8, 0xff, 0xfa, 0x8f, 0xff, 0xa0, 0x0,
    0x0, 0x0, 0x0, 0x8, 0xff, 0xfa, 0x8f, 0xff,
    0xa0, 0x0, 0x0, 0x0, 0x0, 0x8, 0xff, 0xfa,

    /* U+0049 "I" */
    0x4f, 0xff, 0xe4, 0xff, 0xfe, 0x4f, 0xff, 0xe4,
    0xff, 0xfe, 0x4f, 0xff, 0xe4, 0xff, 0xfe, 0x4f,
    0xff, 0xe4, 0xff, 0xfe, 0x4f, 0xff, 0xe4, 0xff,
    0xfe, 0x4f, 0xff, 0xe4, 0xff, 0xfe, 0x4f, 0xff,
    0xe4, 0xff, 0xfe, 0x4f, 0xff, 0xe4, 0xff, 0xfe,
    0x4f, 0xff, 0xe4, 0xff, 0xfe, 0x4f, 0xff, 0xe4,
    0xff, 0xfe, 0x4f, 0xff, 0xe4, 0xff, 0xfe, 0x4f,
    0xff, 0xe4, 0xff, 0xfe,

    /* U+004A "J" */
    0x0, 0x0, 0x0, 0x0, 0x0, 0x0, 0xaf, 0xff,
    0x80, 0x0, 0x0, 0x0, 0x0, 0x0, 0xa, 0xff,
    0xf8, 0x0, 0x0, 0x0, 0x0, 0x0, 0x0, 0xaf,
    0xff, 0x80, 0x0, 0x0, 0x0, 0x0, 0x0, 0xa,
    0xff, 0xf8, 0x0, 0x0, 0x0, 0x0, 0x0, 0x0,
    0xaf, 0xff, 0x80, 0x0, 0x0, 0x0, 0x0, 0x0,
    0xa, 0xff, 0xf8, 0x0, 0x0, 0x0, 0x0, 0x0,
    0x0, 0xaf, 0xff, 0x80, 0x0, 0x0, 0x0, 0x0,
    0x0, 0xa, 0xff, 0xf8, 0x0, 0x0, 0x0, 0x0,
    0x0, 0x0, 0xaf, 0xff, 0x80, 0x0, 0x0, 0x0,
    0x0, 0x0, 0xa, 0xff, 0xf8, 0x0, 0x0, 0x0,
    0x0, 0x0, 0x0, 0xaf, 0xff, 0x80, 0x0, 0x0,
    0x0, 0x0, 0x0, 0xa, 0xff, 0xf8, 0x0, 0x0,
    0x0, 0x0, 0x0, 0x0, 0xaf, 0xff, 0x80, 0x0,
    0x0, 0x0, 0x0, 0x0, 0xa, 0xff, 0xf8, 0x0,
    0x0, 0x0, 0x0, 0x0, 0x0, 0xaf, 0xff, 0x80,
    0x0, 0x0, 0x0, 0x0, 0x0, 0xa, 0xff, 0xf8,
    0x1, 0x11, 0x10, 0x0, 0x0, 0x0, 0xaf, 0xff,
    0x83, 0xff, 0xff, 0x0, 0x0, 0x0, 0xb, 0xff,
    0xf7, 0x1f, 0xff, 0xf3, 0x0, 0x0, 0x0, 0xff,
    0xff, 0x40, 0xdf, 0xff, 0xb0, 0x0, 0x0, 0x9f,
    0xff, 0xf0, 0x6, 0xff, 0xff, 0xd7, 0x56, 0xcf,
    0xff, 0xf8, 0x0, 0xb, 0xff, 0xff, 0xff, 0xff,
    0xff, 0xfc, 0x0, 0x0, 0xa, 0xff, 0xff, 0xff,
    0xff, 0xfa, 0x0, 0x0, 0x0, 0x3, 0x9c, 0xef,
    0xfd, 0x93, 0x0, 0x0,

    /* U+004B "K" */
    0x8f, 0xff, 0xa0, 0x0, 0x0, 0x0, 0x6, 0xff,
    0xff, 0xb0, 0x8f, 0xff, 0xa0, 0x0, 0x0, 0x0,
    0x3f, 0xff, 0xfd, 0x0, 0x8f, 0xff, 0xa0, 0x0,
    0x0, 0x2, 0xef, 0xff, 0xe1, 0x0, 0x8f, 0xff,
    0xa0, 0x0, 0x0, 0xd, 0xff, 0xff, 0x30, 0x0,
    0x8f, 0xff, 0xa0, 0x0, 0x0, 0xbf, 0xff, 0xf5,
    0x0, 0x0, 0x8f, 0xff, 0xa0, 0x0, 0x9, 0xff,
    0xff, 0x70, 0x0, 0x0, 0x8f, 0xff, 0xa0, 0x0,
    0x6f, 0xff, 0xfa, 0x0, 0x0, 0x0, 0x8f, 0xff,
    0xa0, 0x4, 0xff, 0xff, 0xc0, 0x0, 0x0, 0x0,
    0x8f, 0xff, 0xa0, 0x2e, 0xff, 0xfd, 0x10, 0x0,
    0x0, 0x0, 0x8f, 0xff, 0xa0, 0xdf, 0xff, 0xf2,
    0x0, 0x0, 0x0, 0x0, 0x8f, 0xff, 0xab, 0xff,
    0xff, 0x50, 0x0, 0x0, 0x0, 0x0, 0x8f, 0xff,
    0xff, 0xff, 0xff, 0xc0, 0x0, 0x0, 0x0, 0x0,
    0x8f, 0xff, 0xff, 0xff, 0xff, 0xf7, 0x0, 0x0,
    0x0, 0x0, 0x8f, 0xff, 0xff, 0xfe, 0xff, 0xff,
    0x30, 0x0, 0x0, 0x0, 0x8f, 0xff, 0xff, 0x91,
    0xef, 0xff, 0xd0, 0x0, 0x0, 0x0, 0x8f, 0xff,
    0xfa, 0x0, 0x5f, 0xff, 0xf9, 0x0, 0x0, 0x0,
    0x8f, 0xff, 0xc0, 0x0, 0x9, 0xff, 0xff, 0x50,
    0x0, 0x0, 0x8f, 0xff, 0xa0, 0x0, 0x0, 0xdf,
    0xff, 0xe1, 0x0, 0x0, 0x8f, 0xff, 0xa0, 0x0,
    0x0, 0x3f, 0xff, 0xfb, 0x0, 0x0, 0x8f, 0xff,
    0xa0, 0x0, 0x0, 0x8, 0xff, 0xff, 0x70, 0x0,
    0x8f, 0xff, 0xa0, 0x0, 0x0, 0x0, 0xcf, 0xff,
    0xf3, 0x0, 0x8f, 0xff, 0xa0, 0x0, 0x0, 0x0,
    0x2f, 0xff, 0xfd, 0x0, 0x8f, 0xff, 0xa0, 0x0,
    0x0, 0x0, 0x6, 0xff, 0xff, 0x90, 0x8f, 0xff,
    0xa0, 0x0, 0x0, 0x0, 0x0, 0xaf, 0xff, 0xf4,

    /* U+004C "L" */
    0x8f, 0xff, 0xa0, 0x0, 0x0, 0x0, 0x0, 0x0,
    0x8f, 0xff, 0xa0, 0x0, 0x0, 0x0, 0x0, 0x0,
    0x8f, 0xff, 0xa0, 0x0, 0x0, 0x0, 0x0, 0x0,
    0x8f, 0xff, 0xa0, 0x0, 0x0, 0x0, 0x0, 0x0,
    0x8f, 0xff, 0xa0, 0x0, 0x0, 0x0, 0x0, 0x0,
    0x8f, 0xff, 0xa0, 0x0, 0x0, 0x0, 0x0, 0x0,
    0x8f, 0xff, 0xa0, 0x0, 0x0, 0x0, 0x0, 0x0,
    0x8f, 0xff, 0xa0, 0x0, 0x0, 0x0, 0x0, 0x0,
    0x8f, 0xff, 0xa0, 0x0, 0x0, 0x0, 0x0, 0x0,
    0x8f, 0xff, 0xa0, 0x0, 0x0, 0x0, 0x0, 0x0,
    0x8f, 0xff, 0xa0, 0x0, 0x0, 0x0, 0x0, 0x0,
    0x8f, 0xff, 0xa0, 0x0, 0x0, 0x0, 0x0, 0x0,
    0x8f, 0xff, 0xa0, 0x0, 0x0, 0x0, 0x0, 0x0,
    0x8f, 0xff, 0xa0, 0x0, 0x0, 0x0, 0x0, 0x0,
    0x8f, 0xff, 0xa0, 0x0, 0x0, 0x0, 0x0, 0x0,
    0x8f, 0xff, 0xa0, 0x0, 0x0, 0x0, 0x0, 0x0,
    0x8f, 0xff, 0xa0, 0x0, 0x0, 0x0, 0x0, 0x0,
    0x8f, 0xff, 0xa0, 0x0, 0x0, 0x0, 0x0, 0x0,
    0x8f, 0xff, 0xa0, 0x0, 0x0, 0x0, 0x0, 0x0,
    0x8f, 0xff, 0xa0, 0x0, 0x0, 0x0, 0x0, 0x0,
    0x8f, 0xff, 0xc4, 0x44, 0x44, 0x44, 0x44, 0x42,
    0x8f, 0xff, 0xff, 0xff, 0xff, 0xff, 0xff, 0xfa,
    0x8f, 0xff, 0xff, 0xff, 0xff, 0xff, 0xff, 0xfa,
    0x8f, 0xff, 0xff, 0xff, 0xff, 0xff, 0xff, 0xfa,

    /* U+004D "M" */
    0x8f, 0xff, 0xff, 0x10, 0x0, 0x0, 0x0, 0x0,
    0x0, 0x5, 0xff, 0xff, 0xf4, 0x8f, 0xff, 0xff,
    0x70, 0x0, 0x0, 0x0, 0x0, 0x0, 0xb, 0xff,
    0xff, 0xf4, 0x8f, 0xff, 0xff, 0xd0, 0x0, 0x0,
    0x0, 0x0, 0x0, 0x1f, 0xff, 0xff, 0xf4, 0x8f,
    0xff, 0xff, 0xf3, 0x0, 0x0, 0x0, 0x0, 0x0,
    0x7f, 0xff, 0xff, 0xf4, 0x8f, 0xff, 0xff, 0xf9,
    0x0, 0x0, 0x0, 0x0, 0x0, 0xdf, 0xff, 0xff,
    0xf4, 0x8f, 0xff, 0xff, 0xff, 0x0, 0x0, 0x0,
    0x0, 0x4, 0xff, 0xff, 0xff, 0xf4, 0x8f, 0xff,
    0xaf, 0xff, 0x50, 0x0, 0x0, 0x0, 0xa, 0xff,
    0xfa, 0xff, 0xf4, 0x8f, 0xff, 0x5f, 0xff, 0xb0,
    0x0, 0x0, 0x0, 0xf, 0xff, 0xb9, 0xff, 0xf4,
    0x8f, 0xff, 0x5a, 0xff, 0xf2, 0x0, 0x0, 0x0,
    0x6f, 0xff, 0x5a, 0xff, 0xf4, 0x8f, 0xff, 0x63,
    0xff, 0xf8, 0x0, 0x0, 0x0, 0xcf, 0xfe, 0xa,
    0xff, 0xf4, 0x8f, 0xff, 0x60, 0xdf, 0xfe, 0x0,
    0x0, 0x2, 0xff, 0xf8, 0xb, 0xff, 0xf4, 0x8f,
    0xff, 0x70, 0x7f, 0xff, 0x40, 0x0, 0x8, 0xff,
    0xf2, 0xb, 0xff, 0xf4, 0x8f, 0xff, 0x70, 0x1f,
    0xff, 0xa0, 0x0, 0xe, 0xff, 0xc0, 0xc, 0xff,
    0xf4, 0x8f, 0xff, 0x80, 0xb, 0xff, 0xf0, 0x0,
    0x4f, 0xff, 0x60, 0xd, 0xff, 0xf4, 0x8f, 0xff,
    0x90, 0x5, 0xff, 0xf6, 0x0, 0xaf, 0xff, 0x0,
    0xd, 0xff, 0xf4, 0x8f, 0xff, 0x90, 0x0, 0xef,
    0xfc, 0x1, 0xff, 0xfa, 0x0, 0xe, 0xff, 0xf4,
    0x8f, 0xff, 0xa0, 0x0, 0x8f, 0xff, 0x26, 0xff,
    0xf3, 0x0, 0xe, 0xff, 0xf4, 0x8f, 0xff, 0xa0,
    0x0, 0x2f, 0xff, 0x8c, 0xff, 0xd0, 0x0, 0xe,
    0xff, 0xf4, 0x8f, 0xff, 0xa0, 0x0, 0xc, 0xff,
    0xff, 0xff, 0x70, 0x0, 0xe, 0xff, 0xf4, 0x8f,
    0xff, 0xa0, 0x0, 0x6, 0xff, 0xff, 0xff, 0x10,
    0x0, 0xe, 0xff, 0xf4, 0x8f, 0xff, 0xa0, 0x0,
    0x0, 0xff, 0xff, 0xfb, 0x0, 0x0, 0xe, 0xff,
    0xf4, 0x8f, 0xff, 0xa0, 0x0, 0x0, 0x9f, 0xff,
    0xf5, 0x0, 0x0, 0xe, 0xff, 0xf4, 0x8f, 0xff,
    0xa0, 0x0, 0x0, 0x3f, 0xff, 0xe0, 0x0, 0x0,
    0xe, 0xff, 0xf4, 0x8f, 0xff, 0xa0, 0x0, 0x0,
    0xd, 0xff, 0x80, 0x0, 0x0, 0xe, 0xff, 0xf4,

    /* U+004E "N" */
    0x8f, 0xff, 0xe1, 0x0, 0x0, 0x0, 0x0, 0x8,
    0xff, 0xfa, 0x8f, 0xff, 0xf9, 0x0, 0x0, 0x0,
    0x0, 0x8, 0xff, 0xfa, 0x8f, 0xff, 0xff, 0x30,
    0x0, 0x0, 0x0, 0x8, 0xff, 0xfa, 0x8f, 0xff,
    0xff, 0xd0, 0x0, 0x0, 0x0, 0x8, 0xff, 0xfa,
    0x8f, 0xff, 0xff, 0xf8, 0x0, 0x0, 0x0, 0x8,
    0xff, 0xfa, 0x8f, 0xff, 0xff, 0xff, 0x20, 0x0,
    0x0, 0x8, 0xff, 0xfa, 0x8f, 0xff, 0xff, 0xff,
    0xc0, 0x0, 0x0, 0x8, 0xff, 0xfa, 0x8f, 0xff,
    0xbe, 0xff, 0xf6, 0x0, 0x0, 0x8, 0xff, 0xfa,
    0x8f, 0xff, 0xa6, 0xff, 0xfe, 0x10, 0x0, 0x8,
    0xff, 0xfa, 0x8f, 0xff, 0xa0, 0xbf, 0xff, 0xa0,
    0x0, 0x8, 0xff, 0xfa, 0x8f, 0xff, 0xa0, 0x2f,
    0xff, 0xf4, 0x0, 0x8, 0xff, 0xfa, 0x8f, 0xff,
    0xa0, 0x7, 0xff, 0xfe, 0x0, 0x8, 0xff, 0xfa,
    0x8f, 0xff, 0xa0, 0x0, 0xdf, 0xff, 0x90, 0x8,
    0xff, 0xfa, 0x8f, 0xff, 0xa0, 0x0, 0x3f, 0xff,
    0xf3, 0x8, 0xff, 0xfa, 0x8f, 0xff, 0xa0, 0x0,
    0x9, 0xff, 0xfc, 0x8, 0xff, 0xfa, 0x8f, 0xff,
    0xa0, 0x0, 0x0, 0xef, 0xff, 0x78, 0xff, 0xfa,
    0x8f, 0xff, 0xa0, 0x0, 0x0, 0x4f, 0xff, 0xfa,
    0xff, 0xfa, 0x8f, 0xff, 0xa0, 0x0, 0x0, 0xa,
    0xff, 0xff, 0xff, 0xfa, 0x8f, 0xff, 0xa0, 0x0,
    0x0, 0x1, 0xff, 0xff, 0xff, 0xfa, 0x8f, 0xff,
    0xa0, 0x0, 0x0, 0x0, 0x6f, 0xff, 0xff, 0xfa,
    0x8f, 0xff, 0xa0, 0x0, 0x0, 0x0, 0xc, 0xff,
    0xff, 0xfa, 0x8f, 0xff, 0xa0, 0x0, 0x0, 0x0,
    0x2, 0xff, 0xff, 0xfa, 0x8f, 0xff, 0xa0, 0x0,
    0x0, 0x0, 0x0, 0x8f, 0xff, 0xfa, 0x8f, 0xff,
    0xa0, 0x0, 0x0, 0x0, 0x0, 0xd, 0xff, 0xfa,

    /* U+004F "O" */
    0x0, 0x0, 0x0, 0x28, 0xce, 0xff, 0xda, 0x40,
    0x0, 0x0, 0x0, 0x0, 0x0, 0x9f, 0xff, 0xff,
    0xff, 0xff, 0xd3, 0x0, 0x0, 0x0, 0x1, 0xdf,
    0xff, 0xff, 0xff, 0xff, 0xff, 0xf6, 0x0, 0x0,
    0x0, 0xdf, 0xff, 0xfe, 0x97, 0x8b, 0xff, 0xff,
    0xf5, 0x0, 0x0, 0x8f, 0xff, 0xf7, 0x0, 0x0,
    0x2, 0xdf, 0xff, 0xe1, 0x0, 0x1f, 0xff, 0xf7,
    0x0, 0x0, 0x0, 0x1, 0xef, 0xff, 0x80, 0x8,
    0xff, 0xfd, 0x0, 0x0, 0x0, 0x0, 0x6, 0xff,
    0xfe, 0x0, 0xcf, 0xff, 0x70, 0x0, 0x0, 0x0,
    0x0, 0xf, 0xff, 0xf4, 0xf, 0xff, 0xf3, 0x0,
    0x0, 0x0, 0x0, 0x0, 0xbf, 0xff, 0x73, 0xff,
    0xff, 0x0, 0x0, 0x0, 0x0, 0x0, 0x9, 0xff,
    0xfa, 0x4f, 0xff, 0xf0, 0x0, 0x0, 0x0, 0x0,
    0x0, 0x8f, 0xff, 0xb4, 0xff, 0xfe, 0x0, 0x0,
    0x0, 0x0, 0x0, 0x7, 0xff, 0xfb, 0x4f, 0xff,
    0xe0, 0x0, 0x0, 0x0, 0x0, 0x0, 0x7f, 0xff,
    0xb4, 0xff, 0xfe, 0x0, 0x0, 0x0, 0x0, 0x0,
    0x8, 0xff, 0xfb, 0x3f, 0xff, 0xf0, 0x0, 0x0,
    0x0, 0x0, 0x0, 0x9f, 0xff, 0xa0, 0xff, 0xff,
    0x20, 0x0, 0x0, 0x0, 0x0, 0xb, 0xff, 0xf7,
    0xd, 0xff, 0xf7, 0x0, 0x0, 0x0, 0x0, 0x0,
    0xff, 0xff, 0x40, 0x8f, 0xff, 0xd0, 0x0, 0x0,
    0x0, 0x0, 0x5f, 0xff, 0xe0, 0x1, 0xff, 0xff,
    0x70, 0x0, 0x0, 0x0, 0x1e, 0xff, 0xf8, 0x0,
    0x8, 0xff, 0xff, 0x70, 0x0, 0x0, 0x2c, 0xff,
    0xff, 0x10, 0x0, 0xd, 0xff, 0xff, 0xd8, 0x67,
    0xaf, 0xff, 0xff, 0x50, 0x0, 0x0, 0x1d, 0xff,
    0xff, 0xff, 0xff, 0xff, 0xff, 0x60, 0x0, 0x0,
    0x0, 0x9, 0xff, 0xff, 0xff, 0xff, 0xfd, 0x40,
    0x0, 0x0, 0x0, 0x0, 0x2, 0x7c, 0xef, 0xfd,
    0xa5, 0x0, 0x0, 0x0,

    /* U+0050 "P" */
    0x8f, 0xff, 0xff, 0xff, 0xff, 0xfd, 0xa6, 0x0,
    0x0, 0x8, 0xff, 0xff, 0xff, 0xff, 0xff, 0xff,
    0xfe, 0x40, 0x0, 0x8f, 0xff, 0xff, 0xff, 0xff,
    0xff, 0xff, 0xff, 0x70, 0x8, 0xff, 0xfc, 0x55,
    0x55, 0x56, 0x9f, 0xff, 0xff, 0x40, 0x8f, 0xff,
    0xa0, 0x0, 0x0, 0x0, 0x2e, 0xff, 0xfd, 0x8,
    0xff, 0xfa, 0x0, 0x0, 0x0, 0x0, 0x3f, 0xff,
    0xf2, 0x8f, 0xff, 0xa0, 0x0, 0x0, 0x0, 0x0,
    0xdf, 0xff, 0x68, 0xff, 0xfa, 0x0, 0x0, 0x0,
    0x0, 0xb, 0xff, 0xf7, 0x8f, 0xff, 0xa0, 0x0,
    0x0, 0x0, 0x0, 0xcf, 0xff, 0x78, 0xff, 0xfa,
    0x0, 0x0, 0x0, 0x0, 0xf, 0xff, 0xf5, 0x8f,
    0xff, 0xa0, 0x0, 0x0, 0x0, 0x8, 0xff, 0xff,
    0x18, 0xff, 0xfa, 0x0, 0x0, 0x0, 0x3a, 0xff,
    0xff, 0x90, 0x8f, 0xff, 0xff, 0xff, 0xff, 0xff,
    0xff, 0xff, 0xd1, 0x8, 0xff, 0xff, 0xff, 0xff,
    0xff, 0xff, 0xff, 0xc2, 0x0, 0x8f, 0xff, 0xff,
    0xff, 0xff, 0xff, 0xfc, 0x60, 0x0, 0x8, 0xff,
    0xfc, 0x55, 0x55, 0x54, 0x30, 0x0, 0x0, 0x0,
    0x8f, 0xff, 0xa0, 0x0, 0x0, 0x0, 0x0, 0x0,
    0x0, 0x8, 0xff, 0xfa, 0x0, 0x0, 0x0, 0x0,
    0x0, 0x0, 0x0, 0x8f, 0xff, 0xa0, 0x0, 0x0,
    0x0, 0x0, 0x0, 0x0, 0x8, 0xff, 0xfa, 0x0,
    0x0, 0x0, 0x0, 0x0, 0x0, 0x0, 0x8f, 0xff,
    0xa0, 0x0, 0x0, 0x0, 0x0, 0x0, 0x0, 0x8,
    0xff, 0xfa, 0x0, 0x0, 0x0, 0x0, 0x0, 0x0,
    0x0, 0x8f, 0xff, 0xa0, 0x0, 0x0, 0x0, 0x0,
    0x0, 0x0, 0x8, 0xff, 0xfa, 0x0, 0x0, 0x0,
    0x0, 0x0, 0x0, 0x0,

    /* U+0051 "Q" */
    0x0, 0x0, 0x0, 0x28, 0xce, 0xff, 0xd9, 0x40,
    0x0, 0x0, 0x0, 0x0, 0x1, 0xaf, 0xff, 0xff,
    0xff, 0xff, 0xc3, 0x0, 0x0, 0x0, 0x2, 0xef,
    0xff, 0xff, 0xff, 0xff, 0xff, 0xf5, 0x0, 0x0,
    0x1, 0xef, 0xff, 0xfd, 0x97, 0x8c, 0xff, 0xff,
    0xf4, 0x0, 0x0, 0xaf, 0xff, 0xf6, 0x0, 0x0,
    0x3, 0xef, 0xff, 0xe0, 0x0, 0x2f, 0xff, 0xf6,
    0x0, 0x0, 0x0, 0x2, 0xff, 0xff, 0x70, 0x9,
    0xff, 0xfc, 0x0, 0x0, 0x0, 0x0, 0x7, 0xff,
    0xfe, 0x0, 0xef, 0xff, 0x50, 0x0, 0x0, 0x0,
    0x0, 0x1f, 0xff, 0xf2, 0x2f, 0xff, 0xf1, 0x0,
    0x0, 0x0, 0x0, 0x0, 0xdf, 0xff, 0x64, 0xff,
    0xfe, 0x0, 0x0, 0x0, 0x0, 0x0, 0xa, 0xff,
    0xf8, 0x5f, 0xff, 0xd0, 0x0, 0x0, 0x0, 0x0,
    0x0, 0x9f, 0xff, 0xa6, 0xff, 0xfc, 0x0, 0x0,
    0x0, 0x0, 0x0, 0x8, 0xff, 0xfa, 0x6f, 0xff,
    0xc0, 0x0, 0x0, 0x0, 0x0, 0x0, 0x8f, 0xff,
    0xa5, 0xff, 0xfd, 0x0, 0x0, 0x0, 0x0, 0x0,
    0x9, 0xff, 0xfa, 0x4f, 0xff, 0xe0, 0x0, 0x0,
    0x0, 0x0, 0x0, 0xaf, 0xff, 0x82, 0xff, 0xff,
    0x10, 0x0, 0x0, 0x0, 0x0, 0xd, 0xff, 0xf6,
    0xe, 0xff, 0xf5, 0x0, 0x0, 0x0, 0x0, 0x1,
    0xff, 0xff, 0x30, 0x9f, 0xff, 0xc0, 0x0, 0x0,
    0x0, 0x0, 0x7f, 0xff, 0xe0, 0x3, 0xff, 0xff,
    0x60, 0x0, 0x0, 0x0, 0x1f, 0xff, 0xf7, 0x0,
    0xa, 0xff, 0xff, 0x60, 0x0, 0x0, 0x2d, 0xff,
    0xfd, 0x0, 0x0, 0x1e, 0xff, 0xff, 0xd8, 0x67,
    0xbf, 0xff, 0xff, 0x40, 0x0, 0x0, 0x2e, 0xff,
    0xff, 0xff, 0xff, 0xff, 0xff, 0x40, 0x0, 0x0,
    0x0, 0x1a, 0xff, 0xff, 0xff, 0xff, 0xff, 0xd2,
    0x0, 0x0, 0x0, 0x0, 0x2, 0x8c, 0xef, 0xed,
    0xff, 0xff, 0xe4, 0x0, 0x0, 0x0, 0x0, 0x0,
    0x0, 0x0, 0x5, 0xff, 0xff, 0xf8, 0x0, 0x0,
    0x0, 0x0, 0x0, 0x0, 0x0, 0x2, 0xdf, 0xff,
    0xf5, 0x0, 0x0, 0x0, 0x0, 0x0, 0x0, 0x0,
    0x0, 0xaf, 0xf6, 0x0, 0x0, 0x0, 0x0, 0x0,
    0x0, 0x0, 0x0, 0x0, 0x64, 0x0,

    /* U+0052 "R" */
    0x8f, 0xff, 0xff, 0xff, 0xff, 0xec, 0x83, 0x0,
    0x0, 0x8, 0xff, 0xff, 0xff, 0xff, 0xff, 0xff,
    0xfb, 0x10, 0x0, 0x8f, 0xff, 0xff, 0xff, 0xff,
    0xff, 0xff, 0xfd, 0x10, 0x8, 0xff, 0xfc, 0x55,
    0x55, 0x58, 0xdf, 0xff, 0xfb, 0x0, 0x8f, 0xff,
    0xa0, 0x0, 0x0, 0x0, 0x9f, 0xff, 0xf3, 0x8,
    0xff, 0xfa, 0x0, 0x0, 0x0, 0x0, 0xef, 0xff,
    0x70, 0x8f, 0xff, 0xa0, 0x0, 0x0, 0x0, 0xa,
    0xff, 0xf9, 0x8, 0xff, 0xfa, 0x0, 0x0, 0x0,
    0x0, 0x8f, 0xff, 0xa0, 0x8f, 0xff, 0xa0, 0x0,
    0x0, 0x0, 0x9, 0xff, 0xf9, 0x8, 0xff, 0xfa,
    0x0, 0x0, 0x0, 0x0, 0xef, 0xff, 0x60, 0x8f,
    0xff, 0xa0, 0x0, 0x0, 0x0, 0xaf, 0xff, 0xf1,
    0x8, 0xff, 0xfc, 0x55, 0x55, 0x58, 0xdf, 0xff,
    0xf7, 0x0, 0x8f, 0xff, 0xff, 0xff, 0xff, 0xff,
    0xff, 0xf8, 0x0, 0x8, 0xff, 0xff, 0xff, 0xff,
    0xff, 0xff, 0xd4, 0x0, 0x0, 0x8f, 0xff, 0xff,
    0xff, 0xff, 0xff, 0xf8, 0x0, 0x0, 0x8, 0xff,
    0xfa, 0x0, 0x0, 0x6f, 0xff, 0xf1, 0x0, 0x0,
    0x8f, 0xff, 0xa0, 0x0, 0x0, 0xdf, 0xff, 0x90,
    0x0, 0x8, 0xff, 0xfa, 0x0, 0x0, 0x5, 0xff,
    0xff, 0x20, 0x0, 0x8f, 0xff, 0xa0, 0x0, 0x0,
    0xc, 0xff, 0xfa, 0x0, 0x8, 0xff, 0xfa, 0x0,
    0x0, 0x0, 0x3f, 0xff, 0xf3, 0x0, 0x8f, 0xff,
    0xa0, 0x0, 0x0, 0x0, 0xbf, 0xff, 0xc0, 0x8,
    0xff, 0xfa, 0x0, 0x0, 0x0, 0x2, 0xff, 0xff,
    0x50, 0x8f, 0xff, 0xa0, 0x0, 0x0, 0x0, 0x9,
    0xff, 0xfd, 0x8, 0xff, 0xfa, 0x0, 0x0, 0x0,
    0x0, 0x1f, 0xff, 0xf6,

    /* U+0053 "S" */
    0x0, 0x0, 0x4, 0xad, 0xef, 0xec, 0x94, 0x0,
    0x0, 0x0, 0x0, 0x4d, 0xff, 0xff, 0xff, 0xff,
    0xfc, 0x30, 0x0, 0x0, 0x6f, 0xff, 0xff, 0xff,
    0xff, 0xff, 0xff, 0x40, 0x0, 0x2f, 0xff, 0xff,
    0x96, 0x56, 0x9f, 0xff, 0xff, 0x20, 0xa, 0xff,
    0xfd, 0x10, 0x0, 0x0, 0x1d, 0xff, 0xfb, 0x0,
    0xef, 0xff, 0x50, 0x0, 0x0, 0x0, 0x4f, 0xff,
    0xf0, 0xf, 0xff, 0xf3, 0x0, 0x0, 0x0, 0x0,
    0xff, 0xff, 0x30, 0xef, 0xff, 0x60, 0x0, 0x0,
    0x0, 0x2, 0x22, 0x20, 0x9, 0xff, 0xff, 0x40,
    0x0, 0x0, 0x0, 0x0, 0x0, 0x0, 0x2f, 0xff,
    0xff, 0xb5, 0x0, 0x0, 0x0, 0x0, 0x0, 0x0,
    0x4f, 0xff, 0xff, 0xff, 0xa5, 0x0, 0x0, 0x0,
    0x0, 0x0, 0x2c, 0xff, 0xff, 0xff, 0xff, 0x92,
    0x0, 0x0, 0x0, 0x0, 0x4, 0xbf, 0xff, 0xff,
    0xff, 0xf7, 0x0, 0x0, 0x0, 0x0, 0x0, 0x17,
    0xcf, 0xff, 0xff, 0xfa, 0x0, 0x0, 0x0, 0x0,
    0x0, 0x0, 0x17, 0xef, 0xff, 0xf6, 0x0, 0x0,
    0x0, 0x0, 0x0, 0x0, 0x0, 0xbf, 0xff, 0xe0,
    0x46, 0x66, 0x20, 0x0, 0x0, 0x0, 0x1, 0xff,
    0xff, 0x2b, 0xff, 0xf8, 0x0, 0x0, 0x0, 0x0,
    0xe, 0xff, 0xf4, 0x7f, 0xff, 0xd0, 0x0, 0x0,
    0x0, 0x1, 0xff, 0xff, 0x32, 0xff, 0xff, 0xa0,
    0x0, 0x0, 0x0, 0xaf, 0xff, 0xf0, 0x7, 0xff,
    0xff, 0xe8, 0x54, 0x47, 0xdf, 0xff, 0xf8, 0x0,
    0x8, 0xff, 0xff, 0xff, 0xff, 0xff, 0xff, 0xfc,
    0x0, 0x0, 0x4, 0xdf, 0xff, 0xff, 0xff, 0xff,
    0xf9, 0x0, 0x0, 0x0, 0x0, 0x49, 0xce, 0xff,
    0xeb, 0x71, 0x0, 0x0,

    /* U+0054 "T" */
    0x4f, 0xff, 0xff, 0xff, 0xff, 0xff, 0xff, 0xff,
    0xff, 0xfe, 0x4f, 0xff, 0xff, 0xff, 0xff, 0xff,
    0xff, 0xff, 0xff, 0xfe, 0x4f, 0xff, 0xff, 0xff,
    0xff, 0xff, 0xff, 0xff, 0xff, 0xfe, 0x15, 0x55,
    0x55, 0x55, 0xdf, 0xff, 0x95, 0x55, 0x55, 0x54,
    0x0, 0x0, 0x0, 0x0, 0xcf, 0xff, 0x60, 0x0,
    0x0, 0x0, 0x0, 0x0, 0x0, 0x0, 0xcf, 0xff,
    0x60, 0x0, 0x0, 0x0, 0x0, 0x0, 0x0, 0x0,
    0xcf, 0xff, 0x60, 0x0, 0x0, 0x0, 0x0, 0x0,
    0x0, 0x0, 0xcf, 0xff, 0x60, 0x0, 0x0, 0x0,
    0x0, 0x0, 0x0, 0x0, 0xcf, 0xff, 0x60, 0x0,
    0x0, 0x0, 0x0, 0x0, 0x0, 0x0, 0xcf, 0xff,
    0x60, 0x0, 0x0, 0x0, 0x0, 0x0, 0x0, 0x0,
    0xcf, 0xff, 0x60, 0x0, 0x0, 0x0, 0x0, 0x0,
    0x0, 0x0, 0xcf, 0xff, 0x60, 0x0, 0x0, 0x0,
    0x0, 0x0, 0x0, 0x0, 0xcf, 0xff, 0x60, 0x0,
    0x0, 0x0, 0x0, 0x0, 0x0, 0x0, 0xcf, 0xff,
    0x60, 0x0, 0x0, 0x0, 0x0, 0x0, 0x0, 0x0,
    0xcf, 0xff, 0x60, 0x0, 0x0, 0x0, 0x0, 0x0,
    0x0, 0x0, 0xcf, 0xff, 0x60, 0x0, 0x0, 0x0,
    0x0, 0x0, 0x0, 0x0, 0xcf, 0xff, 0x60, 0x0,
    0x0, 0x0, 0x0, 0x0, 0x0, 0x0, 0xcf, 0xff,
    0x60, 0x0, 0x0, 0x0, 0x0, 0x0, 0x0, 0x0,
    0xcf, 0xff, 0x60, 0x0, 0x0, 0x0, 0x0, 0x0,
    0x0, 0x0, 0xcf, 0xff, 0x60, 0x0, 0x0, 0x0,
    0x0, 0x0, 0x0, 0x0, 0xcf, 0xff, 0x60, 0x0,
    0x0, 0x0, 0x0, 0x0, 0x0, 0x0, 0xcf, 0xff,
    0x60, 0x0, 0x0, 0x0, 0x0, 0x0, 0x0, 0x0,
    0xcf, 0xff, 0x60, 0x0, 0x0, 0x0, 0x0, 0x0,
    0x0, 0x0, 0xcf, 0xff, 0x60, 0x0, 0x0, 0x0,

    /* U+0055 "U" */
    0xef, 0xff, 0x40, 0x0, 0x0, 0x0, 0x0, 0xff,
    0xff, 0x2e, 0xff, 0xf4, 0x0, 0x0, 0x0, 0x0,
    0xf, 0xff, 0xf2, 0xef, 0xff, 0x40, 0x0, 0x0,
    0x0, 0x0, 0xff, 0xff, 0x2e, 0xff, 0xf4, 0x0,
    0x0, 0x0, 0x0, 0xf, 0xff, 0xf2, 0xef, 0xff,
    0x40, 0x0, 0x0, 0x0, 0x0, 0xff, 0xff, 0x2e,
    0xff, 0xf4, 0x0, 0x0, 0x0, 0x0, 0xf, 0xff,
    0xf2, 0xef, 0xff, 0x40, 0x0, 0x0, 0x0, 0x0,
    0xff, 0xff, 0x2e, 0xff, 0xf4, 0x0, 0x0, 0x0,
    0x0, 0xf, 0xff, 0xf2, 0xef, 0xff, 0x40, 0x0,
    0x0, 0x0, 0x0, 0xff, 0xff, 0x2e, 0xff, 0xf4,
    0x0, 0x0, 0x0, 0x0, 0xf, 0xff, 0xf2, 0xef,
    0xff, 0x40, 0x0, 0x0, 0x0, 0x0, 0xff, 0xff,
    0x2e, 0xff, 0xf4, 0x0, 0x0, 0x0, 0x0, 0xf,
    0xff, 0xf2, 0xef, 0xff, 0x40, 0x0, 0x0, 0x0,
    0x0, 0xff, 0xff, 0x2e, 0xff, 0xf4, 0x0, 0x0,
    0x0, 0x0, 0xf, 0xff, 0xf2, 0xef, 0xff, 0x40,
    0x0, 0x0, 0x0, 0x0, 0xff, 0xff, 0x2e, 0xff,
    0xf4, 0x0, 0x0, 0x0, 0x0, 0xf, 0xff, 0xf2,
    0xdf, 0xff, 0x40, 0x0, 0x0, 0x0, 0x1, 0xff,
    0xff, 0x1c, 0xff, 0xf7, 0x0, 0x0, 0x0, 0x0,
    0x4f, 0xff, 0xf0, 0x8f, 0xff, 0xd0, 0x0, 0x0,
    0x0, 0xa, 0xff, 0xfb, 0x2, 0xff, 0xff, 0x90,
    0x0, 0x0, 0x5, 0xff, 0xff, 0x50, 0x9, 0xff,
    0xff, 0xd7, 0x55, 0x7b, 0xff, 0xff, 0xc0, 0x0,
    0xb, 0xff, 0xff, 0xff, 0xff, 0xff, 0xff, 0xd1,
    0x0, 0x0, 0x8, 0xff, 0xff, 0xff, 0xff, 0xff,
    0xa0, 0x0, 0x0, 0x0, 0x1, 0x7b, 0xef, 0xfe,
    0xc8, 0x20, 0x0, 0x0,

    /* U+0056 "V" */
    0x8f, 0xff, 0xf1, 0x0, 0x0, 0x0, 0x0, 0x0,
    0x1f, 0xff, 0xf8, 0x2f, 0xff, 0xf6, 0x0, 0x0,
    0x0, 0x0, 0x0, 0x6f, 0xff, 0xf3, 0xc, 0xff,
    0xfb, 0x0, 0x0, 0x0, 0x0, 0x0, 0xbf, 0xff,
    0xd0, 0x7, 0xff, 0xff, 0x0, 0x0, 0x0, 0x0,
    0x1, 0xff, 0xff, 0x70, 0x1, 0xff, 0xff, 0x50,
    0x0, 0x0, 0x0, 0x6, 0xff, 0xff, 0x10, 0x0,
    0xbf, 0xff, 0xa0, 0x0, 0x0, 0x0, 0xb, 0xff,
    0xfb, 0x0, 0x0, 0x5f, 0xff, 0xf0, 0x0, 0x0,
    0x0, 0xf, 0xff, 0xf6, 0x0, 0x0, 0xf, 0xff,
    0xf5, 0x0, 0x0, 0x0, 0x5f, 0xff, 0xf0, 0x0,
    0x0, 0xa, 0xff, 0xfa, 0x0, 0x0, 0x0, 0xbf,
    0xff, 0xa0, 0x0, 0x0, 0x4, 0xff, 0xff, 0x0,
    0x0, 0x0, 0xff, 0xff, 0x40, 0x0, 0x0, 0x0,
    0xef, 0xff, 0x50, 0x0, 0x5, 0xff, 0xfe, 0x0,
    0x0, 0x0, 0x0, 0x8f, 0xff, 0xa0, 0x0, 0xb,
    0xff, 0xf8, 0x0, 0x0, 0x0, 0x0, 0x3f, 0xff,
    0xf0, 0x0, 0xf, 0xff, 0xf3, 0x0, 0x0, 0x0,
    0x0, 0xd, 0xff, 0xf4, 0x0, 0x5f, 0xff, 0xd0,
    0x0, 0x0, 0x0, 0x0, 0x7, 0xff, 0xfa, 0x0,
    0xaf, 0xff, 0x70, 0x0, 0x0, 0x0, 0x0, 0x1,
    0xff, 0xfe, 0x0, 0xff, 0xff, 0x10, 0x0, 0x0,
    0x0, 0x0, 0x0, 0xbf, 0xff, 0x45, 0xff, 0xfb,
    0x0, 0x0, 0x0, 0x0, 0x0, 0x0, 0x6f, 0xff,
    0x9a, 0xff, 0xf6, 0x0, 0x0, 0x0, 0x0, 0x0,
    0x0, 0xf, 0xff, 0xef, 0xff, 0xf0, 0x0, 0x0,
    0x0, 0x0, 0x0, 0x0, 0xa, 0xff, 0xff, 0xff,
    0xa0, 0x0, 0x0, 0x0, 0x0, 0x0, 0x0, 0x4,
    0xff, 0xff, 0xff, 0x40, 0x0, 0x0, 0x0, 0x0,
    0x0, 0x0, 0x0, 0xef, 0xff, 0xfe, 0x0, 0x0,
    0x0, 0x0, 0x0, 0x0, 0x0, 0x0, 0x9f, 0xff,
    0xf9, 0x0, 0x0, 0x0, 0x0, 0x0, 0x0, 0x0,
    0x0, 0x3f, 0xff, 0xf3, 0x0, 0x0, 0x0, 0x0,

    /* U+0057 "W" */
    0x1f, 0xff, 0xf1, 0x0, 0x0, 0x0, 0xc, 0xff,
    0xf0, 0x0, 0x0, 0x0, 0xf, 0xff, 0xf2, 0xd,
    0xff, 0xf4, 0x0, 0x0, 0x0, 0x1f, 0xff, 0xf3,
    0x0, 0x0, 0x0, 0x2f, 0xff, 0xf0, 0xa, 0xff,
    0xf7, 0x0, 0x0, 0x0, 0x5f, 0xff, 0xf7, 0x0,
    0x0, 0x0, 0x6f, 0xff, 0xb0, 0x6, 0xff, 0xfb,
    0x0, 0x0, 0x0, 0x9f, 0xff, 0xfb, 0x0, 0x0,
    0x0, 0x9f, 0xff, 0x70, 0x2, 0xff, 0xfe, 0x0,
    0x0, 0x0, 0xdf, 0xff, 0xff, 0x0, 0x0, 0x0,
    0xcf, 0xff, 0x30, 0x0, 0xef, 0xff, 0x10, 0x0,
    0x1, 0xff, 0xff, 0xff, 0x30, 0x0, 0x0, 0xff,
    0xff, 0x0, 0x0, 0xbf, 0xff, 0x50, 0x0, 0x5,
    0xff, 0xfe, 0xff, 0x80, 0x0, 0x3, 0xff, 0xfc,
    0x0, 0x0, 0x7f, 0xff, 0x80, 0x0, 0x9, 0xff,
    0xda, 0xff, 0xc0, 0x0, 0x6, 0xff, 0xf8, 0x0,
    0x0, 0x3f, 0xff, 0xb0, 0x0, 0xd, 0xff, 0x95,
    0xff, 0xf0, 0x0, 0xa, 0xff, 0xf5, 0x0, 0x0,
    0xf, 0xff, 0xf0, 0x0, 0x1f, 0xff, 0x41, 0xff,
    0xf4, 0x0, 0xd, 0xff, 0xf1, 0x0, 0x0, 0xc,
    0xff, 0xf2, 0x0, 0x5f, 0xff, 0x0, 0xdf, 0xf8,
    0x0, 0xf, 0xff, 0xd0, 0x0, 0x0, 0x8, 0xff,
    0xf5, 0x0, 0x9f, 0xfc, 0x0, 0x9f, 0xfc, 0x0,
    0x3f, 0xff, 0x90, 0x0, 0x0, 0x4, 0xff, 0xf9,
    0x0, 0xdf, 0xf7, 0x0, 0x5f, 0xff, 0x0, 0x7f,
    0xff, 0x60, 0x0, 0x0, 0x1, 0xff, 0xfc, 0x1,
    0xff, 0xf3, 0x0, 0x1f, 0xff, 0x40, 0xaf, 0xff,
    0x20, 0x0, 0x0, 0x0, 0xdf, 0xff, 0x6, 0xff,
    0xf0, 0x0, 0xc, 0xff, 0x80, 0xdf, 0xfe, 0x0,
    0x0, 0x0, 0x0, 0x9f, 0xff, 0x3a, 0xff, 0xa0,
    0x0, 0x8, 0xff, 0xc1, 0xff, 0xfb, 0x0, 0x0,
    0x0, 0x0, 0x5f, 0xff, 0x6e, 0xff, 0x60, 0x0,
    0x4, 0xff, 0xf5, 0xff, 0xf7, 0x0, 0x0, 0x0,
    0x0, 0x2f, 0xff, 0xcf, 0xff, 0x20, 0x0, 0x0,
    0xff, 0xfc, 0xff, 0xf3, 0x0, 0x0, 0x0, 0x0,
    0xe, 0xff, 0xff, 0xfe, 0x0, 0x0, 0x0, 0xbf,
    0xff, 0xff, 0xf0, 0x0, 0x0, 0x0, 0x0, 0xa,
    0xff, 0xff, 0xf9, 0x0, 0x0, 0x0, 0x7f, 0xff,
    0xff, 0xc0, 0x0, 0x0, 0x0, 0x0, 0x7, 0xff,
    0xff, 0xf5, 0x0, 0x0, 0x0, 0x3f, 0xff, 0xff,
    0x80, 0x0, 0x0, 0x0, 0x0, 0x3, 0xff, 0xff,
    0xf1, 0x0, 0x0, 0x0, 0xf, 0xff, 0xff, 0x40,
    0x0, 0x0, 0x0, 0x0, 0x0, 0xff, 0xff, 0xc0,
    0x0, 0x0, 0x0, 0xb, 0xff, 0xff, 0x10, 0x0,
    0x0, 0x0, 0x0, 0x0, 0xbf, 0xff, 0x80, 0x0,
    0x0, 0x0, 0x6, 0xff, 0xfd, 0x0, 0x0, 0x0,

    /* U+0058 "X" */
    0xd, 0xff, 0xfe, 0x10, 0x0, 0x0, 0x0, 0x7,
    0xff, 0xff, 0x60, 0x3f, 0xff, 0xf9, 0x0, 0x0,
    0x0, 0x1, 0xff, 0xff, 0xc0, 0x0, 0x9f, 0xff,
    0xf2, 0x0, 0x0, 0x0, 0x9f, 0xff, 0xf2, 0x0,
    0x1, 0xef, 0xff, 0xc0, 0x0, 0x0, 0x3f, 0xff,
    0xf8, 0x0, 0x0, 0x6, 0xff, 0xff, 0x50, 0x0,
    0xc, 0xff, 0xfe, 0x0, 0x0, 0x0, 0xc, 0xff,
    0xfe, 0x0, 0x6, 0xff, 0xff, 0x50, 0x0, 0x0,
    0x0, 0x2f, 0xff, 0xf8, 0x1, 0xef, 0xff, 0xb0,
    0x0, 0x0, 0x0, 0x0, 0x8f, 0xff, 0xf2, 0x9f,
    0xff, 0xf2, 0x0, 0x0, 0x0, 0x0, 0x0, 0xef,
    0xff, 0xcf, 0xff, 0xf7, 0x0, 0x0, 0x0, 0x0,
    0x0, 0x4, 0xff, 0xff, 0xff, 0xfd, 0x0, 0x0,
    0x0, 0x0, 0x0, 0x0, 0xb, 0xff, 0xff, 0xff,
    0x40, 0x0, 0x0, 0x0, 0x0, 0x0, 0x0, 0x1f,
    0xff, 0xff, 0xa0, 0x0, 0x0, 0x0, 0x0, 0x0,
    0x0, 0x3, 0xff, 0xff, 0xfc, 0x0, 0x0, 0x0,
    0x0, 0x0, 0x0, 0x0, 0xcf, 0xff, 0xff, 0xf6,
    0x0, 0x0, 0x0, 0x0, 0x0, 0x0, 0x6f, 0xff,
    0xff, 0xff, 0xe1, 0x0, 0x0, 0x0, 0x0, 0x0,
    0x1f, 0xff, 0xfa, 0xff, 0xff, 0x90, 0x0, 0x0,
    0x0, 0x0, 0xa, 0xff, 0xfe, 0x17, 0xff, 0xff,
    0x30, 0x0, 0x0, 0x0, 0x4, 0xff, 0xff, 0x60,
    0xd, 0xff, 0xfd, 0x0, 0x0, 0x0, 0x0, 0xdf,
    0xff, 0xd0, 0x0, 0x4f, 0xff, 0xf7, 0x0, 0x0,
    0x0, 0x8f, 0xff, 0xf3, 0x0, 0x0, 0xaf, 0xff,
    0xf2, 0x0, 0x0, 0x2f, 0xff, 0xfa, 0x0, 0x0,
    0x2, 0xff, 0xff, 0xb0, 0x0, 0xc, 0xff, 0xff,
    0x10, 0x0, 0x0, 0x8, 0xff, 0xff, 0x50, 0x6,
    0xff, 0xff, 0x70, 0x0, 0x0, 0x0, 0xe, 0xff,
    0xfe, 0x1, 0xef, 0xff, 0xd0, 0x0, 0x0, 0x0,
    0x0, 0x5f, 0xff, 0xf9,

    /* U+0059 "Y" */
    0xaf, 0xff, 0xf1, 0x0, 0x0, 0x0, 0x0, 0x5,
    0xff, 0xff, 0x41, 0xff, 0xff, 0x80, 0x0, 0x0,
    0x0, 0x0, 0xdf, 0xff, 0xb0, 0x8, 0xff, 0xff,
    0x10, 0x0, 0x0, 0x0, 0x5f, 0xff, 0xf3, 0x0,
    0x1f, 0xff, 0xf8, 0x0, 0x0, 0x0, 0xd, 0xff,
    0xfa, 0x0, 0x0, 0x7f, 0xff, 0xf1, 0x0, 0x0,
    0x5, 0xff, 0xff, 0x20, 0x0, 0x0, 0xef, 0xff,
    0x70, 0x0, 0x0, 0xcf, 0xff, 0x90, 0x0, 0x0,
    0x6, 0xff, 0xfe, 0x0, 0x0, 0x4f, 0xff, 0xf1,
    0x0, 0x0, 0x0, 0xd, 0xff, 0xf7, 0x0, 0xc,
    0xff, 0xf8, 0x0, 0x0, 0x0, 0x0, 0x5f, 0xff,
    0xe0, 0x4, 0xff, 0xff, 0x10, 0x0, 0x0, 0x0,
    0x0, 0xcf, 0xff, 0x70, 0xcf, 0xff, 0x70, 0x0,
    0x0, 0x0, 0x0, 0x4, 0xff, 0xfe, 0x5f, 0xff,
    0xe0, 0x0, 0x0, 0x0, 0x0, 0x0, 0xb, 0xff,
    0xff, 0xff, 0xf6, 0x0, 0x0, 0x0, 0x0, 0x0,
    0x0, 0x3f, 0xff, 0xff, 0xfd, 0x0, 0x0, 0x0,
    0x0, 0x0, 0x0, 0x0, 0xaf, 0xff, 0xff, 0x50,
    0x0, 0x0, 0x0, 0x0, 0x0, 0x0, 0x2, 0xff,
    0xff, 0xc0, 0x0, 0x0, 0x0, 0x0, 0x0, 0x0,
    0x0, 0xc, 0xff, 0xf7, 0x0, 0x0, 0x0, 0x0,
    0x0, 0x0, 0x0, 0x0, 0xcf, 0xff, 0x70, 0x0,
    0x0, 0x0, 0x0, 0x0, 0x0, 0x0, 0xc, 0xff,
    0xf7, 0x0, 0x0, 0x0, 0x0, 0x0, 0x0, 0x0,
    0x0, 0xcf, 0xff, 0x70, 0x0, 0x0, 0x0, 0x0,
    0x0, 0x0, 0x0, 0xc, 0xff, 0xf7, 0x0, 0x0,
    0x0, 0x0, 0x0, 0x0, 0x0, 0x0, 0xcf, 0xff,
    0x70, 0x0, 0x0, 0x0, 0x0, 0x0, 0x0, 0x0,
    0xc, 0xff, 0xf7, 0x0, 0x0, 0x0, 0x0, 0x0,
    0x0, 0x0, 0x0, 0xcf, 0xff, 0x70, 0x0, 0x0,
    0x0, 0x0, 0x0, 0x0, 0x0, 0xc, 0xff, 0xf7,
    0x0, 0x0, 0x0, 0x0,

    /* U+005A "Z" */
    0x9f, 0xff, 0xff, 0xff, 0xff, 0xff, 0xff, 0xff,
    0xfe, 0x9, 0xff, 0xff, 0xff, 0xff, 0xff, 0xff,
    0xff, 0xff, 0xe0, 0x9f, 0xff, 0xff, 0xff, 0xff,
    0xff, 0xff, 0xff, 0xfd, 0x3, 0x55, 0x55, 0x55,
    0x55, 0x55, 0x59, 0xff, 0xff, 0x40, 0x0, 0x0,
    0x0, 0x0, 0x0, 0x1, 0xef, 0xff, 0x90, 0x0,
    0x0, 0x0, 0x0, 0x0, 0x0, 0xaf, 0xff, 0xd0,
    0x0, 0x0, 0x0, 0x0, 0x0, 0x0, 0x6f, 0xff,
    0xf3, 0x0, 0x0, 0x0, 0x0, 0x0, 0x0, 0x1f,
    0xff, 0xf8, 0x0, 0x0, 0x0, 0x0, 0x0, 0x0,
    0xc, 0xff, 0xfd, 0x0, 0x0, 0x0, 0x0, 0x0,
    0x0, 0x7, 0xff, 0xff, 0x20, 0x0, 0x0, 0x0,
    0x0, 0x0, 0x2, 0xff, 0xff, 0x70, 0x0, 0x0,
    0x0, 0x0, 0x0, 0x0, 0xdf, 0xff, 0xc0, 0x0,
    0x0, 0x0, 0x0, 0x0, 0x0, 0x8f, 0xff, 0xf2,
    0x0, 0x0, 0x0, 0x0, 0x0, 0x0, 0x3f, 0xff,
    0xf6, 0x0, 0x0, 0x0, 0x0, 0x0, 0x0, 0xe,
    0xff, 0xfb, 0x0, 0x0, 0x0, 0x0, 0x0, 0x0,
    0xa, 0xff, 0xfe, 0x10, 0x0, 0x0, 0x0, 0x0,
    0x0, 0x5, 0xff, 0xff, 0x50, 0x0, 0x0, 0x0,
    0x0, 0x0, 0x1, 0xef, 0xff, 0x90, 0x0, 0x0,
    0x0, 0x0, 0x0, 0x0, 0xbf, 0xff, 0xe0, 0x0,
    0x0, 0x0, 0x0, 0x0, 0x0, 0x6f, 0xff, 0xf3,
    0x0, 0x0, 0x0, 0x0, 0x0, 0x0, 0x2f, 0xff,
    0xfc, 0x44, 0x44, 0x44, 0x44, 0x44, 0x44, 0x1a,
    0xff, 0xff, 0xff, 0xff, 0xff, 0xff, 0xff, 0xff,
    0xf5, 0xaf, 0xff, 0xff, 0xff, 0xff, 0xff, 0xff,
    0xff, 0xff, 0x5a, 0xff, 0xff, 0xff, 0xff, 0xff,
    0xff, 0xff, 0xff, 0xf5,

    /* U+005B "[" */
    0xdf, 0xff, 0xff, 0xfd, 0xff, 0xff, 0xff, 0xdf,
    0xff, 0xff, 0xfd, 0xff, 0xf4, 0x11, 0xdf, 0xff,
    0x30, 0xd, 0xff, 0xf3, 0x0, 0xdf, 0xff, 0x30,
    0xd, 0xff, 0xf3, 0x0, 0xdf, 0xff, 0x30, 0xd,
    0xff, 0xf3, 0x0, 0xdf, 0xff, 0x30, 0xd, 0xff,
    0xf3, 0x0, 0xdf, 0xff, 0x30, 0xd, 0xff, 0xf3,
    0x0, 0xdf, 0xff, 0x30, 0xd, 0xff, 0xf3, 0x0,
    0xdf, 0xff, 0x30, 0xd, 0xff, 0xf3, 0x0, 0xdf,
    0xff, 0x30, 0xd, 0xff, 0xf3, 0x0, 0xdf, 0xff,
    0x30, 0xd, 0xff, 0xf3, 0x0, 0xdf, 0xff, 0x30,
    0xd, 0xff, 0xf3, 0x0, 0xdf, 0xff, 0x30, 0xd,
    0xff, 0xf3, 0x0, 0xdf, 0xff, 0x30, 0xd, 0xff,
    0xf3, 0x0, 0xdf, 0xff, 0x30, 0xd, 0xff, 0xf4,
    0x11, 0xdf, 0xff, 0xff, 0xfd, 0xff, 0xff, 0xff,
    0xdf, 0xff, 0xff, 0xf0,

    /* U+005C "\\" */
    0x7f, 0xff, 0x80, 0x0, 0x0, 0x0, 0x0, 0x1,
    0xff, 0xfe, 0x0, 0x0, 0x0, 0x0, 0x0, 0xb,
    0xff, 0xf4, 0x0, 0x0, 0x0, 0x0, 0x0, 0x5f,
    0xff, 0xa0, 0x0, 0x0, 0x0, 0x0, 0x0, 0xef,
    0xff, 0x10, 0x0, 0x0, 0x0, 0x0, 0x8, 0xff,
    0xf7, 0x0, 0x0, 0x0, 0x0, 0x0, 0x2f, 0xff,
    0xd0, 0x0, 0x0, 0x0, 0x0, 0x0, 0xcf, 0xff,
    0x30, 0x0, 0x0, 0x0, 0x0, 0x5, 0xff, 0xf9,
    0x0, 0x0, 0x0, 0x0, 0x0, 0xf, 0xff, 0xf0,
    0x0, 0x0, 0x0, 0x0, 0x0, 0x9f, 0xff, 0x60,
    0x0, 0x0, 0x0, 0x0, 0x3, 0xff, 0xfc, 0x0,
    0x0, 0x0, 0x0, 0x0, 0xd, 0xff, 0xf2, 0x0,
    0x0, 0x0, 0x0, 0x0, 0x6f, 0xff, 0x80, 0x0,
    0x0, 0x0, 0x0, 0x1, 0xff, 0xfe, 0x0, 0x0,
    0x0, 0x0, 0x0, 0xa, 0xff, 0xf5, 0x0, 0x0,
    0x0, 0x0, 0x0, 0x4f, 0xff, 0xb0, 0x0, 0x0,
    0x0, 0x0, 0x0, 0xdf, 0xff, 0x10, 0x0, 0x0,
    0x0, 0x0, 0x7, 0xff, 0xf7, 0x0, 0x0, 0x0,
    0x0, 0x0, 0x1f, 0xff, 0xd0, 0x0, 0x0, 0x0,
    0x0, 0x0, 0xbf, 0xff, 0x40, 0x0, 0x0, 0x0,
    0x0, 0x5, 0xff, 0xfa, 0x0, 0x0, 0x0, 0x0,
    0x0, 0xe, 0xff, 0xf1, 0x0, 0x0, 0x0, 0x0,
    0x0, 0x8f, 0xff, 0x60, 0x0, 0x0, 0x0, 0x0,
    0x2, 0xff, 0xfd, 0x0, 0x0, 0x0, 0x0, 0x0,
    0xc, 0xff, 0xf3,

    /* U+005D "]" */
    0xcf, 0xff, 0xff, 0xfc, 0xff, 0xff, 0xff, 0xcf,
    0xff, 0xff, 0xf1, 0x12, 0xff, 0xff, 0x0, 0xf,
    0xff, 0xf0, 0x0, 0xff, 0xff, 0x0, 0xf, 0xff,
    0xf0, 0x0, 0xff, 0xff, 0x0, 0xf, 0xff, 0xf0,
    0x0, 0xff, 0xff, 0x0, 0xf, 0xff, 0xf0, 0x0,
    0xff, 0xff, 0x0, 0xf, 0xff, 0xf0, 0x0, 0xff,
    0xff, 0x0, 0xf, 0xff, 0xf0, 0x0, 0xff, 0xff,
    0x0, 0xf, 0xff, 0xf0, 0x0, 0xff, 0xff, 0x0,
    0xf, 0xff, 0xf0, 0x0, 0xff, 0xff, 0x0, 0xf,
    0xff, 0xf0, 0x0, 0xff, 0xff, 0x0, 0xf, 0xff,
    0xf0, 0x0, 0xff, 0xff, 0x0, 0xf, 0xff, 0xf0,
    0x0, 0xff, 0xff, 0x0, 0xf, 0xff, 0xf0, 0x0,
    0xff, 0xff, 0x0, 0xf, 0xff, 0xf1, 0x11, 0xff,
    0xff, 0xcf, 0xff, 0xff, 0xfc, 0xff, 0xff, 0xff,
    0xcf, 0xff, 0xff, 0xf0,

    /* U+005E "^" */
    0x0, 0x0, 0x5, 0xff, 0xe0, 0x0, 0x0, 0x0,
    0x0, 0xc, 0xff, 0xf4, 0x0, 0x0, 0x0, 0x0,
    0x3f, 0xff, 0xfb, 0x0, 0x0, 0x0, 0x0, 0x9f,
    0xff, 0xff, 0x20, 0x0, 0x0, 0x1, 0xff, 0xfe,
    0xff, 0x80, 0x0, 0x0, 0x7, 0xff, 0xd5, 0xff,
    0xe0, 0x0, 0x0, 0xd, 0xff, 0x70, 0xef, 0xf5,
    0x0, 0x0, 0x4f, 0xff, 0x10, 0x8f, 0xfc, 0x0,
    0x0, 0xaf, 0xfa, 0x0, 0x2f, 0xff, 0x20, 0x1,
    0xff, 0xf4, 0x0, 0xc, 0xff, 0x90, 0x8, 0xff,
    0xe0, 0x0, 0x5, 0xff, 0xf0, 0xe, 0xff, 0x70,
    0x0, 0x0, 0xef, 0xf6,

    /* U+005F "_" */
    0x12, 0x22, 0x22, 0x22, 0x22, 0x22, 0x22, 0x20,
    0xff, 0xff, 0xff, 0xff, 0xff, 0xff, 0xff, 0xf4,
    0xff, 0xff, 0xff, 0xff, 0xff, 0xff, 0xff, 0xf4,
    0xff, 0xff, 0xff, 0xff, 0xff, 0xff, 0xff, 0xf4,

    /* U+0060 "`" */
    0xb, 0xff, 0xfb, 0x0, 0x0, 0xc, 0xff, 0xf6,
    0x0, 0x0, 0x1d, 0xff, 0xe1, 0x0, 0x0, 0x2e,
    0xff, 0xa0, 0x0, 0x0, 0x3f, 0xff, 0x50,

    /* U+0061 "a" */
    0x0, 0x0, 0x49, 0xde, 0xfe, 0xb6, 0x0, 0x0,
    0x0, 0x1b, 0xff, 0xff, 0xff, 0xff, 0xe3, 0x0,
    0x1, 0xdf, 0xff, 0xff, 0xff, 0xff, 0xff, 0x20,
    0xa, 0xff, 0xfd, 0x51, 0x14, 0xdf, 0xff, 0xb0,
    0xf, 0xff, 0xf2, 0x0, 0x0, 0x2f, 0xff, 0xf0,
    0x5, 0x55, 0x40, 0x0, 0x0, 0xd, 0xff, 0xf2,
    0x0, 0x0, 0x0, 0x0, 0x0, 0xc, 0xff, 0xf3,
    0x0, 0x0, 0x6a, 0xde, 0xff, 0xff, 0xff, 0xf3,
    0x0, 0x5e, 0xff, 0xff, 0xff, 0xff, 0xff, 0xf3,
    0x6, 0xff, 0xff, 0xd9, 0x88, 0x8e, 0xff, 0xf3,
    0xf, 0xff, 0xf6, 0x0, 0x0, 0xc, 0xff, 0xf3,
    0x5f, 0xff, 0xb0, 0x0, 0x0, 0xc, 0xff, 0xf3,
    0x7f, 0xff, 0x90, 0x0, 0x0, 0xd, 0xff, 0xf3,
    0x6f, 0xff, 0xd0, 0x0, 0x0, 0x6f, 0xff, 0xf3,
    0x2f, 0xff, 0xfb, 0x53, 0x5b, 0xff, 0xff, 0xf4,
    0xa, 0xff, 0xff, 0xff, 0xff, 0xff, 0xff, 0xf5,
    0x0, 0xbf, 0xff, 0xff, 0xff, 0xdb, 0xff, 0xf7,
    0x0, 0x5, 0xbe, 0xfe, 0xb6, 0x5, 0xff, 0xfc,

    /* U+0062 "b" */
    0xff, 0xff, 0x10, 0x0, 0x0, 0x0, 0x0, 0x0,
    0xff, 0xff, 0x10, 0x0, 0x0, 0x0, 0x0, 0x0,
    0xff, 0xff, 0x10, 0x0, 0x0, 0x0, 0x0, 0x0,
    0xff, 0xff, 0x10, 0x0, 0x0, 0x0, 0x0, 0x0,
    0xff, 0xff, 0x10, 0x0, 0x0, 0x0, 0x0, 0x0,
    0xff, 0xff, 0x10, 0x0, 0x0, 0x0, 0x0, 0x0,
    0xff, 0xff, 0x10, 0x0, 0x0, 0x0, 0x0, 0x0,
    0xff, 0xff, 0x12, 0x9d, 0xfe, 0xc7, 0x0, 0x0,
    0xff, 0xff, 0x7f, 0xff, 0xff, 0xff, 0xe2, 0x0,
    0xff, 0xff, 0xff, 0xff, 0xff, 0xff, 0xfe, 0x10,
    0xff, 0xff, 0xfd, 0x74, 0x5a, 0xff, 0xff, 0xa0,
    0xff, 0xff, 0xb0, 0x0, 0x0, 0x6f, 0xff, 0xf1,
    0xff, 0xff, 0x20, 0x0, 0x0, 0xc, 0xff, 0xf6,
    0xff, 0xff, 0x10, 0x0, 0x0, 0x7, 0xff, 0xf9,
    0xff, 0xff, 0x10, 0x0, 0x0, 0x4, 0xff, 0xfb,
    0xff, 0xff, 0x10, 0x0, 0x0, 0x3, 0xff, 0xfc,
    0xff, 0xff, 0x10, 0x0, 0x0, 0x3, 0xff, 0xfc,
    0xff, 0xff, 0x10, 0x0, 0x0, 0x4, 0xff, 0xfb,
    0xff, 0xff, 0x10, 0x0, 0x0, 0x7, 0xff, 0xfa,
    0xff, 0xff, 0x20, 0x0, 0x0, 0xc, 0xff, 0xf6,
    0xff, 0xff, 0xb0, 0x0, 0x0, 0x6f, 0xff, 0xf1,
    0xff, 0xff, 0xfd, 0x64, 0x49, 0xff, 0xff, 0xa0,
    0xff, 0xff, 0xff, 0xff, 0xff, 0xff, 0xfe, 0x10,
    0xff, 0xfd, 0x7f, 0xff, 0xff, 0xff, 0xe2, 0x0,
    0xff, 0xfc, 0x2, 0x9d, 0xff, 0xc7, 0x0, 0x0,

    /* U+0063 "c" */
    0x0, 0x0, 0x18, 0xce, 0xfe, 0xc7, 0x10, 0x0,
    0x0, 0x7, 0xff, 0xff, 0xff, 0xff, 0xf5, 0x0,
    0x0, 0x8f, 0xff, 0xff, 0xff, 0xff, 0xff, 0x50,
    0x4, 0xff, 0xff, 0xa4, 0x36, 0xdf, 0xff, 0xe1,
    0xd, 0xff, 0xf8, 0x0, 0x0, 0xc, 0xff, 0xf6,
    0x3f, 0xff, 0xe0, 0x0, 0x0, 0x3, 0xff, 0xfa,
    0x7f, 0xff, 0x90, 0x0, 0x0, 0x0, 0x99, 0x97,
    0x9f, 0xff, 0x60, 0x0, 0x0, 0x0, 0x0, 0x0,
    0xaf, 0xff, 0x50, 0x0, 0x0, 0x0, 0x0, 0x0,
    0xaf, 0xff, 0x50, 0x0, 0x0, 0x0, 0x0, 0x0,
    0x9f, 0xff, 0x60, 0x0, 0x0, 0x0, 0x0, 0x0,
    0x7f, 0xff, 0x90, 0x0, 0x0, 0x0, 0x11, 0x11,
    0x3f, 0xff, 0xd0, 0x0, 0x0, 0x2, 0xff, 0xfb,
    0xd, 0xff, 0xf7, 0x0, 0x0, 0xa, 0xff, 0xf7,
    0x5, 0xff, 0xff, 0xa4, 0x35, 0xcf, 0xff, 0xe0,
    0x0, 0x9f, 0xff, 0xff, 0xff, 0xff, 0xff, 0x40,
    0x0, 0x7, 0xff, 0xff, 0xff, 0xff, 0xd4, 0x0,
    0x0, 0x0, 0x18, 0xce, 0xfe, 0xb6, 0x0, 0x0,

    /* U+0064 "d" */
    0x0, 0x0, 0x0, 0x0, 0x0, 0x0, 0xff, 0xff,
    0x0, 0x0, 0x0, 0x0, 0x0, 0x0, 0xf, 0xff,
    0xf0, 0x0, 0x0, 0x0, 0x0, 0x0, 0x0, 0xff,
    0xff, 0x0, 0x0, 0x0, 0x0, 0x0, 0x0, 0xf,
    0xff, 0xf0, 0x0, 0x0, 0x0, 0x0, 0x0, 0x0,
    0xff, 0xff, 0x0, 0x0, 0x0, 0x0, 0x0, 0x0,
    0xf, 0xff, 0xf0, 0x0, 0x0, 0x0, 0x0, 0x0,
    0x0, 0xff, 0xff, 0x0, 0x0, 0x5, 0xbe, 0xfe,
    0xa3, 0xf, 0xff, 0xf0, 0x0, 0xb, 0xff, 0xff,
    0xff, 0xf8, 0xff, 0xff, 0x0, 0xc, 0xff, 0xff,
    0xff, 0xff, 0xff, 0xff, 0xf0, 0x7, 0xff, 0xff,
    0xc6, 0x46, 0xcf, 0xff, 0xff, 0x0, 0xef, 0xff,
    0xa0, 0x0, 0x0, 0x9f, 0xff, 0xf0, 0x4f, 0xff,
    0xf1, 0x0, 0x0, 0x0, 0xff, 0xff, 0x7, 0xff,
    0xfa, 0x0, 0x0, 0x0, 0xf, 0xff, 0xf0, 0x9f,
    0xff, 0x70, 0x0, 0x0, 0x0, 0xff, 0xff, 0xa,
    0xff, 0xf6, 0x0, 0x0, 0x0, 0xf, 0xff, 0xf0,
    0xaf, 0xff, 0x50, 0x0, 0x0, 0x0, 0xff, 0xff,
    0x9, 0xff, 0xf6, 0x0, 0x0, 0x0, 0xf, 0xff,
    0xf0, 0x7f, 0xff, 0x90, 0x0, 0x0, 0x0, 0xff,
    0xff, 0x3, 0xff, 0xfe, 0x0, 0x0, 0x0, 0xf,
    0xff, 0xf0, 0xd, 0xff, 0xf9, 0x0, 0x0, 0x9,
    0xff, 0xff, 0x0, 0x6f, 0xff, 0xfb, 0x54, 0x6c,
    0xff, 0xff, 0xf0, 0x0, 0xbf, 0xff, 0xff, 0xff,
    0xff, 0xff, 0xff, 0x0, 0x0, 0xbf, 0xff, 0xff,
    0xff, 0x9c, 0xff, 0xf0, 0x0, 0x0, 0x5b, 0xef,
    0xea, 0x40, 0xaf, 0xff, 0x0,

    /* U+0065 "e" */
    0x0, 0x0, 0x6, 0xbe, 0xfe, 0xc8, 0x10, 0x0,
    0x0, 0x0, 0x3e, 0xff, 0xff, 0xff, 0xff, 0x60,
    0x0, 0x0, 0x4f, 0xff, 0xff, 0xff, 0xff, 0xff,
    0x60, 0x0, 0x1e, 0xff, 0xfb, 0x53, 0x5b, 0xff,
    0xff, 0x10, 0xa, 0xff, 0xfa, 0x0, 0x0, 0xa,
    0xff, 0xf8, 0x1, 0xff, 0xff, 0x0, 0x0, 0x0,
    0x1f, 0xff, 0xd0, 0x5f, 0xff, 0xa0, 0x0, 0x0,
    0x0, 0xdf, 0xff, 0x8, 0xff, 0xff, 0xee, 0xee,
    0xee, 0xef, 0xff, 0xf1, 0x9f, 0xff, 0xff, 0xff,
    0xff, 0xff, 0xff, 0xff, 0x29, 0xff, 0xff, 0xff,
    0xff, 0xff, 0xff, 0xff, 0xf3, 0x8f, 0xff, 0x80,
    0x0, 0x0, 0x0, 0x0, 0x0, 0x6, 0xff, 0xfb,
    0x0, 0x0, 0x0, 0x0, 0x0, 0x0, 0x2f, 0xff,
    0xf2, 0x0, 0x0, 0x0, 0x2, 0x0, 0x0, 0xcf,
    0xff, 0xd1, 0x0, 0x0, 0x4, 0xfa, 0x0, 0x3,
    0xff, 0xff, 0xe7, 0x33, 0x5a, 0xff, 0xfa, 0x0,
    0x6, 0xff, 0xff, 0xff, 0xff, 0xff, 0xff, 0x30,
    0x0, 0x4, 0xef, 0xff, 0xff, 0xff, 0xfc, 0x20,
    0x0, 0x0, 0x0, 0x6a, 0xef, 0xfd, 0xa4, 0x0,
    0x0,

    /* U+0066 "f" */
    0x0, 0x0, 0x0, 0x0, 0x23, 0x31, 0x0, 0x0,
    0x0, 0x19, 0xff, 0xff, 0xf0, 0x0, 0x0, 0x2e,
    0xff, 0xff, 0xff, 0x0, 0x0, 0xc, 0xff, 0xff,
    0xff, 0xf0, 0x0, 0x3, 0xff, 0xff, 0x81, 0x1,
    0x0, 0x0, 0x6f, 0xff, 0xb0, 0x0, 0x0, 0x0,
    0x8, 0xff, 0xf8, 0x0, 0x0, 0x0, 0x0, 0x8f,
    0xff, 0x80, 0x0, 0x0, 0x4f, 0xff, 0xff, 0xff,
    0xff, 0xf2, 0x4, 0xff, 0xff, 0xff, 0xff, 0xff,
    0x20, 0x3f, 0xff, 0xff, 0xff, 0xff, 0xf2, 0x0,
    0x0, 0x8f, 0xff, 0x80, 0x0, 0x0, 0x0, 0x8,
    0xff, 0xf8, 0x0, 0x0, 0x0, 0x0, 0x8f, 0xff,
    0x80, 0x0, 0x0, 0x0, 0x8, 0xff, 0xf8, 0x0,
    0x0, 0x0, 0x0, 0x8f, 0xff, 0x80, 0x0, 0x0,
    0x0, 0x8, 0xff, 0xf8, 0x0, 0x0, 0x0, 0x0,
    0x8f, 0xff, 0x80, 0x0, 0x0, 0x0, 0x8, 0xff,
    0xf8, 0x0, 0x0, 0x0, 0x0, 0x8f, 0xff, 0x80,
    0x0, 0x0, 0x0, 0x8, 0xff, 0xf8, 0x0, 0x0,
    0x0, 0x0, 0x8f, 0xff, 0x80, 0x0, 0x0, 0x0,
    0x8, 0xff, 0xf8, 0x0, 0x0, 0x0, 0x0, 0x8f,
    0xff, 0x80, 0x0, 0x0, 0x0, 0x8, 0xff, 0xf8,
    0x0, 0x0, 0x0, 0x0, 0x8f, 0xff, 0x80, 0x0,
    0x0,

    /* U+0067 "g" */
    0x0, 0x0, 0x4a, 0xef, 0xeb, 0x60, 0x7f, 0xff,
    0x30, 0x0, 0xaf, 0xff, 0xff, 0xff, 0xca, 0xff,
    0xf3, 0x0, 0xbf, 0xff, 0xff, 0xff, 0xff, 0xff,
    0xff, 0x30, 0x5f, 0xff, 0xfd, 0x64, 0x5a, 0xff,
    0xff, 0xf3, 0xd, 0xff, 0xfb, 0x0, 0x0, 0x6,
    0xff, 0xff, 0x33, 0xff, 0xff, 0x10, 0x0, 0x0,
    0xd, 0xff, 0xf3, 0x6f, 0xff, 0xb0, 0x0, 0x0,
    0x0, 0xdf, 0xff, 0x38, 0xff, 0xf7, 0x0, 0x0,
    0x0, 0xd, 0xff, 0xf3, 0x9f, 0xff, 0x60, 0x0,
    0x0, 0x0, 0xdf, 0xff, 0x39, 0xff, 0xf6, 0x0,
    0x0, 0x0, 0xd, 0xff, 0xf3, 0x8f, 0xff, 0x70,
    0x0, 0x0, 0x0, 0xdf, 0xff, 0x36, 0xff, 0xfa,
    0x0, 0x0, 0x0, 0xd, 0xff, 0xf3, 0x2f, 0xff,
    0xf1, 0x0, 0x0, 0x0, 0xdf, 0xff, 0x30, 0xdf,
    0xff, 0xa0, 0x0, 0x0, 0x6f, 0xff, 0xf3, 0x5,
    0xff, 0xff, 0xc6, 0x45, 0xbf, 0xff, 0xff, 0x30,
    0xa, 0xff, 0xff, 0xff, 0xff, 0xff, 0xff, 0xf3,
    0x0, 0xa, 0xff, 0xff, 0xff, 0xfa, 0xdf, 0xff,
    0x30, 0x0, 0x4, 0xae, 0xfe, 0xb5, 0xd, 0xff,
    0xf3, 0x0, 0x0, 0x0, 0x0, 0x0, 0x0, 0xef,
    0xff, 0x10, 0x0, 0x30, 0x0, 0x0, 0x0, 0x3f,
    0xff, 0xe0, 0x0, 0x8f, 0x40, 0x0, 0x0, 0xc,
    0xff, 0xfa, 0x0, 0x3f, 0xff, 0xa4, 0x22, 0x6d,
    0xff, 0xff, 0x20, 0x4, 0xff, 0xff, 0xff, 0xff,
    0xff, 0xff, 0x60, 0x0, 0x3, 0xcf, 0xff, 0xff,
    0xff, 0xfe, 0x50, 0x0, 0x0, 0x0, 0x49, 0xdf,
    0xfe, 0xb6, 0x0, 0x0, 0x0,

    /* U+0068 "h" */
    0xff, 0xff, 0x0, 0x0, 0x0, 0x0, 0x0, 0xf,
    0xff, 0xf0, 0x0, 0x0, 0x0, 0x0, 0x0, 0xff,
    0xff, 0x0, 0x0, 0x0, 0x0, 0x0, 0xf, 0xff,
    0xf0, 0x0, 0x0, 0x0, 0x0, 0x0, 0xff, 0xff,
    0x0, 0x0, 0x0, 0x0, 0x0, 0xf, 0xff, 0xf0,
    0x0, 0x0, 0x0, 0x0, 0x0, 0xff, 0xff, 0x0,
    0x0, 0x0, 0x0, 0x0, 0xf, 0xff, 0xf0, 0x7,
    0xcf, 0xfd, 0x92, 0x0, 0xff, 0xff, 0x4e, 0xff,
    0xff, 0xff, 0xf4, 0xf, 0xff, 0xff, 0xff, 0xff,
    0xff, 0xff, 0xe0, 0xff, 0xff, 0xfd, 0x64, 0x5b,
    0xff, 0xff, 0x6f, 0xff, 0xfb, 0x0, 0x0, 0xa,
    0xff, 0xfa, 0xff, 0xff, 0x10, 0x0, 0x0, 0x4f,
    0xff, 0xcf, 0xff, 0xf0, 0x0, 0x0, 0x2, 0xff,
    0xfd, 0xff, 0xff, 0x0, 0x0, 0x0, 0x2f, 0xff,
    0xef, 0xff, 0xf0, 0x0, 0x0, 0x2, 0xff, 0xfe,
    0xff, 0xff, 0x0, 0x0, 0x0, 0x2f, 0xff, 0xef,
    0xff, 0xf0, 0x0, 0x0, 0x2, 0xff, 0xfe, 0xff,
    0xff, 0x0, 0x0, 0x0, 0x2f, 0xff, 0xef, 0xff,
    0xf0, 0x0, 0x0, 0x2, 0xff, 0xfe, 0xff, 0xff,
    0x0, 0x0, 0x0, 0x2f, 0xff, 0xef, 0xff, 0xf0,
    0x0, 0x0, 0x2, 0xff, 0xfe, 0xff, 0xff, 0x0,
    0x0, 0x0, 0x2f, 0xff, 0xef, 0xff, 0xf0, 0x0,
    0x0, 0x2, 0xff, 0xfe, 0xff, 0xff, 0x0, 0x0,
    0x0, 0x2f, 0xff, 0xe0,

    /* U+0069 "i" */
    0x3d, 0xfb, 0x1c, 0xff, 0xf8, 0xdf, 0xff, 0x96,
    0xff, 0xe2, 0x1, 0x20, 0x0, 0x0, 0x0, 0xaf,
    0xff, 0x5a, 0xff, 0xf5, 0xaf, 0xff, 0x5a, 0xff,
    0xf5, 0xaf, 0xff, 0x5a, 0xff, 0xf5, 0xaf, 0xff,
    0x5a, 0xff, 0xf5, 0xaf, 0xff, 0x5a, 0xff, 0xf5,
    0xaf, 0xff, 0x5a, 0xff, 0xf5, 0xaf, 0xff, 0x5a,
    0xff, 0xf5, 0xaf, 0xff, 0x5a, 0xff, 0xf5, 0xaf,
    0xff, 0x5a, 0xff, 0xf5,

    /* U+006A "j" */
    0x0, 0x0, 0x5e, 0xf9, 0x0, 0x0, 0xf, 0xff,
    0xf5, 0x0, 0x0, 0xff, 0xff, 0x60, 0x0, 0x8,
    0xff, 0xd0, 0x0, 0x0, 0x1, 0x20, 0x0, 0x0,
    0x0, 0x0, 0x0, 0x0, 0x0, 0xcf, 0xff, 0x40,
    0x0, 0xc, 0xff, 0xf4, 0x0, 0x0, 0xcf, 0xff,
    0x40, 0x0, 0xc, 0xff, 0xf4, 0x0, 0x0, 0xcf,
    0xff, 0x40, 0x0, 0xc, 0xff, 0xf4, 0x0, 0x0,
    0xcf, 0xff, 0x40, 0x0, 0xc, 0xff, 0xf4, 0x0,
    0x0, 0xcf, 0xff, 0x40, 0x0, 0xc, 0xff, 0xf4,
    0x0, 0x0, 0xcf, 0xff, 0x40, 0x0, 0xc, 0xff,
    0xf4, 0x0, 0x0, 0xcf, 0xff, 0x40, 0x0, 0xc,
    0xff, 0xf4, 0x0, 0x0, 0xcf, 0xff, 0x40, 0x0,
    0xc, 0xff, 0xf4, 0x0, 0x0, 0xcf, 0xff, 0x40,
    0x0, 0xc, 0xff, 0xf4, 0x0, 0x0, 0xcf, 0xff,
    0x40, 0x0, 0xc, 0xff, 0xf4, 0x0, 0x0, 0xef,
    0xff, 0x31, 0x55, 0xbf, 0xff, 0xf0, 0x4f, 0xff,
    0xff, 0xf9, 0x4, 0xff, 0xff, 0xfd, 0x10, 0x2d,
    0xff, 0xd7, 0x0, 0x0,

    /* U+006B "k" */
    0xef, 0xff, 0x10, 0x0, 0x0, 0x0, 0x0, 0x0,
    0xef, 0xff, 0x10, 0x0, 0x0, 0x0, 0x0, 0x0,
    0xef, 0xff, 0x10, 0x0, 0x0, 0x0, 0x0, 0x0,
    0xef, 0xff, 0x10, 0x0, 0x0, 0x0, 0x0, 0x0,
    0xef, 0xff, 0x10, 0x0, 0x0, 0x0, 0x0, 0x0,
    0xef, 0xff, 0x10, 0x0, 0x0, 0x0, 0x0, 0x0,
    0xef, 0xff, 0x10, 0x0, 0x0, 0x0, 0x0, 0x0,
    0xef, 0xff, 0x10, 0x0, 0x2, 0xff, 0xff, 0xb0,
    0xef, 0xff, 0x10, 0x0, 0x1e, 0xff, 0xfc, 0x0,
    0xef, 0xff, 0x10, 0x0, 0xdf, 0xff, 0xd1, 0x0,
    0xef, 0xff, 0x10, 0xb, 0xff, 0xfe, 0x20, 0x0,
    0xef, 0xff, 0x10, 0xaf, 0xff, 0xf3, 0x0, 0x0,
    0xef, 0xff, 0x18, 0xff, 0xff, 0x40, 0x0, 0x0,
    0xef, 0xff, 0x7f, 0xff, 0xf6, 0x0, 0x0, 0x0,
    0xef, 0xff, 0xff, 0xff, 0xb0, 0x0, 0x0, 0x0,
    0xef, 0xff, 0xff, 0xff, 0xf3, 0x0, 0x0, 0x0,
    0xef, 0xff, 0xff, 0xff, 0xfd, 0x0, 0x0, 0x0,
    0xef, 0xff, 0xfb, 0xef, 0xff, 0x90, 0x0, 0x0,
    0xef, 0xff, 0xb0, 0x4f, 0xff, 0xf5, 0x0, 0x0,
    0xef, 0xff, 0x10, 0x9, 0xff, 0xfe, 0x10, 0x0,
    0xef, 0xff, 0x10, 0x0, 0xdf, 0xff, 0xb0, 0x0,
    0xef, 0xff, 0x10, 0x0, 0x3f, 0xff, 0xf6, 0x0,
    0xef, 0xff, 0x10, 0x0, 0x8, 0xff, 0xff, 0x20,
    0xef, 0xff, 0x10, 0x0, 0x0, 0xcf, 0xff, 0xc0,
    0xef, 0xff, 0x10, 0x0, 0x0, 0x2f, 0xff, 0xf8,

    /* U+006C "l" */
    0xaf, 0xff, 0x5a, 0xff, 0xf5, 0xaf, 0xff, 0x5a,
    0xff, 0xf5, 0xaf, 0xff, 0x5a, 0xff, 0xf5, 0xaf,
    0xff, 0x5a, 0xff, 0xf5, 0xaf, 0xff, 0x5a, 0xff,
    0xf5, 0xaf, 0xff, 0x5a, 0xff, 0xf5, 0xaf, 0xff,
    0x5a, 0xff, 0xf5, 0xaf, 0xff, 0x5a, 0xff, 0xf5,
    0xaf, 0xff, 0x5a, 0xff, 0xf5, 0xaf, 0xff, 0x5a,
    0xff, 0xf5, 0xaf, 0xff, 0x5a, 0xff, 0xf5, 0xaf,
    0xff, 0x5a, 0xff, 0xf5, 0xaf, 0xff, 0x50,

    /* U+006D "m" */
    0xff, 0xfe, 0x2, 0x8d, 0xff, 0xd9, 0x20, 0x0,
    0x5b, 0xef, 0xec, 0x60, 0x0, 0xff, 0xff, 0x6f,
    0xff, 0xff, 0xff, 0xf4, 0xb, 0xff, 0xff, 0xff,
    0xfc, 0x0, 0xff, 0xff, 0xff, 0xff, 0xff, 0xff,
    0xfe, 0xbf, 0xff, 0xff, 0xff, 0xff, 0x90, 0xff,
    0xff, 0xfc, 0x64, 0x6c, 0xff, 0xff, 0xff, 0xb5,
    0x46, 0xdf, 0xff, 0xf1, 0xff, 0xff, 0x90, 0x0,
    0x0, 0xcf, 0xff, 0xf8, 0x0, 0x0, 0x1f, 0xff,
    0xf4, 0xff, 0xff, 0x10, 0x0, 0x0, 0x6f, 0xff,
    0xe0, 0x0, 0x0, 0xa, 0xff, 0xf7, 0xff, 0xff,
    0x10, 0x0, 0x0, 0x3f, 0xff, 0xc0, 0x0, 0x0,
    0x8, 0xff, 0xf8, 0xff, 0xff, 0x10, 0x0, 0x0,
    0x3f, 0xff, 0xc0, 0x0, 0x0, 0x8, 0xff, 0xf8,
    0xff, 0xff, 0x10, 0x0, 0x0, 0x3f, 0xff, 0xc0,
    0x0, 0x0, 0x8, 0xff, 0xf8, 0xff, 0xff, 0x10,
    0x0, 0x0, 0x3f, 0xff, 0xc0, 0x0, 0x0, 0x8,
    0xff, 0xf8, 0xff, 0xff, 0x10, 0x0, 0x0, 0x3f,
    0xff, 0xc0, 0x0, 0x0, 0x8, 0xff, 0xf8, 0xff,
    0xff, 0x10, 0x0, 0x0, 0x3f, 0xff, 0xc0, 0x0,
    0x0, 0x8, 0xff, 0xf8, 0xff, 0xff, 0x10, 0x0,
    0x0, 0x3f, 0xff, 0xc0, 0x0, 0x0, 0x8, 0xff,
    0xf8, 0xff, 0xff, 0x10, 0x0, 0x0, 0x3f, 0xff,
    0xc0, 0x0, 0x0, 0x8, 0xff, 0xf8, 0xff, 0xff,
    0x10, 0x0, 0x0, 0x3f, 0xff, 0xc0, 0x0, 0x0,
    0x8, 0xff, 0xf8, 0xff, 0xff, 0x10, 0x0, 0x0,
    0x3f, 0xff, 0xc0, 0x0, 0x0, 0x8, 0xff, 0xf8,
    0xff, 0xff, 0x10, 0x0, 0x0, 0x3f, 0xff, 0xc0,
    0x0, 0x0, 0x8, 0xff, 0xf8, 0xff, 0xff, 0x10,
    0x0, 0x0, 0x3f, 0xff, 0xc0, 0x0, 0x0, 0x8,
    0xff, 0xf8,

    /* U+006E "n" */
    0xff, 0xfd, 0x1, 0x8c, 0xff, 0xd9, 0x20, 0xf,
    0xff, 0xe4, 0xef, 0xff, 0xff, 0xff, 0x40, 0xff,
    0xff, 0xff, 0xff, 0xff, 0xff, 0xfe, 0x1f, 0xff,
    0xff, 0xd6, 0x45, 0xbf, 0xff, 0xf6, 0xff, 0xff,
    0xb0, 0x0, 0x0, 0xaf, 0xff, 0xaf, 0xff, 0xf1,
    0x0, 0x0, 0x4, 0xff, 0xfc, 0xff, 0xff, 0x0,
    0x0, 0x0, 0x3f, 0xff, 0xdf, 0xff, 0xf0, 0x0,
    0x0, 0x2, 0xff, 0xfe, 0xff, 0xff, 0x0, 0x0,
    0x0, 0x2f, 0xff, 0xef, 0xff, 0xf0, 0x0, 0x0,
    0x2, 0xff, 0xfe, 0xff, 0xff, 0x0, 0x0, 0x0,
    0x2f, 0xff, 0xef, 0xff, 0xf0, 0x0, 0x0, 0x2,
    0xff, 0xfe, 0xff, 0xff, 0x0, 0x0, 0x0, 0x2f,
    0xff, 0xef, 0xff, 0xf0, 0x0, 0x0, 0x2, 0xff,
    0xfe, 0xff, 0xff, 0x0, 0x0, 0x0, 0x2f, 0xff,
    0xef, 0xff, 0xf0, 0x0, 0x0, 0x2, 0xff, 0xfe,
    0xff, 0xff, 0x0, 0x0, 0x0, 0x2f, 0xff, 0xef,
    0xff, 0xf0, 0x0, 0x0, 0x2, 0xff, 0xfe,

    /* U+006F "o" */
    0x0, 0x0, 0x17, 0xbe, 0xfe, 0xc8, 0x20, 0x0,
    0x0, 0x0, 0x4, 0xef, 0xff, 0xff, 0xff, 0xf9,
    0x0, 0x0, 0x0, 0x6f, 0xff, 0xff, 0xff, 0xff,
    0xff, 0xb0, 0x0, 0x2, 0xff, 0xff, 0xc5, 0x34,
    0xaf, 0xff, 0xf8, 0x0, 0xb, 0xff, 0xfb, 0x0,
    0x0, 0x6, 0xff, 0xff, 0x10, 0x2f, 0xff, 0xf1,
    0x0, 0x0, 0x0, 0xbf, 0xff, 0x70, 0x6f, 0xff,
    0xa0, 0x0, 0x0, 0x0, 0x5f, 0xff, 0xc0, 0x9f,
    0xff, 0x70, 0x0, 0x0, 0x0, 0x1f, 0xff, 0xe0,
    0xaf, 0xff, 0x60, 0x0, 0x0, 0x0, 0xf, 0xff,
    0xf0, 0xaf, 0xff, 0x50, 0x0, 0x0, 0x0, 0xf,
    0xff, 0xf0, 0x9f, 0xff, 0x70, 0x0, 0x0, 0x0,
    0x2f, 0xff, 0xe0, 0x6f, 0xff, 0xa0, 0x0, 0x0,
    0x0, 0x5f, 0xff, 0xc0, 0x2f, 0xff, 0xf1, 0x0,
    0x0, 0x0, 0xbf, 0xff, 0x70, 0xb, 0xff, 0xfa,
    0x0, 0x0, 0x5, 0xff, 0xff, 0x10, 0x3, 0xff,
    0xff, 0xc5, 0x34, 0x9f, 0xff, 0xf7, 0x0, 0x0,
    0x6f, 0xff, 0xff, 0xff, 0xff, 0xff, 0xb0, 0x0,
    0x0, 0x5, 0xef, 0xff, 0xff, 0xff, 0xf8, 0x0,
    0x0, 0x0, 0x0, 0x7, 0xbe, 0xff, 0xd9, 0x20,
    0x0, 0x0,

    /* U+0070 "p" */
    0xff, 0xfd, 0x3, 0xae, 0xfe, 0xc7, 0x0, 0x0,
    0xff, 0xfe, 0x8f, 0xff, 0xff, 0xff, 0xe2, 0x0,
    0xff, 0xff, 0xff, 0xff, 0xff, 0xff, 0xfe, 0x10,
    0xff, 0xff, 0xfc, 0x64, 0x5b, 0xff, 0xff, 0xa0,
    0xff, 0xff, 0xa0, 0x0, 0x0, 0x8f, 0xff, 0xf1,
    0xff, 0xff, 0x10, 0x0, 0x0, 0xd, 0xff, 0xf6,
    0xff, 0xff, 0x10, 0x0, 0x0, 0x8, 0xff, 0xf9,
    0xff, 0xff, 0x10, 0x0, 0x0, 0x5, 0xff, 0xfb,
    0xff, 0xff, 0x10, 0x0, 0x0, 0x3, 0xff, 0xfc,
    0xff, 0xff, 0x10, 0x0, 0x0, 0x4, 0xff, 0xfc,
    0xff, 0xff, 0x10, 0x0, 0x0, 0x5, 0xff, 0xfb,
    0xff, 0xff, 0x10, 0x0, 0x0, 0x8, 0xff, 0xf9,
    0xff, 0xff, 0x10, 0x0, 0x0, 0xd, 0xff, 0xf6,
    0xff, 0xff, 0x90, 0x0, 0x0, 0x7f, 0xff, 0xf1,
    0xff, 0xff, 0xfb, 0x53, 0x4a, 0xff, 0xff, 0x90,
    0xff, 0xff, 0xff, 0xff, 0xff, 0xff, 0xfe, 0x10,
    0xff, 0xff, 0x8f, 0xff, 0xff, 0xff, 0xd2, 0x0,
    0xff, 0xff, 0x12, 0x9d, 0xfe, 0xc7, 0x0, 0x0,
    0xff, 0xff, 0x10, 0x0, 0x0, 0x0, 0x0, 0x0,
    0xff, 0xff, 0x10, 0x0, 0x0, 0x0, 0x0, 0x0,
    0xff, 0xff, 0x10, 0x0, 0x0, 0x0, 0x0, 0x0,
    0xff, 0xff, 0x10, 0x0, 0x0, 0x0, 0x0, 0x0,
    0xff, 0xff, 0x10, 0x0, 0x0, 0x0, 0x0, 0x0,
    0xff, 0xff, 0x10, 0x0, 0x0, 0x0, 0x0, 0x0,
    0xff, 0xff, 0x10, 0x0, 0x0, 0x0, 0x0, 0x0,

    /* U+0071 "q" */
    0x0, 0x0, 0x5b, 0xef, 0xeb, 0x40, 0x9f, 0xff,
    0x0, 0x1, 0xcf, 0xff, 0xff, 0xff, 0xac, 0xff,
    0xf0, 0x0, 0xcf, 0xff, 0xff, 0xff, 0xff, 0xff,
    0xff, 0x0, 0x7f, 0xff, 0xfb, 0x53, 0x5a, 0xff,
    0xff, 0xf0, 0xe, 0xff, 0xf9, 0x0, 0x0, 0x7,
    0xff, 0xff, 0x4, 0xff, 0xfe, 0x0, 0x0, 0x0,
    0xf, 0xff, 0xf0, 0x7f, 0xff, 0xa0, 0x0, 0x0,
    0x0, 0xff, 0xff, 0x9, 0xff, 0xf7, 0x0, 0x0,
    0x0, 0xf, 0xff, 0xf0, 0xaf, 0xff, 0x60, 0x0,
    0x0, 0x0, 0xff, 0xff, 0xa, 0xff, 0xf5, 0x0,
    0x0, 0x0, 0xf, 0xff, 0xf0, 0x9f, 0xff, 0x60,
    0x0, 0x0, 0x0, 0xff, 0xff, 0x7, 0xff, 0xf9,
    0x0, 0x0, 0x0, 0xf, 0xff, 0xf0, 0x3f, 0xff,
    0xe0, 0x0, 0x0, 0x0, 0xff, 0xff, 0x0, 0xef,
    0xff, 0x90, 0x0, 0x0, 0x7f, 0xff, 0xf0, 0x6,
    0xff, 0xff, 0xb4, 0x34, 0xaf, 0xff, 0xff, 0x0,
    0xc, 0xff, 0xff, 0xff, 0xff, 0xff, 0xff, 0xf0,
    0x0, 0xb, 0xff, 0xff, 0xff, 0xf9, 0xff, 0xff,
    0x0, 0x0, 0x5, 0xbe, 0xfe, 0xa4, 0xf, 0xff,
    0xf0, 0x0, 0x0, 0x0, 0x0, 0x0, 0x0, 0xff,
    0xff, 0x0, 0x0, 0x0, 0x0, 0x0, 0x0, 0xf,
    0xff, 0xf0, 0x0, 0x0, 0x0, 0x0, 0x0, 0x0,
    0xff, 0xff, 0x0, 0x0, 0x0, 0x0, 0x0, 0x0,
    0xf, 0xff, 0xf0, 0x0, 0x0, 0x0, 0x0, 0x0,
    0x0, 0xff, 0xff, 0x0, 0x0, 0x0, 0x0, 0x0,
    0x0, 0xf, 0xff, 0xf0, 0x0, 0x0, 0x0, 0x0,
    0x0, 0x0, 0xff, 0xff, 0x0,

    /* U+0072 "r" */
    0xff, 0xfe, 0x4, 0xbe, 0xf7, 0xff, 0xff, 0x6f,
    0xff, 0xf7, 0xff, 0xff, 0xff, 0xff, 0xf7, 0xff,
    0xff, 0xff, 0xfd, 0xe7, 0xff, 0xff, 0xf6, 0x0,
    0x0, 0xff, 0xff, 0x50, 0x0, 0x0, 0xff, 0xff,
    0x10, 0x0, 0x0, 0xff, 0xff, 0x10, 0x0, 0x0,
    0xff, 0xff, 0x10, 0x0, 0x0, 0xff, 0xff, 0x10,
    0x0, 0x0, 0xff, 0xff, 0x10, 0x0, 0x0, 0xff,
    0xff, 0x10, 0x0, 0x0, 0xff, 0xff, 0x10, 0x0,
    0x0, 0xff, 0xff, 0x10, 0x0, 0x0, 0xff, 0xff,
    0x10, 0x0, 0x0, 0xff, 0xff, 0x10, 0x0, 0x0,
    0xff, 0xff, 0x10, 0x0, 0x0, 0xff, 0xff, 0x10,
    0x0, 0x0,

    /* U+0073 "s" */
    0x0, 0x0, 0x6b, 0xef, 0xfd, 0xa4, 0x0, 0x0,
    0x0, 0x3e, 0xff, 0xff, 0xff, 0xff, 0xc1, 0x0,
    0x3, 0xff, 0xff, 0xff, 0xff, 0xff, 0xfd, 0x0,
    0xc, 0xff, 0xfb, 0x20, 0x16, 0xff, 0xff, 0x80,
    0x1f, 0xff, 0xe0, 0x0, 0x0, 0x6f, 0xff, 0xd0,
    0x1f, 0xff, 0xd0, 0x0, 0x0, 0x19, 0x99, 0x80,
    0xe, 0xff, 0xf9, 0x10, 0x0, 0x0, 0x0, 0x0,
    0x6, 0xff, 0xff, 0xfb, 0x84, 0x0, 0x0, 0x0,
    0x0, 0x7f, 0xff, 0xff, 0xff, 0xfa, 0x30, 0x0,
    0x0, 0x2, 0x9e, 0xff, 0xff, 0xff, 0xf8, 0x0,
    0x0, 0x0, 0x0, 0x26, 0xaf, 0xff, 0xff, 0x70,
    0x0, 0x0, 0x0, 0x0, 0x0, 0x9f, 0xff, 0xe0,
    0x8d, 0xdd, 0x30, 0x0, 0x0, 0xf, 0xff, 0xf1,
    0x8f, 0xff, 0x90, 0x0, 0x0, 0xf, 0xff, 0xf0,
    0x2f, 0xff, 0xf9, 0x20, 0x3, 0xcf, 0xff, 0xb0,
    0x6, 0xff, 0xff, 0xff, 0xff, 0xff, 0xff, 0x30,
    0x0, 0x5e, 0xff, 0xff, 0xff, 0xff, 0xd3, 0x0,
    0x0, 0x1, 0x6b, 0xef, 0xfe, 0xb6, 0x0, 0x0,

    /* U+0074 "t" */
    0x0, 0x7, 0x88, 0x81, 0x0, 0x0, 0x0, 0xef,
    0xff, 0x20, 0x0, 0x0, 0xe, 0xff, 0xf2, 0x0,
    0x0, 0x0, 0xef, 0xff, 0x20, 0x0, 0x0, 0xe,
    0xff, 0xf2, 0x0, 0xd, 0xff, 0xff, 0xff, 0xff,
    0xf4, 0xdf, 0xff, 0xff, 0xff, 0xff, 0x4c, 0xff,
    0xff, 0xff, 0xff, 0xf4, 0x0, 0xe, 0xff, 0xf2,
    0x0, 0x0, 0x0, 0xef, 0xff, 0x20, 0x0, 0x0,
    0xe, 0xff, 0xf2, 0x0, 0x0, 0x0, 0xef, 0xff,
    0x20, 0x0, 0x0, 0xe, 0xff, 0xf2, 0x0, 0x0,
    0x0, 0xef, 0xff, 0x20, 0x0, 0x0, 0xe, 0xff,
    0xf2, 0x0, 0x0, 0x0, 0xef, 0xff, 0x20, 0x0,
    0x0, 0xe, 0xff, 0xf2, 0x0, 0x0, 0x0, 0xef,
    0xff, 0x20, 0x0, 0x0, 0xe, 0xff, 0xf3, 0x0,
    0x0, 0x0, 0xcf, 0xff, 0xc5, 0x52, 0x0, 0x7,
    0xff, 0xff, 0xff, 0x60, 0x0, 0xd, 0xff, 0xff,
    0xf6, 0x0, 0x0, 0x19, 0xef, 0xfc, 0x40,

    /* U+0075 "u" */
    0xf, 0xff, 0xf0, 0x0, 0x0, 0x3, 0xff, 0xfd,
    0xf, 0xff, 0xf0, 0x0, 0x0, 0x3, 0xff, 0xfd,
    0xf, 0xff, 0xf0, 0x0, 0x0, 0x3, 0xff, 0xfd,
    0xf, 0xff, 0xf0, 0x0, 0x0, 0x3, 0xff, 0xfd,
    0xf, 0xff, 0xf0, 0x0, 0x0, 0x3, 0xff, 0xfd,
    0xf, 0xff, 0xf0, 0x0, 0x0, 0x3, 0xff, 0xfd,
    0xf, 0xff, 0xf0, 0x0, 0x0, 0x3, 0xff, 0xfd,
    0xf, 0xff, 0xf0, 0x0, 0x0, 0x3, 0xff, 0xfd,
    0xf, 0xff, 0xf0, 0x0, 0x0, 0x3, 0xff, 0xfd,
    0xf, 0xff, 0xf0, 0x0, 0x0, 0x3, 0xff, 0xfd,
    0xf, 0xff, 0xf0, 0x0, 0x0, 0x3, 0xff, 0xfd,
    0xf, 0xff, 0xf0, 0x0, 0x0, 0x3, 0xff, 0xfd,
    0xf, 0xff, 0xf2, 0x0, 0x0, 0x3, 0xff, 0xfd,
    0xd, 0xff, 0xf8, 0x0, 0x0, 0xc, 0xff, 0xfd,
    0x8, 0xff, 0xff, 0x84, 0x47, 0xdf, 0xff, 0xfd,
    0x2, 0xff, 0xff, 0xff, 0xff, 0xff, 0xff, 0xfd,
    0x0, 0x5f, 0xff, 0xff, 0xff, 0xf7, 0xff, 0xfd,
    0x0, 0x2, 0x9d, 0xff, 0xd9, 0x20, 0xff, 0xfd,

    /* U+0076 "v" */
    0x7f, 0xff, 0xb0, 0x0, 0x0, 0x0, 0xef, 0xff,
    0x31, 0xff, 0xff, 0x0, 0x0, 0x0, 0x3f, 0xff,
    0xd0, 0xc, 0xff, 0xf4, 0x0, 0x0, 0x8, 0xff,
    0xf8, 0x0, 0x6f, 0xff, 0x90, 0x0, 0x0, 0xdf,
    0xff, 0x20, 0x1, 0xff, 0xfe, 0x0, 0x0, 0x2f,
    0xff, 0xd0, 0x0, 0xb, 0xff, 0xf3, 0x0, 0x7,
    0xff, 0xf7, 0x0, 0x0, 0x6f, 0xff, 0x80, 0x0,
    0xcf, 0xff, 0x20, 0x0, 0x0, 0xff, 0xfd, 0x0,
    0x1f, 0xff, 0xc0, 0x0, 0x0, 0xa, 0xff, 0xf2,
    0x5, 0xff, 0xf6, 0x0, 0x0, 0x0, 0x5f, 0xff,
    0x70, 0xaf, 0xff, 0x10, 0x0, 0x0, 0x0, 0xff,
    0xfc, 0xe, 0xff, 0xb0, 0x0, 0x0, 0x0, 0xa,
    0xff, 0xf5, 0xff, 0xf6, 0x0, 0x0, 0x0, 0x0,
    0x4f, 0xff, 0xdf, 0xff, 0x10, 0x0, 0x0, 0x0,
    0x0, 0xef, 0xff, 0xff, 0xb0, 0x0, 0x0, 0x0,
    0x0, 0x9, 0xff, 0xff, 0xf5, 0x0, 0x0, 0x0,
    0x0, 0x0, 0x3f, 0xff, 0xff, 0x0, 0x0, 0x0,
    0x0, 0x0, 0x0, 0xef, 0xff, 0xa0, 0x0, 0x0,
    0x0, 0x0, 0x0, 0x8, 0xff, 0xf5, 0x0, 0x0,
    0x0,

    /* U+0077 "w" */
    0x5f, 0xff, 0x90, 0x0, 0x0, 0x1f, 0xff, 0x40,
    0x0, 0x0, 0x6f, 0xff, 0x80, 0xff, 0xfd, 0x0,
    0x0, 0x5, 0xff, 0xf9, 0x0, 0x0, 0xa, 0xff,
    0xf3, 0xc, 0xff, 0xf1, 0x0, 0x0, 0xaf, 0xff,
    0xd0, 0x0, 0x0, 0xef, 0xff, 0x0, 0x8f, 0xff,
    0x40, 0x0, 0xf, 0xff, 0xff, 0x20, 0x0, 0x1f,
    0xff, 0xa0, 0x3, 0xff, 0xf8, 0x0, 0x4, 0xff,
    0xff, 0xf7, 0x0, 0x5, 0xff, 0xf6, 0x0, 0xe,
    0xff, 0xc0, 0x0, 0x9f, 0xff, 0xff, 0xc0, 0x0,
    0x9f, 0xff, 0x20, 0x0, 0xaf, 0xff, 0x0, 0xd,
    0xff, 0x7f, 0xff, 0x10, 0xd, 0xff, 0xd0, 0x0,
    0x6, 0xff, 0xf4, 0x2, 0xff, 0xf0, 0xdf, 0xf6,
    0x1, 0xff, 0xf9, 0x0, 0x0, 0x2f, 0xff, 0x70,
    0x7f, 0xfa, 0x8, 0xff, 0xb0, 0x4f, 0xff, 0x50,
    0x0, 0x0, 0xdf, 0xfb, 0xc, 0xff, 0x60, 0x3f,
    0xff, 0x8, 0xff, 0xf1, 0x0, 0x0, 0x9, 0xff,
    0xf1, 0xff, 0xf1, 0x0, 0xef, 0xf5, 0xcf, 0xfc,
    0x0, 0x0, 0x0, 0x5f, 0xff, 0x9f, 0xfc, 0x0,
    0x9, 0xff, 0xaf, 0xff, 0x80, 0x0, 0x0, 0x0,
    0xff, 0xff, 0xff, 0x70, 0x0, 0x4f, 0xff, 0xff,
    0xf3, 0x0, 0x0, 0x0, 0xc, 0xff, 0xff, 0xf2,
    0x0, 0x0, 0xff, 0xff, 0xff, 0x0, 0x0, 0x0,
    0x0, 0x7f, 0xff, 0xfd, 0x0, 0x0, 0xa, 0xff,
    0xff, 0xb0, 0x0, 0x0, 0x0, 0x3, 0xff, 0xff,
    0x80, 0x0, 0x0, 0x5f, 0xff, 0xf6, 0x0, 0x0,
    0x0, 0x0, 0xe, 0xff, 0xf3, 0x0, 0x0, 0x1,
    0xff, 0xff, 0x20, 0x0, 0x0, 0x0, 0x0, 0xaf,
    0xfe, 0x0, 0x0, 0x0, 0xb, 0xff, 0xd0, 0x0,
    0x0,

    /* U+0078 "x" */
    0x1e, 0xff, 0xf7, 0x0, 0x0, 0x5, 0xff, 0xff,
    0x20, 0x5f, 0xff, 0xf1, 0x0, 0x0, 0xef, 0xff,
    0x70, 0x0, 0xbf, 0xff, 0x90, 0x0, 0x8f, 0xff,
    0xd0, 0x0, 0x2, 0xff, 0xff, 0x30, 0x2f, 0xff,
    0xf4, 0x0, 0x0, 0x8, 0xff, 0xfc, 0xb, 0xff,
    0xfa, 0x0, 0x0, 0x0, 0xd, 0xff, 0xf9, 0xff,
    0xfe, 0x10, 0x0, 0x0, 0x0, 0x4f, 0xff, 0xff,
    0xff, 0x60, 0x0, 0x0, 0x0, 0x0, 0xaf, 0xff,
    0xff, 0xc0, 0x0, 0x0, 0x0, 0x0, 0x1, 0xff,
    0xff, 0xf2, 0x0, 0x0, 0x0, 0x0, 0x0, 0x3f,
    0xff, 0xff, 0x50, 0x0, 0x0, 0x0, 0x0, 0xd,
    0xff, 0xff, 0xfe, 0x0, 0x0, 0x0, 0x0, 0x7,
    0xff, 0xff, 0xff, 0xf9, 0x0, 0x0, 0x0, 0x1,
    0xff, 0xff, 0x4f, 0xff, 0xf3, 0x0, 0x0, 0x0,
    0xbf, 0xff, 0x90, 0x7f, 0xff, 0xc0, 0x0, 0x0,
    0x5f, 0xff, 0xf1, 0x0, 0xdf, 0xff, 0x60, 0x0,
    0xe, 0xff, 0xf7, 0x0, 0x4, 0xff, 0xff, 0x10,
    0x8, 0xff, 0xfd, 0x0, 0x0, 0xb, 0xff, 0xfa,
    0x3, 0xff, 0xff, 0x40, 0x0, 0x0, 0x2f, 0xff,
    0xf4,

    /* U+0079 "y" */
    0x9f, 0xff, 0xb0, 0x0, 0x0, 0x2, 0xff, 0xff,
    0x24, 0xff, 0xff, 0x0, 0x0, 0x0, 0x7f, 0xff,
    0xc0, 0xe, 0xff, 0xf5, 0x0, 0x0, 0xc, 0xff,
    0xf6, 0x0, 0x8f, 0xff, 0xa0, 0x0, 0x1, 0xff,
    0xff, 0x10, 0x3, 0xff, 0xff, 0x0, 0x0, 0x6f,
    0xff, 0xb0, 0x0, 0xd, 0xff, 0xf4, 0x0, 0xa,
    0xff, 0xf6, 0x0, 0x0, 0x7f, 0xff, 0x90, 0x0,
    0xff, 0xff, 0x10, 0x0, 0x2, 0xff, 0xfe, 0x0,
    0x4f, 0xff, 0xb0, 0x0, 0x0, 0xc, 0xff, 0xf3,
    0x9, 0xff, 0xf5, 0x0, 0x0, 0x0, 0x6f, 0xff,
    0x80, 0xef, 0xff, 0x0, 0x0, 0x0, 0x1, 0xff,
    0xfd, 0x3f, 0xff, 0xa0, 0x0, 0x0, 0x0, 0xb,
    0xff, 0xfb, 0xff, 0xf4, 0x0, 0x0, 0x0, 0x0,
    0x5f, 0xff, 0xff, 0xfe, 0x0, 0x0, 0x0, 0x0,
    0x0, 0xff, 0xff, 0xff, 0x90, 0x0, 0x0, 0x0,
    0x0, 0xa, 0xff, 0xff, 0xf4, 0x0, 0x0, 0x0,
    0x0, 0x0, 0x4f, 0xff, 0xfe, 0x0, 0x0, 0x0,
    0x0, 0x0, 0x0, 0xef, 0xff, 0x80, 0x0, 0x0,
    0x0, 0x0, 0x0, 0x9, 0xff, 0xf3, 0x0, 0x0,
    0x0, 0x0, 0x0, 0x0, 0xcf, 0xfd, 0x0, 0x0,
    0x0, 0x0, 0x0, 0x0, 0x3f, 0xff, 0x80, 0x0,
    0x0, 0x0, 0x0, 0x0, 0xb, 0xff, 0xf2, 0x0,
    0x0, 0x0, 0x0, 0x15, 0x7c, 0xff, 0xfb, 0x0,
    0x0, 0x0, 0x0, 0x5, 0xff, 0xff, 0xff, 0x20,
    0x0, 0x0, 0x0, 0x0, 0x5f, 0xff, 0xff, 0x50,
    0x0, 0x0, 0x0, 0x0, 0x4, 0xef, 0xea, 0x30,
    0x0, 0x0, 0x0, 0x0, 0x0,

    /* U+007A "z" */
    0x7f, 0xff, 0xff, 0xff, 0xff, 0xff, 0xff, 0x97,
    0xff, 0xff, 0xff, 0xff, 0xff, 0xff, 0xf9, 0x7f,
    0xff, 0xff, 0xff, 0xff, 0xff, 0xff, 0x81, 0x33,
    0x33, 0x33, 0x33, 0xdf, 0xff, 0xd0, 0x0, 0x0,
    0x0, 0x0, 0x8f, 0xff, 0xf2, 0x0, 0x0, 0x0,
    0x0, 0x4f, 0xff, 0xf5, 0x0, 0x0, 0x0, 0x0,
    0x1e, 0xff, 0xf9, 0x0, 0x0, 0x0, 0x0, 0xb,
    0xff, 0xfd, 0x0, 0x0, 0x0, 0x0, 0x7, 0xff,
    0xff, 0x20, 0x0, 0x0, 0x0, 0x3, 0xff, 0xff,
    0x50, 0x0, 0x0, 0x0, 0x1, 0xef, 0xff, 0x90,
    0x0, 0x0, 0x0, 0x0, 0xbf, 0xff, 0xd0, 0x0,
    0x0, 0x0, 0x0, 0x7f, 0xff, 0xf2, 0x0, 0x0,
    0x0, 0x0, 0x3f, 0xff, 0xf5, 0x0, 0x0, 0x0,
    0x0, 0x1e, 0xff, 0xfb, 0x22, 0x22, 0x22, 0x22,
    0x29, 0xff, 0xff, 0xff, 0xff, 0xff, 0xff, 0xff,
    0xaf, 0xff, 0xff, 0xff, 0xff, 0xff, 0xff, 0xfa,
    0xff, 0xff, 0xff, 0xff, 0xff, 0xff, 0xff,

    /* U+007B "{" */
    0x0, 0x0, 0x0, 0x0, 0x3, 0x10, 0x0, 0x0,
    0x0, 0x5d, 0xf6, 0x0, 0x0, 0x0, 0x9f, 0xff,
    0xc0, 0x0, 0x0, 0x8f, 0xff, 0xa1, 0x0, 0x0,
    0x2f, 0xff, 0xc0, 0x0, 0x0, 0x7, 0xff, 0xf5,
    0x0, 0x0, 0x0, 0xbf, 0xff, 0x10, 0x0, 0x0,
    0xd, 0xff, 0xf0, 0x0, 0x0, 0x0, 0xdf, 0xff,
    0x0, 0x0, 0x0, 0xd, 0xff, 0xf0, 0x0, 0x0,
    0x0, 0xdf, 0xff, 0x0, 0x0, 0x0, 0xe, 0xff,
    0xe0, 0x0, 0x0, 0x0, 0xff, 0xfd, 0x0, 0x0,
    0x0, 0x5f, 0xff, 0x90, 0x0, 0x0, 0x4e, 0xff,
    0xf2, 0x0, 0x0, 0xff, 0xff, 0xf6, 0x0, 0x0,
    0x1f, 0xff, 0xf6, 0x0, 0x0, 0x1, 0xff, 0xff,
    0xf5, 0x0, 0x0, 0x1, 0x5e, 0xff, 0xf2, 0x0,
    0x0, 0x0, 0x5f, 0xff, 0x80, 0x0, 0x0, 0x0,
    0xff, 0xfc, 0x0, 0x0, 0x0, 0xe, 0xff, 0xe0,
    0x0, 0x0, 0x0, 0xdf, 0xff, 0x0, 0x0, 0x0,
    0xd, 0xff, 0xf0, 0x0, 0x0, 0x0, 0xdf, 0xff,
    0x0, 0x0, 0x0, 0xd, 0xff, 0xf0, 0x0, 0x0,
    0x0, 0xbf, 0xff, 0x10, 0x0, 0x0, 0x8, 0xff,
    0xf5, 0x0, 0x0, 0x0, 0x2f, 0xff, 0xc0, 0x0,
    0x0, 0x0, 0x8f, 0xff, 0xa0, 0x0, 0x0, 0x0,
    0xaf, 0xff, 0xc0, 0x0, 0x0, 0x0, 0x6e, 0xf7,
    0x0, 0x0, 0x0, 0x0, 0x4, 0x10,

    /* U+007C "|" */
    0x1f, 0xfa, 0x1f, 0xfa, 0x1f, 0xfa, 0x1f, 0xfa,
    0x1f, 0xfa, 0x1f, 0xfa, 0x1f, 0xfa, 0x1f, 0xfa,
    0x1f, 0xfa, 0x1f, 0xfa, 0x1f, 0xfa, 0x1f, 0xfa,
    0x1f, 0xfa, 0x1f, 0xfa, 0x1f, 0xfa, 0x1f, 0xfa,
    0x1f, 0xfa, 0x1f, 0xfa, 0x1f, 0xfa, 0x1f, 0xfa,
    0x1f, 0xfa, 0x1f, 0xfa, 0x1f, 0xfa, 0x1f, 0xfa,
    0x1f, 0xfa, 0x1f, 0xfa, 0x1f, 0xfa, 0x1f, 0xfa,
    0x3, 0x31,

    /* U+007D "}" */
    0x4, 0x0, 0x0, 0x0, 0x0, 0x1, 0xff, 0x80,
    0x0, 0x0, 0x0, 0x6f, 0xff, 0xd1, 0x0, 0x0,
    0x0, 0x6f, 0xff, 0xd0, 0x0, 0x0, 0x0, 0x7f,
    0xff, 0x70, 0x0, 0x0, 0x0, 0xff, 0xfd, 0x0,
    0x0, 0x0, 0xb, 0xff, 0xf1, 0x0, 0x0, 0x0,
    0x9f, 0xff, 0x20, 0x0, 0x0, 0x9, 0xff, 0xf3,
    0x0, 0x0, 0x0, 0x9f, 0xff, 0x30, 0x0, 0x0,
    0x9, 0xff, 0xf3, 0x0, 0x0, 0x0, 0x8f, 0xff,
    0x30, 0x0, 0x0, 0x7, 0xff, 0xf5, 0x0, 0x0,
    0x0, 0x3f, 0xff, 0xa0, 0x0, 0x0, 0x0, 0xcf,
    0xff, 0x70, 0x0, 0x0, 0x1, 0xef, 0xff, 0xf6,
    0x0, 0x0, 0x1, 0xdf, 0xff, 0x70, 0x0, 0x1,
    0xdf, 0xff, 0xf7, 0x0, 0x0, 0xbf, 0xff, 0x92,
    0x0, 0x0, 0x2f, 0xff, 0xb0, 0x0, 0x0, 0x6,
    0xff, 0xf5, 0x0, 0x0, 0x0, 0x8f, 0xff, 0x30,
    0x0, 0x0, 0x9, 0xff, 0xf3, 0x0, 0x0, 0x0,
    0x9f, 0xff, 0x30, 0x0, 0x0, 0x9, 0xff, 0xf3,
    0x0, 0x0, 0x0, 0x9f, 0xff, 0x20, 0x0, 0x0,
    0xb, 0xff, 0xf1, 0x0, 0x0, 0x0, 0xef, 0xfd,
    0x0, 0x0, 0x0, 0x6f, 0xff, 0x80, 0x0, 0x0,
    0x5f, 0xff, 0xe0, 0x0, 0x0, 0x6f, 0xff, 0xe2,
    0x0, 0x0, 0x1, 0xff, 0x91, 0x0, 0x0, 0x0,
    0x5, 0x10, 0x0, 0x0, 0x0, 0x0,

    /* U+007E "~" */
    0x0, 0x2, 0xae, 0xfd, 0x91, 0x0, 0x0, 0x0,
    0x48, 0x85, 0x0, 0x4f, 0xff, 0xff, 0xff, 0x60,
    0x0, 0x0, 0xaf, 0xf9, 0x1, 0xef, 0xff, 0xff,
    0xff, 0xf9, 0x0, 0x1, 0xff, 0xf6, 0x8, 0xff,
    0xf9, 0x58, 0xff, 0xff, 0xc6, 0x6d, 0xff, 0xf1,
    0xd, 0xff, 0x90, 0x0, 0x2d, 0xff, 0xff, 0xff,
    0xff, 0x80, 0xf, 0xff, 0x40, 0x0, 0x0, 0xbf,
    0xff, 0xff, 0xfb, 0x0, 0x6, 0x66, 0x10, 0x0,
    0x0, 0x5, 0xbf, 0xfc, 0x60, 0x0,

    /* U+00B0 "°" */
    0x0, 0x7d, 0xfd, 0x70, 0x0, 0xbf, 0xff, 0xff,
    0xa0, 0x6f, 0xfa, 0x5a, 0xff, 0x5c, 0xfb, 0x0,
    0xc, 0xfa, 0xdf, 0x70, 0x0, 0x8f, 0xcc, 0xfa,
    0x0, 0xb, 0xfb, 0x6f, 0xf9, 0x59, 0xff, 0x50,
    0xbf, 0xff, 0xff, 0xa0, 0x0, 0x7d, 0xfd, 0x70,
    0x0,

    /* U+00B7 "·" */
    0x1, 0x53, 0x0, 0x3f, 0xff, 0x90, 0x9f, 0xff,
    0xf0, 0x7f, 0xff, 0xe0, 0xb, 0xfd, 0x40,

    /* U+2013 "–" */
    0x13, 0x33, 0x33, 0x33, 0x33, 0x33, 0x33, 0x33,
    0x31, 0x6f, 0xff, 0xff, 0xff, 0xff, 0xff, 0xff,
    0xff, 0xf8, 0x6f, 0xff, 0xff, 0xff, 0xff, 0xff,
    0xff, 0xff, 0xf8, 0x6f, 0xff, 0xff, 0xff, 0xff,
    0xff, 0xff, 0xff, 0xf8,

    /* U+2014 "—" */
    0x23, 0x33, 0x33, 0x33, 0x33, 0x33, 0x33, 0x33,
    0x33, 0x33, 0x33, 0x2d, 0xff, 0xff, 0xff, 0xff,
    0xff, 0xff, 0xff, 0xff, 0xff, 0xff, 0xfb, 0xdf,
    0xff, 0xff, 0xff, 0xff, 0xff, 0xff, 0xff, 0xff,
    0xff, 0xff, 0xbd, 0xff, 0xff, 0xff, 0xff, 0xff,
    0xff, 0xff, 0xff, 0xff, 0xff, 0xfb,

    /* U+2026 "…" */
    0x1, 0x52, 0x0, 0x0, 0x3, 0x41, 0x0, 0x0,
    0x25, 0x20, 0x3f, 0xff, 0x70, 0x0, 0x9f, 0xfe,
    0x20, 0x4, 0xff, 0xf6, 0xaf, 0xff, 0xe0, 0x0,
    0xff, 0xff, 0x80, 0xb, 0xff, 0xfd, 0x9f, 0xff,
    0xd0, 0x0, 0xff, 0xff, 0x70, 0xa, 0xff, 0xfc,
    0x1b, 0xfd, 0x30, 0x0, 0x5d, 0xfa, 0x0, 0x2,
    0xcf, 0xc3
};

/*---------------------
 *  GLYPH DESCRIPTION
 *--------------------*/

static const lv_font_fmt_txt_glyph_dsc_t glyph_dsc[] = {
    {.bitmap_index = 0, .adv_w = 0, .box_w = 0, .box_h = 0, .ofs_x = 0, .ofs_y = 0} /* id = 0 reserved */,
    {.bitmap_index = 0, .adv_w = 135, .box_w = 0, .box_h = 0, .ofs_x = 0, .ofs_y = 0},
    {.bitmap_index = 0, .adv_w = 146, .box_w = 5, .box_h = 24, .ofs_x = 2, .ofs_y = 0},
    {.bitmap_index = 60, .adv_w = 176, .box_w = 9, .box_h = 9, .ofs_x = 1, .ofs_y = 16},
    {.bitmap_index = 101, .adv_w = 332, .box_w = 20, .box_h = 24, .ofs_x = 1, .ofs_y = 0},
    {.bitmap_index = 341, .adv_w = 309, .box_w = 17, .box_h = 31, .ofs_x = 1, .ofs_y = -3},
    {.bitmap_index = 605, .adv_w = 400, .box_w = 23, .box_h = 24, .ofs_x = 1, .ofs_y = 0},
    {.bitmap_index = 881, .adv_w = 348, .box_w = 21, .box_h = 24, .ofs_x = 1, .ofs_y = 0},
    {.bitmap_index = 1133, .adv_w = 92, .box_w = 4, .box_h = 9, .ofs_x = 1, .ofs_y = 16},
    {.bitmap_index = 1151, .adv_w = 190, .box_w = 10, .box_h = 35, .ofs_x = 2, .ofs_y = -8},
    {.bitmap_index = 1326, .adv_w = 192, .box_w = 10, .box_h = 35, .ofs_x = 0, .ofs_y = -8},
    {.bitmap_index = 1501, .adv_w = 240, .box_w = 15, .box_h = 15, .ofs_x = 0, .ofs_y = 9},
    {.bitmap_index = 1614, .adv_w = 303, .box_w = 17, .box_h = 18, .ofs_x = 1, .ofs_y = 2},
    {.bitmap_index = 1767, .adv_w = 120, .box_w = 6, .box_h = 10, .ofs_x = 0, .ofs_y = -6},
    {.bitmap_index = 1797, .adv_w = 179, .box_w = 9, .box_h = 4, .ofs_x = 1, .ofs_y = 9},
    {.bitmap_index = 1815, .adv_w = 152, .box_w = 5, .box_h = 5, .ofs_x = 2, .ofs_y = 0},
    {.bitmap_index = 1828, .adv_w = 215, .box_w = 13, .box_h = 26, .ofs_x = 0, .ofs_y = -2},
    {.bitmap_index = 1997, .adv_w = 309, .box_w = 17, .box_h = 24, .ofs_x = 1, .ofs_y = 0},
    {.bitmap_index = 2201, .adv_w = 309, .box_w = 11, .box_h = 24, .ofs_x = 2, .ofs_y = 0},
    {.bitmap_index = 2333, .adv_w = 309, .box_w = 18, .box_h = 24, .ofs_x = 1, .ofs_y = 0},
    {.bitmap_index = 2549, .adv_w = 309, .box_w = 17, .box_h = 24, .ofs_x = 1, .ofs_y = 0},
    {.bitmap_index = 2753, .adv_w = 309, .box_w = 19, .box_h = 24, .ofs_x = 0, .ofs_y = 0},
    {.bitmap_index = 2981, .adv_w = 309, .box_w = 16, .box_h = 24, .ofs_x = 2, .ofs_y = 0},
    {.bitmap_index = 3173, .adv_w = 309, .box_w = 17, .box_h = 24, .ofs_x = 1, .ofs_y = 0},
    {.bitmap_index = 3377, .adv_w = 309, .box_w = 17, .box_h = 24, .ofs_x = 1, .ofs_y = 0},
    {.bitmap_index = 3581, .adv_w = 309, .box_w = 17, .box_h = 24, .ofs_x = 1, .ofs_y = 0},
    {.bitmap_index = 3785, .adv_w = 309, .box_w = 17, .box_h = 24, .ofs_x = 1, .ofs_y = 0},
    {.bitmap_index = 3989, .adv_w = 144, .box_w = 5, .box_h = 18, .ofs_x = 2, .ofs_y = 0},
    {.bitmap_index = 4034, .adv_w = 129, .box_w = 7, .box_h = 24, .ofs_x = 0, .ofs_y = -6},
    {.bitmap_index = 4118, .adv_w = 277, .box_w = 14, .box_h = 16, .ofs_x = 1, .ofs_y = 2},
    {.bitmap_index = 4230, .adv_w = 304, .box_w = 15, .box_h = 11, .ofs_x = 2, .ofs_y = 6},
    {.bitmap_index = 4313, .adv_w = 283, .box_w = 15, .box_h = 16, .ofs_x = 2, .ofs_y = 2},
    {.bitmap_index = 4433, .adv_w = 265, .box_w = 15, .box_h = 24, .ofs_x = 1, .ofs_y = 0},
    {.bitmap_index = 4613, .adv_w = 487, .box_w = 29, .box_h = 31, .ofs_x = 1, .ofs_y = -7},
    {.bitmap_index = 5063, .adv_w = 362, .box_w = 23, .box_h = 24, .ofs_x = 0, .ofs_y = 0},
    {.bitmap_index = 5339, .adv_w = 343, .box_w = 18, .box_h = 24, .ofs_x = 2, .ofs_y = 0},
    {.bitmap_index = 5555, .adv_w = 355, .box_w = 20, .box_h = 24, .ofs_x = 1, .ofs_y = 0},
    {.bitmap_index = 5795, .adv_w = 355, .box_w = 19, .box_h = 24, .ofs_x = 2, .ofs_y = 0},
    {.bitmap_index = 6023, .adv_w = 308, .box_w = 17, .box_h = 24, .ofs_x = 2, .ofs_y = 0},
    {.bitmap_index = 6227, .adv_w = 299, .box_w = 16, .box_h = 24, .ofs_x = 2, .ofs_y = 0},
    {.bitmap_index = 6419, .adv_w = 370, .box_w = 20, .box_h = 24, .ofs_x = 1, .ofs_y = 0},
    {.bitmap_index = 6659, .adv_w = 386, .box_w = 20, .box_h = 24, .ofs_x = 2, .ofs_y = 0},
    {.bitmap_index = 6899, .adv_w = 154, .box_w = 5, .box_h = 24, .ofs_x = 2, .ofs_y = 0},
    {.bitmap_index = 6959, .adv_w = 302, .box_w = 17, .box_h = 24, .ofs_x = 0, .ofs_y = 0},
    {.bitmap_index = 7163, .adv_w = 343, .box_w = 20, .box_h = 24, .ofs_x = 2, .ofs_y = 0},
    {.bitmap_index = 7403, .adv_w = 294, .box_w = 16, .box_h = 24, .ofs_x = 2, .ofs_y = 0},
    {.bitmap_index = 7595, .adv_w = 476, .box_w = 26, .box_h = 24, .ofs_x = 2, .ofs_y = 0},
    {.bitmap_index = 7907, .adv_w = 386, .box_w = 20, .box_h = 24, .ofs_x = 2, .ofs_y = 0},
    {.bitmap_index = 8147, .adv_w = 376, .box_w = 21, .box_h = 24, .ofs_x = 1, .ofs_y = 0},
    {.bitmap_index = 8399, .adv_w = 348, .box_w = 19, .box_h = 24, .ofs_x = 2, .ofs_y = 0},
    {.bitmap_index = 8627, .adv_w = 376, .box_w = 21, .box_h = 28, .ofs_x = 1, .ofs_y = -4},
    {.bitmap_index = 8921, .adv_w = 339, .box_w = 19, .box_h = 24, .ofs_x = 2, .ofs_y = 0},
    {.bitmap_index = 9149, .adv_w = 328, .box_w = 19, .box_h = 24, .ofs_x = 1, .ofs_y = 0},
    {.bitmap_index = 9377, .adv_w = 330, .box_w = 20, .box_h = 24, .ofs_x = 0, .ofs_y = 0},
    {.bitmap_index = 9617, .adv_w = 355, .box_w = 19, .box_h = 24, .ofs_x = 2, .ofs_y = 0},
    {.bitmap_index = 9845, .adv_w = 352, .box_w = 22, .box_h = 24, .ofs_x = 0, .ofs_y = 0},
    {.bitmap_index = 10109, .adv_w = 479, .box_w = 30, .box_h = 24, .ofs_x = 0, .ofs_y = 0},
    {.bitmap_index = 10469, .adv_w = 344, .box_w = 21, .box_h = 24, .ofs_x = 0, .ofs_y = 0},
    {.bitmap_index = 10721, .adv_w = 332, .box_w = 21, .box_h = 24, .ofs_x = 0, .ofs_y = 0},
    {.bitmap_index = 10973, .adv_w = 328, .box_w = 19, .box_h = 24, .ofs_x = 1, .ofs_y = 0},
    {.bitmap_index = 11201, .adv_w = 149, .box_w = 7, .box_h = 33, .ofs_x = 2, .ofs_y = -5},
    {.bitmap_index = 11317, .adv_w = 227, .box_w = 15, .box_h = 26, .ofs_x = 0, .ofs_y = -2},
    {.bitmap_index = 11512, .adv_w = 149, .box_w = 7, .box_h = 33, .ofs_x = 0, .ofs_y = -5},
    {.bitmap_index = 11628, .adv_w = 232, .box_w = 14, .box_h = 12, .ofs_x = 0, .ofs_y = 12},
    {.bitmap_index = 11712, .adv_w = 245, .box_w = 16, .box_h = 4, .ofs_x = 0, .ofs_y = -3},
    {.bitmap_index = 11744, .adv_w = 175, .box_w = 9, .box_h = 5, .ofs_x = 0, .ofs_y = 20},
    {.bitmap_index = 11767, .adv_w = 294, .box_w = 16, .box_h = 18, .ofs_x = 1, .ofs_y = 0},
    {.bitmap_index = 11911, .adv_w = 306, .box_w = 16, .box_h = 25, .ofs_x = 2, .ofs_y = 0},
    {.bitmap_index = 12111, .adv_w = 285, .box_w = 16, .box_h = 18, .ofs_x = 1, .ofs_y = 0},
    {.bitmap_index = 12255, .adv_w = 307, .box_w = 17, .box_h = 25, .ofs_x = 1, .ofs_y = 0},
    {.bitmap_index = 12468, .adv_w = 292, .box_w = 17, .box_h = 18, .ofs_x = 1, .ofs_y = 0},
    {.bitmap_index = 12621, .adv_w = 193, .box_w = 13, .box_h = 26, .ofs_x = 0, .ofs_y = 0},
    {.bitmap_index = 12790, .adv_w = 308, .box_w = 17, .box_h = 25, .ofs_x = 1, .ofs_y = -7},
    {.bitmap_index = 13003, .adv_w = 302, .box_w = 15, .box_h = 25, .ofs_x = 2, .ofs_y = 0},
    {.bitmap_index = 13191, .adv_w = 139, .box_w = 5, .box_h = 24, .ofs_x = 2, .ofs_y = 0},
    {.bitmap_index = 13251, .adv_w = 136, .box_w = 9, .box_h = 31, .ofs_x = -2, .ofs_y = -7},
    {.bitmap_index = 13391, .adv_w = 284, .box_w = 16, .box_h = 25, .ofs_x = 2, .ofs_y = 0},
    {.bitmap_index = 13591, .adv_w = 139, .box_w = 5, .box_h = 25, .ofs_x = 2, .ofs_y = 0},
    {.bitmap_index = 13654, .adv_w = 473, .box_w = 26, .box_h = 18, .ofs_x = 2, .ofs_y = 0},
    {.bitmap_index = 13888, .adv_w = 303, .box_w = 15, .box_h = 18, .ofs_x = 2, .ofs_y = 0},
    {.bitmap_index = 14023, .adv_w = 310, .box_w = 18, .box_h = 18, .ofs_x = 1, .ofs_y = 0},
    {.bitmap_index = 14185, .adv_w = 306, .box_w = 16, .box_h = 25, .ofs_x = 2, .ofs_y = -7},
    {.bitmap_index = 14385, .adv_w = 309, .box_w = 17, .box_h = 25, .ofs_x = 1, .ofs_y = -7},
    {.bitmap_index = 14598, .adv_w = 191, .box_w = 10, .box_h = 18, .ofs_x = 2, .ofs_y = 0},
    {.bitmap_index = 14688, .adv_w = 281, .box_w = 16, .box_h = 18, .ofs_x = 1, .ofs_y = 0},
    {.bitmap_index = 14832, .adv_w = 181, .box_w = 11, .box_h = 23, .ofs_x = 0, .ofs_y = 0},
    {.bitmap_index = 14959, .adv_w = 302, .box_w = 16, .box_h = 18, .ofs_x = 1, .ofs_y = 0},
    {.bitmap_index = 15103, .adv_w = 269, .box_w = 17, .box_h = 18, .ofs_x = 0, .ofs_y = 0},
    {.bitmap_index = 15256, .adv_w = 404, .box_w = 25, .box_h = 18, .ofs_x = 0, .ofs_y = 0},
    {.bitmap_index = 15481, .adv_w = 274, .box_w = 17, .box_h = 18, .ofs_x = 0, .ofs_y = 0},
    {.bitmap_index = 15634, .adv_w = 265, .box_w = 17, .box_h = 25, .ofs_x = 0, .ofs_y = -7},
    {.bitmap_index = 15847, .adv_w = 274, .box_w = 15, .box_h = 18, .ofs_x = 1, .ofs_y = 0},
    {.bitmap_index = 15982, .adv_w = 182, .box_w = 11, .box_h = 33, .ofs_x = 0, .ofs_y = -6},
    {.bitmap_index = 16164, .adv_w = 137, .box_w = 4, .box_h = 29, .ofs_x = 2, .ofs_y = -5},
    {.bitmap_index = 16222, .adv_w = 182, .box_w = 11, .box_h = 33, .ofs_x = 0, .ofs_y = -6},
    {.bitmap_index = 16404, .adv_w = 362, .box_w = 20, .box_h = 7, .ofs_x = 1, .ofs_y = 6},
    {.bitmap_index = 16474, .adv_w = 207, .box_w = 9, .box_h = 9, .ofs_x = 2, .ofs_y = 15},
    {.bitmap_index = 16515, .adv_w = 154, .box_w = 6, .box_h = 5, .ofs_x = 2, .ofs_y = 9},
    {.bitmap_index = 16530, .adv_w = 351, .box_w = 18, .box_h = 4, .ofs_x = 2, .ofs_y = 10},
    {.bitmap_index = 16566, .adv_w = 421, .box_w = 23, .box_h = 4, .ofs_x = 2, .ofs_y = 10},
    {.bitmap_index = 16612, .adv_w = 384, .box_w = 20, .box_h = 5, .ofs_x = 2, .ofs_y = 0}
};

/*---------------------
 *  CHARACTER MAPPING
 *--------------------*/

static const uint16_t unicode_list_1[] = {
    0x0, 0x7, 0x1f63, 0x1f64, 0x1f76
};

/*Collect the unicode lists and glyph_id offsets*/
static const lv_font_fmt_txt_cmap_t cmaps[] =
{
    {
        .range_start = 32, .range_length = 95, .glyph_id_start = 1,
        .unicode_list = NULL, .glyph_id_ofs_list = NULL, .list_length = 0, .type = LV_FONT_FMT_TXT_CMAP_FORMAT0_TINY
    },
    {
        .range_start = 176, .range_length = 8055, .glyph_id_start = 96,
        .unicode_list = unicode_list_1, .glyph_id_ofs_list = NULL, .list_length = 5, .type = LV_FONT_FMT_TXT_CMAP_SPARSE_TINY
    }
};

/*-----------------
 *    KERNING
 *----------------*/

/*Pair left and right glyphs for kerning*/
static const uint8_t kern_pair_glyph_ids[] =
{
    1, 53,
    3, 3,
    3, 8,
    3, 34,
    3, 66,
    3, 68,
    3, 69,
    3, 70,
    3, 72,
    3, 78,
    3, 79,
    3, 80,
    3, 81,
    3, 82,
    3, 84,
    3, 88,
    8, 3,
    8, 8,
    8, 34,
    8, 66,
    8, 68,
    8, 69,
    8, 70,
    8, 72,
    8, 78,
    8, 79,
    8, 80,
    8, 81,
    8, 82,
    8, 84,
    8, 88,
    9, 55,
    9, 56,
    9, 58,
    13, 3,
    13, 8,
    15, 3,
    15, 8,
    16, 16,
    34, 3,
    34, 8,
    34, 32,
    34, 36,
    34, 40,
    34, 48,
    34, 50,
    34, 53,
    34, 54,
    34, 55,
    34, 56,
    34, 58,
    34, 78,
    34, 79,
    34, 80,
    34, 81,
    34, 85,
    34, 86,
    34, 87,
    34, 88,
    34, 90,
    34, 91,
    35, 53,
    35, 55,
    35, 58,
    36, 10,
    36, 53,
    36, 62,
    36, 94,
    37, 13,
    37, 15,
    37, 34,
    37, 53,
    37, 55,
    37, 57,
    37, 58,
    37, 59,
    37, 100,
    38, 53,
    38, 68,
    38, 69,
    38, 70,
    38, 71,
    38, 72,
    38, 80,
    38, 82,
    38, 86,
    38, 87,
    38, 88,
    38, 90,
    39, 13,
    39, 15,
    39, 34,
    39, 43,
    39, 53,
    39, 66,
    39, 68,
    39, 69,
    39, 70,
    39, 72,
    39, 80,
    39, 82,
    39, 83,
    39, 86,
    39, 87,
    39, 90,
    39, 100,
    41, 34,
    41, 53,
    41, 57,
    41, 58,
    42, 34,
    42, 53,
    42, 57,
    42, 58,
    43, 34,
    44, 14,
    44, 36,
    44, 40,
    44, 48,
    44, 50,
    44, 68,
    44, 69,
    44, 70,
    44, 72,
    44, 80,
    44, 82,
    44, 86,
    44, 87,
    44, 88,
    44, 90,
    44, 98,
    44, 99,
    45, 3,
    45, 8,
    45, 34,
    45, 36,
    45, 40,
    45, 48,
    45, 50,
    45, 53,
    45, 54,
    45, 55,
    45, 56,
    45, 58,
    45, 86,
    45, 87,
    45, 88,
    45, 90,
    46, 34,
    46, 53,
    46, 57,
    46, 58,
    47, 34,
    47, 53,
    47, 57,
    47, 58,
    48, 13,
    48, 15,
    48, 34,
    48, 53,
    48, 55,
    48, 57,
    48, 58,
    48, 59,
    48, 100,
    49, 13,
    49, 15,
    49, 34,
    49, 43,
    49, 57,
    49, 59,
    49, 66,
    49, 68,
    49, 69,
    49, 70,
    49, 72,
    49, 80,
    49, 82,
    49, 85,
    49, 87,
    49, 90,
    49, 100,
    50, 53,
    50, 55,
    50, 56,
    50, 58,
    51, 53,
    51, 55,
    51, 58,
    53, 1,
    53, 13,
    53, 14,
    53, 15,
    53, 34,
    53, 36,
    53, 40,
    53, 43,
    53, 48,
    53, 50,
    53, 52,
    53, 53,
    53, 55,
    53, 56,
    53, 58,
    53, 66,
    53, 68,
    53, 69,
    53, 70,
    53, 72,
    53, 78,
    53, 79,
    53, 80,
    53, 81,
    53, 82,
    53, 83,
    53, 84,
    53, 86,
    53, 87,
    53, 88,
    53, 89,
    53, 90,
    53, 91,
    53, 98,
    53, 99,
    53, 100,
    54, 34,
    55, 10,
    55, 13,
    55, 14,
    55, 15,
    55, 34,
    55, 36,
    55, 40,
    55, 48,
    55, 50,
    55, 62,
    55, 66,
    55, 68,
    55, 69,
    55, 70,
    55, 72,
    55, 80,
    55, 82,
    55, 83,
    55, 86,
    55, 87,
    55, 90,
    55, 94,
    55, 98,
    55, 99,
    55, 100,
    56, 10,
    56, 13,
    56, 14,
    56, 15,
    56, 34,
    56, 53,
    56, 62,
    56, 66,
    56, 68,
    56, 69,
    56, 70,
    56, 72,
    56, 80,
    56, 82,
    56, 83,
    56, 86,
    56, 94,
    56, 98,
    56, 99,
    56, 100,
    57, 14,
    57, 36,
    57, 40,
    57, 48,
    57, 50,
    57, 55,
    57, 68,
    57, 69,
    57, 70,
    57, 72,
    57, 80,
    57, 82,
    57, 86,
    57, 87,
    57, 90,
    57, 98,
    57, 99,
    58, 7,
    58, 10,
    58, 11,
    58, 13,
    58, 14,
    58, 15,
    58, 34,
    58, 36,
    58, 40,
    58, 43,
    58, 48,
    58, 50,
    58, 52,
    58, 53,
    58, 54,
    58, 55,
    58, 56,
    58, 57,
    58, 58,
    58, 62,
    58, 66,
    58, 68,
    58, 69,
    58, 70,
    58, 71,
    58, 72,
    58, 78,
    58, 79,
    58, 80,
    58, 81,
    58, 82,
    58, 83,
    58, 84,
    58, 85,
    58, 86,
    58, 87,
    58, 89,
    58, 90,
    58, 91,
    58, 94,
    58, 98,
    58, 99,
    58, 100,
    59, 34,
    59, 36,
    59, 40,
    59, 48,
    59, 50,
    59, 68,
    59, 69,
    59, 70,
    59, 72,
    59, 80,
    59, 82,
    59, 86,
    59, 87,
    59, 88,
    59, 90,
    60, 43,
    60, 54,
    66, 3,
    66, 8,
    66, 87,
    66, 90,
    67, 3,
    67, 8,
    67, 87,
    67, 89,
    67, 90,
    67, 91,
    68, 3,
    68, 8,
    70, 3,
    70, 8,
    70, 87,
    70, 90,
    71, 3,
    71, 8,
    71, 10,
    71, 62,
    71, 68,
    71, 69,
    71, 70,
    71, 72,
    71, 82,
    71, 94,
    73, 3,
    73, 8,
    76, 68,
    76, 69,
    76, 70,
    76, 72,
    76, 82,
    78, 3,
    78, 8,
    79, 3,
    79, 8,
    80, 3,
    80, 8,
    80, 87,
    80, 89,
    80, 90,
    80, 91,
    81, 3,
    81, 8,
    81, 87,
    81, 89,
    81, 90,
    81, 91,
    83, 3,
    83, 8,
    83, 13,
    83, 15,
    83, 66,
    83, 68,
    83, 69,
    83, 70,
    83, 71,
    83, 72,
    83, 80,
    83, 82,
    83, 85,
    83, 87,
    83, 88,
    83, 90,
    83, 100,
    85, 80,
    87, 3,
    87, 8,
    87, 13,
    87, 15,
    87, 66,
    87, 68,
    87, 69,
    87, 70,
    87, 71,
    87, 72,
    87, 80,
    87, 82,
    87, 100,
    88, 13,
    88, 15,
    88, 100,
    89, 68,
    89, 69,
    89, 70,
    89, 72,
    89, 80,
    89, 82,
    90, 3,
    90, 8,
    90, 13,
    90, 15,
    90, 66,
    90, 68,
    90, 69,
    90, 70,
    90, 71,
    90, 72,
    90, 80,
    90, 82,
    90, 100,
    91, 68,
    91, 69,
    91, 70,
    91, 72,
    91, 80,
    91, 82,
    92, 43,
    92, 54,
    100, 3,
    100, 8
};

/* Kerning between the respective left and right glyphs
 * 4.4 format which needs to scaled with `kern_scale`*/
static const int8_t kern_pair_values[] =
{
    -16, -10, -10, -32, -13, -16, -16, -16,
    -16, -5, -5, -24, -5, -16, -24, 3,
    -10, -10, -32, -13, -16, -16, -16, -16,
    -5, -5, -24, -5, -16, -24, 3, 5,
    10, 6, -76, -76, -76, -76, -66, -32,
    -32, -22, -6, -6, -6, -6, -32, -5,
    -20, -10, -40, -13, -13, -3, -13, -5,
    -3, -13, -9, -13, 3, -7, -6, -15,
    -7, -8, -3, -5, -32, -32, -6, -23,
    -6, -6, -11, -6, -32, 5, -5, -5,
    -5, -5, -5, -5, -5, -5, -7, -6,
    -7, -73, -73, -51, -55, 5, -9, -6,
    -6, -6, -6, -6, -6, -7, -6, -6,
    -6, -73, 5, -8, 5, -7, 5, -8,
    5, -7, -6, -44, -8, -8, -8, -8,
    -7, -7, -7, -7, -7, -7, -6, -11,
    -17, -11, -44, -44, -76, -76, 5, -17,
    -17, -17, -17, -54, -6, -55, -25, -74,
    -4, -33, -14, -33, 5, -8, 5, -7,
    5, -8, 5, -7, -32, -32, -6, -23,
    -6, -6, -11, -6, -32, -107, -107, -47,
    -49, -14, -10, -3, -3, -3, -3, -3,
    -3, -3, 4, 4, 4, -107, -9, -7,
    -5, -9, -13, -5, -13, -16, -69, -72,
    -69, -32, -7, -7, -57, -7, -7, -4,
    4, 4, 4, 4, -45, -24, -24, -24,
    -24, -24, -24, -55, -24, -24, -17, -20,
    -17, -22, -12, -20, -22, -16, -72, -72,
    -69, -6, 5, -57, -42, -57, -20, -3,
    -3, -3, -3, 5, -12, -12, -12, -12,
    -12, -12, -12, -8, -7, -3, -3, 5,
    -42, -42, -57, 4, -38, -16, -38, -11,
    4, 3, -9, -8, -8, -8, -8, -8,
    -8, -6, -5, 4, -16, -16, -38, -41,
    -7, -7, -7, -7, 4, -7, -7, -7,
    -7, -6, -7, -6, -8, -8, -41, -41,
    -8, 5, -13, -61, -40, -61, -40, -8,
    -8, -25, -8, -8, -4, 5, -25, 5,
    5, 3, 5, 5, -17, -17, -17, -17,
    -6, -17, -11, -11, -17, -11, -17, -11,
    -15, -6, -10, -5, -6, -5, -8, 5,
    -40, -40, -61, 3, -7, -7, -7, -7,
    -6, -6, -6, -6, -6, -6, -5, -7,
    -7, -7, -5, -5, -5, -5, -4, -4,
    -8, -8, -3, -4, -3, -4, -3, -3,
    -4, -4, -3, -3, 4, 4, 5, 5,
    -6, -6, -6, -6, -6, 5, -21, -21,
    -5, -5, -5, -5, -5, -21, -21, -21,
    -21, -23, -23, -4, -6, -4, -4, -8,
    -8, -3, -4, -3, -4, 4, 4, -46,
    -46, -8, -5, -5, -5, 5, -5, -10,
    -5, 13, 5, 5, 5, -46, -8, 4,
    4, -44, -44, -4, -3, -3, -3, 3,
    -3, -4, -3, -44, -33, -33, -33, -5,
    -5, -5, -5, -11, -5, 4, 4, -44,
    -44, -4, -3, -3, -3, 3, -3, -4,
    -3, -44, -4, -4, -4, -4, -4, -4,
    -5, -5, -76, -76
};

/*Collect the kern pair's data in one place*/
static const lv_font_fmt_txt_kern_pair_t kern_pairs =
{
    .glyph_ids = kern_pair_glyph_ids,
    .values = kern_pair_values,
    .pair_cnt = 460,
    .glyph_ids_size = 0
};

/*--------------------
 *  ALL CUSTOM DATA
 *--------------------*/

#if LVGL_VERSION_MAJOR == 8
/*Store all the custom data of the font*/
static  lv_font_fmt_txt_glyph_cache_t cache;
#endif

#if LVGL_VERSION_MAJOR >= 8
static const lv_font_fmt_txt_dsc_t font_dsc = {
#else
static lv_font_fmt_txt_dsc_t font_dsc = {
#endif
    .glyph_bitmap = glyph_bitmap,
    .glyph_dsc = glyph_dsc,
    .cmaps = cmaps,
    .kern_dsc = &kern_pairs,
    .kern_scale = 16,
    .cmap_num = 2,
    .bpp = 4,
    .kern_classes = 0,
    .bitmap_format = 0,
#if LVGL_VERSION_MAJOR == 8
    .cache = &cache
#endif
};

/*-----------------
 *  PUBLIC FONT
 *----------------*/

/*Initialize a public general font descriptor*/
#if LVGL_VERSION_MAJOR >= 8
const lv_font_t ui_font_rm34 = {
#else
lv_font_t ui_font_rm34 = {
#endif
    .get_glyph_dsc = lv_font_get_glyph_dsc_fmt_txt,    /*Function pointer to get glyph's data*/
    .get_glyph_bitmap = lv_font_get_bitmap_fmt_txt,    /*Function pointer to get glyph's bitmap*/
    .line_height = 36,          /*The maximum line height required by the font*/
    .base_line = 8,             /*Baseline measured from the bottom of the line*/
#if !(LVGL_VERSION_MAJOR == 6 && LVGL_VERSION_MINOR == 0)
    .subpx = LV_FONT_SUBPX_NONE,
#endif
#if LV_VERSION_CHECK(7, 4, 0) || LVGL_VERSION_MAJOR >= 8
    .underline_position = -2,
    .underline_thickness = 2,
#endif
    .dsc = &font_dsc,          /*The custom font data. Will be accessed by `get_glyph_bitmap/dsc` */
#if LV_VERSION_CHECK(8, 2, 0) || LVGL_VERSION_MAJOR >= 9
    .fallback = NULL,
#endif
    .user_data = NULL,
};

#endif /*#if UI_FONT_RM34*/