/*******************************************************************************
 * Size: 18 px
 * Bpp: 4
 * Opts: --bpp 4 --size 18 --no-compress --font ../ASSETS/fa-solid-900.otf --range 0xe005,0xf001,0xf002,0xf004,0xf005,0xf007,0xf008,0xf00c,0xf00d,0xf011,0xf013,0xf015,0xf017,0xf021,0xf023,0xf025,0xf02d,0xf041,0xf043,0xf04a,0xf04b,0xf04d,0xf053,0xf054,0xf057,0xf05a,0xf065,0xf06a,0xf06b,0xf06c,0xf06d,0xf06e,0xf071,0xf072,0xf073,0xf075,0xf077,0xf078,0xf083,0xf084,0xf090,0xf095,0xf09d,0xf0ac,0xf0b1,0xf0c0,0xf0c2,0xf0c6,0xf0c8,0xf0d1,0xf0e7,0xf0e9,0xf0eb,0xf0ec,0xf0ee,0xf0f1,0xf0f3,0xf0f4,0xf11b,0xf130,0xf132,0xf133,0xf135,0xf164,0xf183,0xf185,0xf186,0xf1ad,0xf1b9,0xf1bb,0xf1de,0xf1e2,0xf1e6,0xf1eb,0xf1f8,0xf206,0xf21b,0xf236,0xf240,0xf241,0xf242,0xf243,0xf244,0xf290,0xf2c7,0xf2cd,0xf2dc,0xf2e7,0xf2f1,0xf2f6,0xf3c5,0xf3fd,0xf494,0xf52a,0xf54e,0xf54f,0xf553,0xf5aa,0xf5b0,0xf5da,0xf5e7,0xf5fd,0xf6fc,0xf72e,0xf773,0xf794,0xf7b6,0xf7c0,0xf7e4,0xf863,0xf8ff,0xf233 --format lvgl
 ******************************************************************************/

#ifdef __has_include
    #if __has_include("lvgl.h")
        #ifndef LV_LVGL_H_INCLUDE_SIMPLE
            #define LV_LVGL_H_INCLUDE_SIMPLE
        #endif
    #endif
#endif

#ifdef LV_LVGL_H_INCLUDE_SIMPLE
    #include "lvgl.h"
#else
    #include "lvgl.h"
#endif

#ifndef UI_FONT_FA18
#define UI_FONT_FA18 1
#endif

#if UI_FONT_FA18

/*-----------------
 *    BITMAPS
 *----------------*/

/*Store the image of the glyphs*/
static LV_ATTRIBUTE_LARGE_CONST const uint8_t glyph_bitmap[] = {
    /* U+E005 "" */
    0x0, 0x0, 0x0, 0x0, 0x74, 0x0, 0x0, 0x0,
    0x0, 0x0, 0x0, 0x4, 0x44, 0x6f, 0xe4, 0x44,
    0x30, 0x0, 0x0, 0x0, 0x9, 0xff, 0xff, 0xff,
    0xff, 0xff, 0x50, 0x0, 0x0, 0x0, 0x6e, 0xff,
    0xff, 0xff, 0xff, 0xd2, 0x0, 0x0, 0x0, 0x0,
    0x0, 0x4, 0xff, 0x0, 0x0, 0x0, 0x0, 0x0,
    0x0, 0x0, 0x0, 0x4f, 0xf0, 0x0, 0x0, 0x0,
    0x0, 0x0, 0x0, 0x1, 0xbf, 0xff, 0xf8, 0x0,
    0x0, 0x0, 0x0, 0x8d, 0xee, 0xef, 0xff, 0xff,
    0xfe, 0xda, 0x60, 0x0, 0xf, 0xff, 0xff, 0xff,
    0xff, 0xff, 0xff, 0xff, 0xc2, 0x0, 0xff, 0xff,
    0xff, 0xff, 0xff, 0xff, 0xff, 0xff, 0xc0, 0xf,
    0xff, 0xff, 0xff, 0xff, 0xff, 0xff, 0xff, 0xff,
    0x70, 0x59, 0xaa, 0xbf, 0xff, 0xff, 0xfa, 0xbf,
    0xff, 0xfb, 0x0, 0x0, 0x0, 0x6f, 0xff, 0xe3,
    0x0, 0x9f, 0xff, 0xe0, 0x0, 0x0, 0x0, 0x3,
    0x20, 0x0, 0x2, 0xce, 0xd8,

    /* U+F001 "" */
    0x0, 0x0, 0x0, 0x0, 0x0, 0x0, 0x3, 0x7a,
    0x60, 0x0, 0x0, 0x0, 0x0, 0x15, 0x9c, 0xff,
    0xff, 0xf0, 0x0, 0x0, 0x6, 0xae, 0xff, 0xff,
    0xff, 0xff, 0xf0, 0x0, 0x0, 0x4f, 0xff, 0xff,
    0xff, 0xff, 0xff, 0xf0, 0x0, 0x0, 0x5f, 0xff,
    0xff, 0xff, 0xff, 0xff, 0xf0, 0x0, 0x0, 0x5f,
    0xff, 0xff, 0xff, 0xd9, 0x8f, 0xf0, 0x0, 0x0,
    0x5f, 0xfe, 0xb7, 0x40, 0x0, 0x3f, 0xf0, 0x0,
    0x0, 0x5f, 0xe0, 0x0, 0x0, 0x0, 0x3f, 0xf0,
    0x0, 0x0, 0x5f, 0xe0, 0x0, 0x0, 0x0, 0x3f,
    0xf0, 0x0, 0x0, 0x5f, 0xe0, 0x0, 0x1, 0x8b,
    0xbf, 0xf0, 0x0, 0x0, 0x5f, 0xe0, 0x0, 0x2e,
    0xff, 0xff, 0xf0, 0x0, 0x47, 0x9f, 0xe0, 0x0,
    0x9f, 0xff, 0xff, 0xf0, 0x1d, 0xff, 0xff, 0xe0,
    0x0, 0x9f, 0xff, 0xff, 0xe0, 0x9f, 0xff, 0xff,
    0xe0, 0x0, 0x3f, 0xff, 0xff, 0x70, 0xcf, 0xff,
    0xff, 0xd0, 0x0, 0x2, 0xad, 0xb5, 0x0, 0x7f,
    0xff, 0xff, 0x80, 0x0, 0x0, 0x0, 0x0, 0x0,
    0x7, 0xef, 0xf8, 0x0, 0x0, 0x0, 0x0, 0x0,
    0x0, 0x0, 0x1, 0x0, 0x0, 0x0, 0x0, 0x0,
    0x0, 0x0,

    /* U+F002 "" */
    0x0, 0x0, 0x49, 0xcd, 0xb7, 0x10, 0x0, 0x0,
    0x0, 0x0, 0x1a, 0xff, 0xff, 0xff, 0xe4, 0x0,
    0x0, 0x0, 0x1, 0xef, 0xfc, 0x87, 0xae, 0xff,
    0x70, 0x0, 0x0, 0xa, 0xfe, 0x50, 0x0, 0x1,
    0xbf, 0xf2, 0x0, 0x0, 0x5f, 0xf4, 0x0, 0x0,
    0x0, 0xc, 0xfc, 0x0, 0x0, 0xbf, 0xb0, 0x0,
    0x0, 0x0, 0x3, 0xff, 0x20, 0x0, 0xef, 0x70,
    0x0, 0x0, 0x0, 0x0, 0xff, 0x60, 0x0, 0xff,
    0x40, 0x0, 0x0, 0x0, 0x0, 0xdf, 0x70, 0x0,
    0xef, 0x70, 0x0, 0x0, 0x0, 0x0, 0xff, 0x50,
    0x0, 0xbf, 0xb0, 0x0, 0x0, 0x0, 0x3, 0xff,
    0x20, 0x0, 0x5f, 0xf4, 0x0, 0x0, 0x0, 0xc,
    0xfc, 0x0, 0x0, 0xb, 0xfe, 0x50, 0x0, 0x1,
    0xaf, 0xf4, 0x0, 0x0, 0x1, 0xef, 0xfc, 0x87,
    0xae, 0xff, 0xfa, 0x0, 0x0, 0x0, 0x1a, 0xff,
    0xff, 0xff, 0xea, 0xff, 0xb0, 0x0, 0x0, 0x0,
    0x4a, 0xcd, 0xa7, 0x0, 0x7f, 0xfb, 0x0, 0x0,
    0x0, 0x0, 0x0, 0x0, 0x0, 0x7, 0xff, 0xb0,
    0x0, 0x0, 0x0, 0x0, 0x0, 0x0, 0x0, 0x8f,
    0xf9, 0x0, 0x0, 0x0, 0x0, 0x0, 0x0, 0x0,
    0x8, 0xfb, 0x0, 0x0, 0x0, 0x0, 0x0, 0x0,
    0x0, 0x0, 0x20,

    /* U+F004 "" */
    0x0, 0x16, 0x98, 0x30, 0x0, 0x3, 0x89, 0x61,
    0x0, 0x4, 0xef, 0xff, 0xf8, 0x0, 0x8f, 0xff,
    0xfe, 0x40, 0x2f, 0xff, 0xff, 0xff, 0x99, 0xff,
    0xff, 0xff, 0xf2, 0xaf, 0xff, 0xff, 0xff, 0xff,
    0xff, 0xff, 0xff, 0xfa, 0xef, 0xff, 0xff, 0xff,
    0xff, 0xff, 0xff, 0xff, 0xfe, 0xff, 0xff, 0xff,
    0xff, 0xff, 0xff, 0xff, 0xff, 0xff, 0xcf, 0xff,
    0xff, 0xff, 0xff, 0xff, 0xff, 0xff, 0xfc, 0x7f,
    0xff, 0xff, 0xff, 0xff, 0xff, 0xff, 0xff, 0xf7,
    0x1e, 0xff, 0xff, 0xff, 0xff, 0xff, 0xff, 0xff,
    0xe1, 0x4, 0xff, 0xff, 0xff, 0xff, 0xff, 0xff,
    0xff, 0x40, 0x0, 0xaf, 0xff, 0xff, 0xff, 0xff,
    0xff, 0xfa, 0x0, 0x0, 0xc, 0xff, 0xff, 0xff,
    0xff, 0xff, 0xc0, 0x0, 0x0, 0x1, 0xdf, 0xff,
    0xff, 0xff, 0xfd, 0x10, 0x0, 0x0, 0x0, 0x1d,
    0xff, 0xff, 0xff, 0xd1, 0x0, 0x0, 0x0, 0x0,
    0x1, 0xcf, 0xff, 0xfc, 0x10, 0x0, 0x0, 0x0,
    0x0, 0x0, 0x9, 0xff, 0x90, 0x0, 0x0, 0x0,
    0x0, 0x0, 0x0, 0x0, 0x0, 0x0, 0x0, 0x0,
    0x0,

    /* U+F005 "" */
    0x0, 0x0, 0x0, 0x0, 0x6, 0xa0, 0x0, 0x0,
    0x0, 0x0, 0x0, 0x0, 0x0, 0x0, 0x1f, 0xf5,
    0x0, 0x0, 0x0, 0x0, 0x0, 0x0, 0x0, 0x0,
    0x9f, 0xfd, 0x0, 0x0, 0x0, 0x0, 0x0, 0x0,
    0x0, 0x2, 0xff, 0xff, 0x60, 0x0, 0x0, 0x0,
    0x0, 0x0, 0x0, 0xa, 0xff, 0xff, 0xd0, 0x0,
    0x0, 0x0, 0x0, 0x0, 0x2, 0x5f, 0xff, 0xff,
    0xf8, 0x20, 0x0, 0x0, 0x7, 0xad, 0xff, 0xff,
    0xff, 0xff, 0xff, 0xff, 0xdb, 0x82, 0x7f, 0xff,
    0xff, 0xff, 0xff, 0xff, 0xff, 0xff, 0xff, 0xfb,
    0xb, 0xff, 0xff, 0xff, 0xff, 0xff, 0xff, 0xff,
    0xff, 0xe2, 0x0, 0xbf, 0xff, 0xff, 0xff, 0xff,
    0xff, 0xff, 0xfe, 0x20, 0x0, 0xb, 0xff, 0xff,
    0xff, 0xff, 0xff, 0xff, 0xe2, 0x0, 0x0, 0x0,
    0xbf, 0xff, 0xff, 0xff, 0xff, 0xfe, 0x20, 0x0,
    0x0, 0x0, 0x5f, 0xff, 0xff, 0xff, 0xff, 0xf9,
    0x0, 0x0, 0x0, 0x0, 0x8f, 0xff, 0xff, 0xff,
    0xff, 0xfc, 0x0, 0x0, 0x0, 0x0, 0xaf, 0xff,
    0xff, 0xff, 0xff, 0xfe, 0x0, 0x0, 0x0, 0x0,
    0xdf, 0xff, 0xff, 0xff, 0xff, 0xff, 0x10, 0x0,
    0x0, 0x0, 0xff, 0xff, 0xc4, 0x2a, 0xff, 0xff,
    0x30, 0x0, 0x0, 0x1, 0xff, 0xc4, 0x0, 0x0,
    0x2a, 0xff, 0x50, 0x0, 0x0, 0x0, 0x64, 0x0,
    0x0, 0x0, 0x0, 0x27, 0x10, 0x0,

    /* U+F007 "" */
    0x0, 0x0, 0x0, 0x26, 0x51, 0x0, 0x0, 0x0,
    0x0, 0x0, 0xa, 0xff, 0xff, 0x70, 0x0, 0x0,
    0x0, 0x0, 0x9f, 0xff, 0xff, 0xf5, 0x0, 0x0,
    0x0, 0x1, 0xff, 0xff, 0xff, 0xfd, 0x0, 0x0,
    0x0, 0x4, 0xff, 0xff, 0xff, 0xff, 0x0, 0x0,
    0x0, 0x3, 0xff, 0xff, 0xff, 0xfe, 0x0, 0x0,
    0x0, 0x0, 0xef, 0xff, 0xff, 0xfa, 0x0, 0x0,
    0x0, 0x0, 0x4f, 0xff, 0xff, 0xe1, 0x0, 0x0,
    0x0, 0x0, 0x2, 0xae, 0xd9, 0x10, 0x0, 0x0,
    0x0, 0x0, 0x0, 0x0, 0x0, 0x0, 0x0, 0x0,
    0x0, 0x0, 0x0, 0x0, 0x0, 0x0, 0x0, 0x0,
    0x0, 0x1, 0x8c, 0xff, 0xff, 0xb7, 0x0, 0x0,
    0x0, 0x4e, 0xff, 0xff, 0xff, 0xff, 0xc2, 0x0,
    0x2, 0xff, 0xff, 0xff, 0xff, 0xff, 0xfd, 0x0,
    0xc, 0xff, 0xff, 0xff, 0xff, 0xff, 0xff, 0x70,
    0x1f, 0xff, 0xff, 0xff, 0xff, 0xff, 0xff, 0xd0,
    0x4f, 0xff, 0xff, 0xff, 0xff, 0xff, 0xff, 0xf0,
    0x4f, 0xff, 0xff, 0xff, 0xff, 0xff, 0xff, 0xf1,
    0x2, 0x33, 0x33, 0x33, 0x33, 0x33, 0x33, 0x10,

    /* U+F008 "" */
    0x3, 0x66, 0x66, 0x66, 0x66, 0x66, 0x66, 0x20,
    0x7f, 0xff, 0xff, 0xff, 0xff, 0xff, 0xff, 0xf4,
    0xef, 0xde, 0xff, 0xff, 0xff, 0xff, 0xde, 0xfa,
    0xfb, 0x1, 0xff, 0xff, 0xff, 0xfd, 0x0, 0xfc,
    0xfc, 0x24, 0xff, 0xff, 0xff, 0xfe, 0x22, 0xfc,
    0xff, 0xff, 0xff, 0xff, 0xff, 0xff, 0xff, 0xfc,
    0xff, 0xff, 0xff, 0xff, 0xff, 0xff, 0xff, 0xfc,
    0xfd, 0x24, 0xff, 0xff, 0xff, 0xfe, 0x23, 0xfc,
    0xfb, 0x1, 0xff, 0xff, 0xff, 0xfd, 0x0, 0xfc,
    0xfe, 0x68, 0xff, 0xff, 0xff, 0xff, 0x77, 0xfc,
    0xff, 0xff, 0xff, 0xff, 0xff, 0xff, 0xff, 0xfc,
    0xff, 0xde, 0xff, 0xff, 0xff, 0xff, 0xde, 0xfc,
    0xfb, 0x1, 0xff, 0xff, 0xff, 0xfd, 0x0, 0xfc,
    0xfc, 0x24, 0xff, 0xff, 0xff, 0xfe, 0x22, 0xfb,
    0xdf, 0xff, 0xff, 0xff, 0xff, 0xff, 0xff, 0xf9,
    0x4e, 0xff, 0xff, 0xff, 0xff, 0xff, 0xff, 0xd1,
    0x0, 0x12, 0x22, 0x22, 0x22, 0x22, 0x21, 0x0,

    /* U+F00C "" */
    0x0, 0x0, 0x0, 0x0, 0x0, 0x0, 0x0, 0x6,
    0x10, 0x0, 0x0, 0x0, 0x0, 0x0, 0x0, 0xa,
    0xfa, 0x0, 0x0, 0x0, 0x0, 0x0, 0x0, 0x6,
    0xff, 0x60, 0x0, 0x0, 0x0, 0x0, 0x0, 0x2,
    0xff, 0xa0, 0x0, 0x0, 0x0, 0x0, 0x0, 0x0,
    0xdf, 0xe1, 0x0, 0x0, 0x0, 0x0, 0x0, 0x0,
    0x9f, 0xf3, 0x0, 0x0, 0x0, 0x0, 0x0, 0x0,
    0x5f, 0xf7, 0x0, 0x0, 0x0, 0x0, 0x0, 0x0,
    0x1e, 0xfc, 0x0, 0x0, 0x5, 0x70, 0x0, 0x0,
    0xc, 0xfe, 0x10, 0x0, 0x0, 0xef, 0xb0, 0x0,
    0x7, 0xff, 0x40, 0x0, 0x0, 0x7, 0xff, 0xb0,
    0x3, 0xff, 0x90, 0x0, 0x0, 0x0, 0x8, 0xff,
    0xb1, 0xef, 0xd0, 0x0, 0x0, 0x0, 0x0, 0x8,
    0xff, 0xef, 0xf2, 0x0, 0x0, 0x0, 0x0, 0x0,
    0x8, 0xff, 0xf6, 0x0, 0x0, 0x0, 0x0, 0x0,
    0x0, 0x7, 0xf9, 0x0, 0x0, 0x0, 0x0, 0x0,
    0x0, 0x0, 0x0, 0x0, 0x0, 0x0, 0x0, 0x0,

    /* U+F00D "" */
    0x7, 0xa1, 0x0, 0x0, 0x0, 0x0, 0x5b, 0x20,
    0xdf, 0xd1, 0x0, 0x0, 0x0, 0x6f, 0xf6, 0x4,
    0xff, 0xd1, 0x0, 0x0, 0x5f, 0xfc, 0x0, 0x5,
    0xff, 0xd1, 0x0, 0x5f, 0xfc, 0x0, 0x0, 0x5,
    0xff, 0xc1, 0x5f, 0xfc, 0x10, 0x0, 0x0, 0x5,
    0xff, 0xdf, 0xfc, 0x10, 0x0, 0x0, 0x0, 0x5,
    0xff, 0xfd, 0x10, 0x0, 0x0, 0x0, 0x0, 0x4f,
    0xff, 0xc0, 0x0, 0x0, 0x0, 0x0, 0x4f, 0xfe,
    0xff, 0xc0, 0x0, 0x0, 0x0, 0x4f, 0xfd, 0x16,
    0xff, 0xc0, 0x0, 0x0, 0x4f, 0xfd, 0x10, 0x6,
    0xff, 0xb0, 0x0, 0x4f, 0xfd, 0x10, 0x0, 0x6,
    0xff, 0xb0, 0xd, 0xfd, 0x10, 0x0, 0x0, 0x6,
    0xff, 0x60, 0x8b, 0x10, 0x0, 0x0, 0x0, 0x6,
    0xc2,

    /* U+F011 "" */
    0x0, 0x0, 0x0, 0x0, 0xaa, 0x0, 0x0, 0x0,
    0x0, 0x0, 0x0, 0x0, 0x1, 0xff, 0x10, 0x0,
    0x0, 0x0, 0x0, 0x0, 0x30, 0x1, 0xff, 0x10,
    0x3, 0x0, 0x0, 0x0, 0x1c, 0xf7, 0x1, 0xff,
    0x10, 0x7f, 0xc1, 0x0, 0x0, 0xdf, 0xf4, 0x1,
    0xff, 0x10, 0x4f, 0xfd, 0x0, 0x9, 0xff, 0x40,
    0x1, 0xff, 0x10, 0x4, 0xff, 0x90, 0x2f, 0xf7,
    0x0, 0x1, 0xff, 0x10, 0x0, 0x7f, 0xf2, 0x8f,
    0xd0, 0x0, 0x1, 0xff, 0x10, 0x0, 0xe, 0xf8,
    0xcf, 0x80, 0x0, 0x1, 0xff, 0x10, 0x0, 0x8,
    0xfc, 0xef, 0x50, 0x0, 0x1, 0xff, 0x10, 0x0,
    0x5, 0xfe, 0xff, 0x40, 0x0, 0x0, 0xff, 0x0,
    0x0, 0x4, 0xff, 0xef, 0x60, 0x0, 0x0, 0x22,
    0x0, 0x0, 0x6, 0xfd, 0xaf, 0xa0, 0x0, 0x0,
    0x0, 0x0, 0x0, 0xa, 0xfa, 0x5f, 0xf3, 0x0,
    0x0, 0x0, 0x0, 0x0, 0x3f, 0xf5, 0xd, 0xfd,
    0x0, 0x0, 0x0, 0x0, 0x0, 0xdf, 0xd0, 0x4,
    0xff, 0xc2, 0x0, 0x0, 0x0, 0x2c, 0xff, 0x40,
    0x0, 0x6f, 0xff, 0x83, 0x0, 0x38, 0xff, 0xf6,
    0x0, 0x0, 0x5, 0xef, 0xff, 0xff, 0xff, 0xfe,
    0x50, 0x0, 0x0, 0x0, 0x18, 0xdf, 0xff, 0xfd,
    0x81, 0x0, 0x0, 0x0, 0x0, 0x0, 0x1, 0x33,
    0x10, 0x0, 0x0, 0x0,

    /* U+F013 "" */
    0x0, 0x0, 0x0, 0x0, 0x1, 0x10, 0x0, 0x0,
    0x0, 0x0, 0x0, 0x0, 0x0, 0x0, 0xdf, 0xfe,
    0x10, 0x0, 0x0, 0x0, 0x0, 0x0, 0x0, 0x4,
    0xff, 0xff, 0x50, 0x0, 0x0, 0x0, 0x0, 0x0,
    0x0, 0x7, 0xff, 0xff, 0x80, 0x0, 0x0, 0x0,
    0x0, 0x6b, 0x61, 0x4d, 0xff, 0xff, 0xd4, 0x16,
    0xa6, 0x0, 0x2, 0xff, 0xff, 0xff, 0xff, 0xff,
    0xff, 0xff, 0xff, 0x30, 0xb, 0xff, 0xff, 0xff,
    0xff, 0xff, 0xff, 0xff, 0xff, 0xb0, 0xc, 0xff,
    0xff, 0xff, 0xfc, 0xcf, 0xff, 0xff, 0xff, 0xc0,
    0x1, 0xcf, 0xff, 0xfe, 0x20, 0x2, 0xef, 0xff,
    0xfd, 0x10, 0x0, 0xd, 0xff, 0xf6, 0x0, 0x0,
    0x6f, 0xff, 0xd0, 0x0, 0x0, 0xb, 0xff, 0xf3,
    0x0, 0x0, 0x3f, 0xff, 0xb0, 0x0, 0x0, 0x3e,
    0xff, 0xf8, 0x0, 0x0, 0x8f, 0xff, 0xe3, 0x0,
    0x4, 0xff, 0xff, 0xff, 0x60, 0x6, 0xff, 0xff,
    0xff, 0x40, 0xd, 0xff, 0xff, 0xff, 0xff, 0xff,
    0xff, 0xff, 0xff, 0xd0, 0x8, 0xff, 0xff, 0xff,
    0xff, 0xff, 0xff, 0xff, 0xff, 0x90, 0x1, 0xef,
    0xfc, 0xef, 0xff, 0xff, 0xfe, 0xcf, 0xfe, 0x10,
    0x0, 0x26, 0x20, 0xb, 0xff, 0xff, 0xc0, 0x1,
    0x62, 0x0, 0x0, 0x0, 0x0, 0x6, 0xff, 0xff,
    0x70, 0x0, 0x0, 0x0, 0x0, 0x0, 0x0, 0x3,
    0xff, 0xff, 0x40, 0x0, 0x0, 0x0, 0x0, 0x0,
    0x0, 0x0, 0x9c, 0xc9, 0x0, 0x0, 0x0, 0x0,

    /* U+F015 "" */
    0x0, 0x0, 0x0, 0x0, 0x79, 0x0, 0x0, 0x0,
    0x0, 0x0, 0x0, 0x0, 0x0, 0xaf, 0xfc, 0x0,
    0x0, 0x0, 0x0, 0x0, 0x0, 0x0, 0xbf, 0xff,
    0xfc, 0x10, 0x0, 0x0, 0x0, 0x0, 0x0, 0xcf,
    0xff, 0xff, 0xfd, 0x10, 0x0, 0x0, 0x0, 0x1,
    0xcf, 0xff, 0xff, 0xff, 0xfe, 0x20, 0x0, 0x0,
    0x1, 0xdf, 0xff, 0xff, 0xff, 0xff, 0xfe, 0x20,
    0x0, 0x2, 0xdf, 0xff, 0xff, 0xff, 0xff, 0xff,
    0xfe, 0x30, 0x2, 0xef, 0xff, 0xff, 0xff, 0xff,
    0xff, 0xff, 0xff, 0x40, 0xbf, 0xff, 0xff, 0xff,
    0xff, 0xff, 0xff, 0xff, 0xfd, 0x6, 0xdf, 0xff,
    0xff, 0xff, 0xff, 0xff, 0xff, 0xfd, 0x70, 0x2,
    0xff, 0xff, 0xff, 0xff, 0xff, 0xff, 0xff, 0x40,
    0x0, 0x2f, 0xff, 0xff, 0xe8, 0x8d, 0xff, 0xff,
    0xf4, 0x0, 0x2, 0xff, 0xff, 0xf2, 0x0, 0x1f,
    0xff, 0xff, 0x40, 0x0, 0x2f, 0xff, 0xfe, 0x0,
    0x0, 0xcf, 0xff, 0xf4, 0x0, 0x2, 0xff, 0xff,
    0xe0, 0x0, 0xc, 0xff, 0xff, 0x40, 0x0, 0x2f,
    0xff, 0xfe, 0x0, 0x0, 0xcf, 0xff, 0xf4, 0x0,
    0x0, 0xff, 0xff, 0xfa, 0xaa, 0xae, 0xff, 0xff,
    0x10, 0x0, 0x5, 0xef, 0xff, 0xff, 0xff, 0xff,
    0xff, 0x60, 0x0, 0x0, 0x0, 0x0, 0x0, 0x0,
    0x0, 0x0, 0x0, 0x0, 0x0,

    /* U+F017 "" */
    0x0, 0x0, 0x2, 0x7b, 0xcc, 0xb7, 0x20, 0x0,
    0x0, 0x0, 0x1, 0x9f, 0xff, 0xff, 0xff, 0xf9,
    0x10, 0x0, 0x0, 0x2d, 0xff, 0xff, 0xff, 0xff,
    0xff, 0xd2, 0x0, 0x1, 0xdf, 0xff, 0xff, 0xcc,
    0xff, 0xff, 0xfd, 0x10, 0xa, 0xff, 0xff, 0xff,
    0x22, 0xff, 0xff, 0xff, 0xa0, 0x3f, 0xff, 0xff,
    0xff, 0x22, 0xff, 0xff, 0xff, 0xf3, 0x9f, 0xff,
    0xff, 0xff, 0x22, 0xff, 0xff, 0xff, 0xf8, 0xdf,
    0xff, 0xff, 0xff, 0x22, 0xff, 0xff, 0xff, 0xfd,
    0xff, 0xff, 0xff, 0xff, 0x21, 0xff, 0xff, 0xff,
    0xfe, 0xff, 0xff, 0xff, 0xff, 0x50, 0x2c, 0xff,
    0xff, 0xff, 0xdf, 0xff, 0xff, 0xff, 0xf8, 0x0,
    0x7f, 0xff, 0xfd, 0xaf, 0xff, 0xff, 0xff, 0xff,
    0xd3, 0xe, 0xff, 0xfa, 0x5f, 0xff, 0xff, 0xff,
    0xff, 0xff, 0xef, 0xff, 0xf5, 0xd, 0xff, 0xff,
    0xff, 0xff, 0xff, 0xff, 0xff, 0xc0, 0x3, 0xff,
    0xff, 0xff, 0xff, 0xff, 0xff, 0xff, 0x30, 0x0,
    0x5f, 0xff, 0xff, 0xff, 0xff, 0xff, 0xf5, 0x0,
    0x0, 0x3, 0xdf, 0xff, 0xff, 0xff, 0xfd, 0x30,
    0x0, 0x0, 0x0, 0x6, 0xbf, 0xff, 0xfb, 0x60,
    0x0, 0x0, 0x0, 0x0, 0x0, 0x0, 0x11, 0x0,
    0x0, 0x0, 0x0,

    /* U+F021 "" */
    0x0, 0x0, 0x1, 0x7b, 0xcc, 0xb7, 0x20, 0x0,
    0xb8, 0x0, 0x0, 0x7f, 0xff, 0xff, 0xff, 0xf9,
    0x3, 0xff, 0x0, 0x1d, 0xff, 0xea, 0x77, 0x9e,
    0xff, 0xd6, 0xff, 0x0, 0xcf, 0xf7, 0x0, 0x0,
    0x0, 0x8f, 0xff, 0xff, 0xa, 0xff, 0x30, 0x0,
    0x0, 0x0, 0x38, 0xff, 0xff, 0x3f, 0xf6, 0x0,
    0x0, 0x0, 0x9, 0xff, 0xff, 0xff, 0x9f, 0xe0,
    0x0, 0x0, 0x0, 0x6, 0xff, 0xff, 0xfa, 0xcf,
    0x80, 0x0, 0x0, 0x0, 0x0, 0x0, 0x0, 0x0,
    0xaf, 0x20, 0x0, 0x0, 0x0, 0x0, 0x0, 0x0,
    0x0, 0x0, 0x0, 0x0, 0x0, 0x0, 0x0, 0x0,
    0x0, 0x95, 0x0, 0x0, 0x0, 0x0, 0x0, 0x0,
    0x0, 0x6, 0xfd, 0x14, 0x44, 0x44, 0x0, 0x0,
    0x0, 0x0, 0xb, 0xfa, 0xdf, 0xff, 0xff, 0x90,
    0x0, 0x0, 0x0, 0x2f, 0xf5, 0xff, 0xff, 0xfe,
    0x60, 0x0, 0x0, 0x0, 0xdf, 0xd0, 0xff, 0xff,
    0xa1, 0x0, 0x0, 0x0, 0x2c, 0xff, 0x30, 0xff,
    0xcf, 0xfe, 0x74, 0x11, 0x48, 0xff, 0xf5, 0x0,
    0xff, 0x45, 0xff, 0xff, 0xff, 0xff, 0xfd, 0x40,
    0x0, 0xcf, 0x20, 0x18, 0xdf, 0xff, 0xfd, 0x70,
    0x0, 0x0, 0x1, 0x0, 0x0, 0x1, 0x33, 0x10,
    0x0, 0x0, 0x0,

    /* U+F023 "" */
    0x0, 0x0, 0x39, 0xcb, 0x70, 0x0, 0x0, 0x0,
    0x6, 0xff, 0xff, 0xfd, 0x10, 0x0, 0x0, 0x2f,
    0xfc, 0x79, 0xff, 0xa0, 0x0, 0x0, 0x8f, 0xd0,
    0x0, 0x5f, 0xf0, 0x0, 0x0, 0xbf, 0x80, 0x0,
    0xf, 0xf3, 0x0, 0x0, 0xcf, 0x80, 0x0, 0xf,
    0xf4, 0x0, 0x0, 0xcf, 0x92, 0x22, 0x2f, 0xf4,
    0x0, 0x4e, 0xff, 0xff, 0xff, 0xff, 0xff, 0xa0,
    0xdf, 0xff, 0xff, 0xff, 0xff, 0xff, 0xf5, 0xff,
    0xff, 0xff, 0xff, 0xff, 0xff, 0xf7, 0xff, 0xff,
    0xff, 0xff, 0xff, 0xff, 0xf8, 0xff, 0xff, 0xff,
    0xff, 0xff, 0xff, 0xf8, 0xff, 0xff, 0xff, 0xff,
    0xff, 0xff, 0xf8, 0xff, 0xff, 0xff, 0xff, 0xff,
    0xff, 0xf8, 0xff, 0xff, 0xff, 0xff, 0xff, 0xff,
    0xf8, 0xff, 0xff, 0xff, 0xff, 0xff, 0xff, 0xf8,
    0xff, 0xff, 0xff, 0xff, 0xff, 0xff, 0xf8, 0xef,
    0xff, 0xff, 0xff, 0xff, 0xff, 0xf6, 0x5f, 0xff,
    0xff, 0xff, 0xff, 0xff, 0xc0, 0x1, 0x34, 0x44,
    0x44, 0x44, 0x43, 0x0,

    /* U+F025 "" */
    0x0, 0x0, 0x16, 0xbd, 0xca, 0x60, 0x0, 0x0,
    0x0, 0x5, 0xef, 0xff, 0xff, 0xfe, 0x40, 0x0,
    0x0, 0x9f, 0xfe, 0xb7, 0x8b, 0xff, 0xf8, 0x0,
    0x6, 0xff, 0xa1, 0x0, 0x0, 0x1b, 0xff, 0x40,
    0x1f, 0xfa, 0x0, 0x0, 0x0, 0x0, 0xbf, 0xe1,
    0x8f, 0xe1, 0x0, 0x0, 0x0, 0x0, 0x1f, 0xf7,
    0xdf, 0x90, 0x0, 0x0, 0x0, 0x0, 0xa, 0xfb,
    0xff, 0x50, 0x0, 0x0, 0x0, 0x0, 0x7, 0xfd,
    0xff, 0x40, 0x0, 0x0, 0x0, 0x0, 0x5, 0xfe,
    0xff, 0xbb, 0x80, 0x0, 0x0, 0x18, 0xbb, 0xfe,
    0xff, 0xff, 0xf7, 0x0, 0x0, 0x9f, 0xff, 0xfe,
    0xff, 0xff, 0xf9, 0x0, 0x0, 0xbf, 0xff, 0xfe,
    0xff, 0xff, 0xf9, 0x0, 0x0, 0xbf, 0xff, 0xfe,
    0xff, 0xff, 0xf9, 0x0, 0x0, 0xbf, 0xff, 0xfe,
    0xdf, 0xff, 0xf9, 0x0, 0x0, 0xbf, 0xff, 0xfc,
    0x6f, 0xff, 0xf8, 0x0, 0x0, 0xaf, 0xff, 0xf5,
    0x7, 0xff, 0xe2, 0x0, 0x0, 0x4e, 0xfe, 0x60,
    0x0, 0x1, 0x0, 0x0, 0x0, 0x0, 0x10, 0x0,

    /* U+F02D "" */
    0x0, 0x58, 0x88, 0x88, 0x88, 0x88, 0x88, 0x50,
    0x1d, 0xff, 0xff, 0xff, 0xff, 0xff, 0xff, 0xf8,
    0xaf, 0xff, 0xff, 0xff, 0xff, 0xff, 0xff, 0xfc,
    0xef, 0xff, 0xff, 0xff, 0xff, 0xff, 0xff, 0xfc,
    0xff, 0xff, 0xff, 0xff, 0xff, 0xff, 0xff, 0xfc,
    0xff, 0xff, 0xa0, 0x0, 0x0, 0x0, 0xcf, 0xfc,
    0xff, 0xff, 0xfa, 0xaa, 0xaa, 0xaa, 0xff, 0xfc,
    0xff, 0xff, 0xff, 0xff, 0xff, 0xff, 0xff, 0xfc,
    0xff, 0xff, 0xb1, 0x0, 0x0, 0x1, 0xdf, 0xfc,
    0xff, 0xff, 0xb1, 0x0, 0x0, 0x1, 0xdf, 0xfc,
    0xff, 0xff, 0xff, 0xff, 0xff, 0xff, 0xff, 0xfc,
    0xff, 0xff, 0xff, 0xff, 0xff, 0xff, 0xff, 0xfc,
    0xff, 0xff, 0xff, 0xff, 0xff, 0xff, 0xff, 0xfa,
    0xff, 0xfe, 0xee, 0xee, 0xee, 0xee, 0xff, 0xe2,
    0xff, 0x70, 0x0, 0x0, 0x0, 0x0, 0x9f, 0xa0,
    0xef, 0x90, 0x0, 0x0, 0x0, 0x0, 0x9f, 0xa0,
    0x8f, 0xff, 0xff, 0xff, 0xff, 0xff, 0xff, 0xf6,
    0x9, 0xff, 0xff, 0xff, 0xff, 0xff, 0xff, 0xf9,
    0x0, 0x13, 0x44, 0x44, 0x44, 0x44, 0x44, 0x30,

    /* U+F041 "" */
    0x0, 0x0, 0x7b, 0xdc, 0x93, 0x0, 0x0, 0x0,
    0x4e, 0xff, 0xff, 0xff, 0x90, 0x0, 0x4, 0xff,
    0xff, 0xff, 0xff, 0xfc, 0x0, 0x1e, 0xff, 0xff,
    0xff, 0xff, 0xff, 0x70, 0x8f, 0xff, 0xff, 0xff,
    0xff, 0xff, 0xf1, 0xdf, 0xff, 0xff, 0xff, 0xff,
    0xff, 0xf5, 0xff, 0xff, 0xff, 0xff, 0xff, 0xff,
    0xf7, 0xef, 0xff, 0xff, 0xff, 0xff, 0xff, 0xf6,
    0xcf, 0xff, 0xff, 0xff, 0xff, 0xff, 0xf4, 0x7f,
    0xff, 0xff, 0xff, 0xff, 0xff, 0xf0, 0x1f, 0xff,
    0xff, 0xff, 0xff, 0xff, 0x90, 0x8, 0xff, 0xff,
    0xff, 0xff, 0xff, 0x10, 0x1, 0xff, 0xff, 0xff,
    0xff, 0xf8, 0x0, 0x0, 0x7f, 0xff, 0xff, 0xff,
    0xe1, 0x0, 0x0, 0xb, 0xff, 0xff, 0xff, 0x30,
    0x0, 0x0, 0x1, 0xef, 0xff, 0xf8, 0x0, 0x0,
    0x0, 0x0, 0x4f, 0xff, 0xb0, 0x0, 0x0, 0x0,
    0x0, 0x5, 0xfd, 0x0, 0x0, 0x0, 0x0, 0x0,
    0x0, 0x10, 0x0, 0x0, 0x0,

    /* U+F043 "" */
    0x0, 0x0, 0x0, 0x52, 0x0, 0x0, 0x0, 0x0,
    0x0, 0x8, 0xfe, 0x10, 0x0, 0x0, 0x0, 0x0,
    0x3f, 0xff, 0xb0, 0x0, 0x0, 0x0, 0x0, 0xdf,
    0xff, 0xf6, 0x0, 0x0, 0x0, 0x8, 0xff, 0xff,
    0xfe, 0x10, 0x0, 0x0, 0x2f, 0xff, 0xff, 0xff,
    0xa0, 0x0, 0x0, 0xbf, 0xff, 0xff, 0xff, 0xf3,
    0x0, 0x3, 0xff, 0xff, 0xff, 0xff, 0xfb, 0x0,
    0xb, 0xff, 0xff, 0xff, 0xff, 0xff, 0x30, 0x3f,
    0xff, 0xff, 0xff, 0xff, 0xff, 0xb0, 0x9f, 0xff,
    0xff, 0xff, 0xff, 0xff, 0xf1, 0xdf, 0x97, 0xff,
    0xff, 0xff, 0xff, 0xf5, 0xff, 0x50, 0xff, 0xff,
    0xff, 0xff, 0xf7, 0xef, 0x80, 0xaf, 0xff, 0xff,
    0xff, 0xf6, 0xaf, 0xe0, 0x1a, 0xff, 0xff, 0xff,
    0xf2, 0x3f, 0xfa, 0x0, 0x7, 0xff, 0xff, 0xb0,
    0x8, 0xff, 0xd5, 0x15, 0xff, 0xfe, 0x10, 0x0,
    0x9f, 0xff, 0xff, 0xff, 0xe3, 0x0, 0x0, 0x4,
    0xdf, 0xff, 0xf9, 0x0, 0x0, 0x0, 0x0, 0x1,
    0x32, 0x0, 0x0, 0x0,

    /* U+F04A "" */
    0x0, 0x0, 0x0, 0x6, 0x80, 0x0, 0x0, 0x2,
    0x83, 0x0, 0x0, 0x0, 0x9f, 0xf7, 0x0, 0x0,
    0x3e, 0xfe, 0x0, 0x0, 0xa, 0xff, 0xf9, 0x0,
    0x3, 0xff, 0xff, 0x0, 0x0, 0xaf, 0xff, 0xf9,
    0x0, 0x4f, 0xff, 0xff, 0x0, 0xb, 0xff, 0xff,
    0xf9, 0x5, 0xff, 0xff, 0xff, 0x0, 0xbf, 0xff,
    0xff, 0xf9, 0x5f, 0xff, 0xff, 0xff, 0xc, 0xff,
    0xff, 0xff, 0xfd, 0xff, 0xff, 0xff, 0xff, 0xaf,
    0xff, 0xff, 0xff, 0xff, 0xff, 0xff, 0xff, 0xff,
    0xdf, 0xff, 0xff, 0xff, 0xff, 0xff, 0xff, 0xff,
    0xff, 0x5f, 0xff, 0xff, 0xff, 0xff, 0xff, 0xff,
    0xff, 0xff, 0x5, 0xff, 0xff, 0xff, 0xfa, 0xcf,
    0xff, 0xff, 0xff, 0x0, 0x4f, 0xff, 0xff, 0xf9,
    0xc, 0xff, 0xff, 0xff, 0x0, 0x4, 0xff, 0xff,
    0xf9, 0x0, 0xbf, 0xff, 0xff, 0x0, 0x0, 0x3f,
    0xff, 0xf9, 0x0, 0xb, 0xff, 0xff, 0x0, 0x0,
    0x3, 0xef, 0xf8, 0x0, 0x0, 0xaf, 0xff, 0x0,
    0x0, 0x0, 0x2d, 0xf3, 0x0, 0x0, 0x9, 0xfa,
    0x0, 0x0, 0x0, 0x0, 0x0, 0x0, 0x0, 0x0,
    0x0,

    /* U+F04B "" */
    0x3a, 0x50, 0x0, 0x0, 0x0, 0x0, 0x0, 0xd,
    0xff, 0xc3, 0x0, 0x0, 0x0, 0x0, 0x0, 0xef,
    0xff, 0xfa, 0x20, 0x0, 0x0, 0x0, 0xe, 0xff,
    0xff, 0xff, 0x91, 0x0, 0x0, 0x0, 0xef, 0xff,
    0xff, 0xff, 0xf7, 0x0, 0x0, 0xe, 0xff, 0xff,
    0xff, 0xff, 0xfe, 0x60, 0x0, 0xef, 0xff, 0xff,
    0xff, 0xff, 0xff, 0xd4, 0xe, 0xff, 0xff, 0xff,
    0xff, 0xff, 0xff, 0xf6, 0xef, 0xff, 0xff, 0xff,
    0xff, 0xff, 0xff, 0x9e, 0xff, 0xff, 0xff, 0xff,
    0xff, 0xff, 0xa1, 0xef, 0xff, 0xff, 0xff, 0xff,
    0xfc, 0x30, 0xe, 0xff, 0xff, 0xff, 0xff, 0xd5,
    0x0, 0x0, 0xef, 0xff, 0xff, 0xfe, 0x60, 0x0,
    0x0, 0xe, 0xff, 0xff, 0xf8, 0x0, 0x0, 0x0,
    0x0, 0xef, 0xff, 0x91, 0x0, 0x0, 0x0, 0x0,
    0x8, 0xfb, 0x20, 0x0, 0x0, 0x0, 0x0, 0x0,
    0x0, 0x0, 0x0, 0x0, 0x0, 0x0, 0x0, 0x0,

    /* U+F04D "" */
    0x8, 0xbb, 0xbb, 0xbb, 0xbb, 0xbb, 0xba, 0x60,
    0xaf, 0xff, 0xff, 0xff, 0xff, 0xff, 0xff, 0xf6,
    0xff, 0xff, 0xff, 0xff, 0xff, 0xff, 0xff, 0xfb,
    0xff, 0xff, 0xff, 0xff, 0xff, 0xff, 0xff, 0xfc,
    0xff, 0xff, 0xff, 0xff, 0xff, 0xff, 0xff, 0xfc,
    0xff, 0xff, 0xff, 0xff, 0xff, 0xff, 0xff, 0xfc,
    0xff, 0xff, 0xff, 0xff, 0xff, 0xff, 0xff, 0xfc,
    0xff, 0xff, 0xff, 0xff, 0xff, 0xff, 0xff, 0xfc,
    0xff, 0xff, 0xff, 0xff, 0xff, 0xff, 0xff, 0xfc,
    0xff, 0xff, 0xff, 0xff, 0xff, 0xff, 0xff, 0xfc,
    0xff, 0xff, 0xff, 0xff, 0xff, 0xff, 0xff, 0xfc,
    0xff, 0xff, 0xff, 0xff, 0xff, 0xff, 0xff, 0xfc,
    0xff, 0xff, 0xff, 0xff, 0xff, 0xff, 0xff, 0xfc,
    0xff, 0xff, 0xff, 0xff, 0xff, 0xff, 0xff, 0xfb,
    0xdf, 0xff, 0xff, 0xff, 0xff, 0xff, 0xff, 0xf9,
    0x3d, 0xff, 0xff, 0xff, 0xff, 0xff, 0xff, 0xc1,
    0x0, 0x0, 0x0, 0x0, 0x0, 0x0, 0x0, 0x0,

    /* U+F053 "" */
    0x0, 0x0, 0x0, 0x0, 0x96, 0x0, 0x0, 0x0,
    0x0, 0xcf, 0xe0, 0x0, 0x0, 0x0, 0xcf, 0xf6,
    0x0, 0x0, 0x0, 0xcf, 0xf6, 0x0, 0x0, 0x0,
    0xcf, 0xf6, 0x0, 0x0, 0x0, 0xcf, 0xf6, 0x0,
    0x0, 0x0, 0xcf, 0xf6, 0x0, 0x0, 0x0, 0xbf,
    0xf5, 0x0, 0x0, 0x0, 0xd, 0xfe, 0x20, 0x0,
    0x0, 0x0, 0x3f, 0xfe, 0x20, 0x0, 0x0, 0x0,
    0x3f, 0xfe, 0x20, 0x0, 0x0, 0x0, 0x3f, 0xfe,
    0x20, 0x0, 0x0, 0x0, 0x3f, 0xfe, 0x20, 0x0,
    0x0, 0x0, 0x3f, 0xfe, 0x20, 0x0, 0x0, 0x0,
    0x3f, 0xfd, 0x0, 0x0, 0x0, 0x0, 0x3e, 0xa0,
    0x0, 0x0, 0x0, 0x0, 0x0, 0x0,

    /* U+F054 "" */
    0x39, 0x20, 0x0, 0x0, 0x0, 0xaf, 0xe2, 0x0,
    0x0, 0x0, 0x2e, 0xfe, 0x20, 0x0, 0x0, 0x3,
    0xef, 0xe2, 0x0, 0x0, 0x0, 0x3e, 0xfe, 0x20,
    0x0, 0x0, 0x3, 0xef, 0xe2, 0x0, 0x0, 0x0,
    0x3e, 0xfe, 0x20, 0x0, 0x0, 0x3, 0xef, 0xe0,
    0x0, 0x0, 0x0, 0xcf, 0xf2, 0x0, 0x0, 0xc,
    0xff, 0x60, 0x0, 0x0, 0xcf, 0xf6, 0x0, 0x0,
    0xc, 0xff, 0x60, 0x0, 0x0, 0xcf, 0xf6, 0x0,
    0x0, 0xc, 0xff, 0x60, 0x0, 0x0, 0x8f, 0xf6,
    0x0, 0x0, 0x0, 0x6e, 0x60, 0x0, 0x0, 0x0,
    0x0, 0x0, 0x0, 0x0, 0x0,

    /* U+F057 "" */
    0x0, 0x0, 0x0, 0x48, 0xaa, 0x84, 0x0, 0x0,
    0x0, 0x0, 0x0, 0x6e, 0xff, 0xff, 0xff, 0xe6,
    0x0, 0x0, 0x0, 0x1b, 0xff, 0xff, 0xff, 0xff,
    0xff, 0xb1, 0x0, 0x0, 0xcf, 0xff, 0xff, 0xff,
    0xff, 0xff, 0xfc, 0x0, 0x9, 0xff, 0xff, 0xff,
    0xff, 0xff, 0xff, 0xff, 0x90, 0x2f, 0xff, 0xff,
    0xff, 0xff, 0xff, 0xff, 0xff, 0xf2, 0x8f, 0xff,
    0xfc, 0x9, 0xff, 0x90, 0xcf, 0xff, 0xf8, 0xcf,
    0xff, 0xfe, 0x20, 0x89, 0x2, 0xef, 0xff, 0xfc,
    0xef, 0xff, 0xff, 0xe2, 0x0, 0x2e, 0xff, 0xff,
    0xfe, 0xff, 0xff, 0xff, 0xf7, 0x0, 0x7f, 0xff,
    0xff, 0xff, 0xdf, 0xff, 0xff, 0x70, 0x23, 0x7,
    0xff, 0xff, 0xfd, 0xaf, 0xff, 0xfc, 0x3, 0xee,
    0x30, 0xcf, 0xff, 0xfa, 0x5f, 0xff, 0xff, 0x9f,
    0xff, 0xf9, 0xff, 0xff, 0xf5, 0xd, 0xff, 0xff,
    0xff, 0xff, 0xff, 0xff, 0xff, 0xd0, 0x3, 0xff,
    0xff, 0xff, 0xff, 0xff, 0xff, 0xff, 0x30, 0x0,
    0x5f, 0xff, 0xff, 0xff, 0xff, 0xff, 0xf5, 0x0,
    0x0, 0x3, 0xdf, 0xff, 0xff, 0xff, 0xfd, 0x30,
    0x0, 0x0, 0x0, 0x6, 0xbf, 0xff, 0xfb, 0x60,
    0x0, 0x0, 0x0, 0x0, 0x0, 0x0, 0x11, 0x0,
    0x0, 0x0, 0x0,

    /* U+F05A "" */
    0x0, 0x0, 0x0, 0x37, 0x99, 0x73, 0x0, 0x0,
    0x0, 0x0, 0x0, 0x6e, 0xff, 0xff, 0xff, 0xe6,
    0x0, 0x0, 0x0, 0x1b, 0xff, 0xff, 0xff, 0xff,
    0xff, 0xb1, 0x0, 0x0, 0xcf, 0xff, 0xff, 0xff,
    0xff, 0xff, 0xfc, 0x0, 0x9, 0xff, 0xff, 0xff,
    0xff, 0xff, 0xff, 0xff, 0x90, 0x2f, 0xff, 0xff,
    0xff, 0x11, 0xff, 0xff, 0xff, 0xf2, 0x8f, 0xff,
    0xff, 0xff, 0x33, 0xff, 0xff, 0xff, 0xf8, 0xcf,
    0xff, 0xff, 0xff, 0xff, 0xff, 0xff, 0xff, 0xfc,
    0xef, 0xff, 0xff, 0xe3, 0x14, 0xff, 0xff, 0xff,
    0xfe, 0xff, 0xff, 0xff, 0xe4, 0x10, 0xdf, 0xff,
    0xff, 0xff, 0xdf, 0xff, 0xff, 0xff, 0x60, 0xdf,
    0xff, 0xff, 0xfd, 0xaf, 0xff, 0xff, 0xff, 0x60,
    0xdf, 0xff, 0xff, 0xfa, 0x5f, 0xff, 0xff, 0xe2,
    0x0, 0x1e, 0xff, 0xff, 0xf5, 0xc, 0xff, 0xff,
    0xf8, 0x77, 0x8f, 0xff, 0xff, 0xc0, 0x3, 0xff,
    0xff, 0xff, 0xff, 0xff, 0xff, 0xff, 0x30, 0x0,
    0x4f, 0xff, 0xff, 0xff, 0xff, 0xff, 0xf4, 0x0,
    0x0, 0x3, 0xcf, 0xff, 0xff, 0xff, 0xfc, 0x20,
    0x0, 0x0, 0x0, 0x5, 0xae, 0xff, 0xea, 0x50,
    0x0, 0x0, 0x0, 0x0, 0x0, 0x0, 0x0, 0x0,
    0x0, 0x0, 0x0,

    /* U+F065 "" */
    0x26, 0x66, 0x50, 0x0, 0x0, 0x5, 0x66, 0x61,
    0xef, 0xff, 0xf8, 0x0, 0x0, 0x9f, 0xff, 0xfd,
    0xff, 0xed, 0xc3, 0x0, 0x0, 0x4c, 0xde, 0xfe,
    0xff, 0x30, 0x0, 0x0, 0x0, 0x0, 0x5, 0xfe,
    0xff, 0x30, 0x0, 0x0, 0x0, 0x0, 0x5, 0xfe,
    0xdf, 0x10, 0x0, 0x0, 0x0, 0x0, 0x2, 0xfb,
    0x1, 0x0, 0x0, 0x0, 0x0, 0x0, 0x0, 0x10,
    0x0, 0x0, 0x0, 0x0, 0x0, 0x0, 0x0, 0x0,
    0x0, 0x0, 0x0, 0x0, 0x0, 0x0, 0x0, 0x0,
    0x0, 0x0, 0x0, 0x0, 0x0, 0x0, 0x0, 0x0,
    0x35, 0x0, 0x0, 0x0, 0x0, 0x0, 0x0, 0x52,
    0xef, 0x20, 0x0, 0x0, 0x0, 0x0, 0x3, 0xfd,
    0xff, 0x30, 0x0, 0x0, 0x0, 0x0, 0x5, 0xfe,
    0xff, 0x51, 0x10, 0x0, 0x0, 0x1, 0x16, 0xfe,
    0xff, 0xff, 0xf6, 0x0, 0x0, 0x7f, 0xff, 0xfe,
    0xcf, 0xff, 0xf6, 0x0, 0x0, 0x7f, 0xff, 0xfa,
    0x1, 0x11, 0x10, 0x0, 0x0, 0x1, 0x11, 0x10,

    /* U+F06A "" */
    0x0, 0x0, 0x0, 0x37, 0x99, 0x73, 0x0, 0x0,
    0x0, 0x0, 0x0, 0x6e, 0xff, 0xff, 0xff, 0xe6,
    0x0, 0x0, 0x0, 0x1b, 0xff, 0xff, 0xff, 0xff,
    0xff, 0xb0, 0x0, 0x0, 0xcf, 0xff, 0xff, 0xff,
    0xff, 0xff, 0xfc, 0x0, 0x9, 0xff, 0xff, 0xff,
    0xff, 0xff, 0xff, 0xff, 0x80, 0x2f, 0xff, 0xff,
    0xff, 0x22, 0xff, 0xff, 0xff, 0xf2, 0x8f, 0xff,
    0xff, 0xff, 0x0, 0xff, 0xff, 0xff, 0xf8, 0xcf,
    0xff, 0xff, 0xff, 0x0, 0xff, 0xff, 0xff, 0xfc,
    0xef, 0xff, 0xff, 0xff, 0x11, 0xff, 0xff, 0xff,
    0xfe, 0xff, 0xff, 0xff, 0xff, 0x33, 0xff, 0xff,
    0xff, 0xff, 0xef, 0xff, 0xff, 0xff, 0xff, 0xff,
    0xff, 0xff, 0xfd, 0xaf, 0xff, 0xff, 0xff, 0x88,
    0xff, 0xff, 0xff, 0xfa, 0x5f, 0xff, 0xff, 0xff,
    0x0, 0xff, 0xff, 0xff, 0xf5, 0xd, 0xff, 0xff,
    0xff, 0x99, 0xff, 0xff, 0xff, 0xd0, 0x3, 0xff,
    0xff, 0xff, 0xff, 0xff, 0xff, 0xff, 0x30, 0x0,
    0x5f, 0xff, 0xff, 0xff, 0xff, 0xff, 0xf5, 0x0,
    0x0, 0x4, 0xef, 0xff, 0xff, 0xff, 0xfd, 0x30,
    0x0, 0x0, 0x0, 0x6, 0xcf, 0xff, 0xfb, 0x60,
    0x0, 0x0, 0x0, 0x0, 0x0, 0x0, 0x11, 0x0,
    0x0, 0x0, 0x0,

    /* U+F06B "" */
    0x0, 0x2, 0x9b, 0x70, 0x0, 0x7, 0xb9, 0x20,
    0x0, 0x0, 0x2f, 0xff, 0xfc, 0x0, 0xcf, 0xff,
    0xf2, 0x0, 0x0, 0x9f, 0x60, 0x7f, 0x88, 0xf8,
    0x6, 0xf9, 0x0, 0x0, 0xaf, 0x0, 0xc, 0xff,
    0xd0, 0x0, 0xfa, 0x0, 0x3, 0x9f, 0xa4, 0x37,
    0xff, 0x73, 0x4a, 0xf9, 0x30, 0xdf, 0xff, 0xff,
    0xff, 0xff, 0xff, 0xff, 0xff, 0xfd, 0xff, 0xff,
    0xff, 0xff, 0xff, 0xff, 0xff, 0xff, 0xff, 0xcf,
    0xff, 0xff, 0xff, 0xff, 0xff, 0xff, 0xff, 0xfc,
    0x1, 0x11, 0x11, 0x11, 0x11, 0x11, 0x11, 0x11,
    0x10, 0x2, 0x22, 0x22, 0x22, 0x0, 0x22, 0x22,
    0x22, 0x20, 0xd, 0xff, 0xff, 0xff, 0x22, 0xff,
    0xff, 0xff, 0xd0, 0xd, 0xff, 0xff, 0xff, 0x22,
    0xff, 0xff, 0xff, 0xd0, 0xd, 0xff, 0xff, 0xff,
    0x22, 0xff, 0xff, 0xff, 0xd0, 0xd, 0xff, 0xff,
    0xff, 0x22, 0xff, 0xff, 0xff, 0xd0, 0xd, 0xff,
    0xff, 0xff, 0x22, 0xff, 0xff, 0xff, 0xd0, 0xb,
    0xff, 0xff, 0xff, 0x22, 0xff, 0xff, 0xff, 0xb0,
    0x3, 0xef, 0xff, 0xff, 0x22, 0xff, 0xff, 0xfe,
    0x20, 0x0, 0x1, 0x11, 0x11, 0x0, 0x11, 0x11,
    0x10, 0x0,

    /* U+F06C "" */
    0x0, 0x0, 0x0, 0x0, 0x0, 0x0, 0x0, 0x0,
    0x69, 0x0, 0x0, 0x0, 0x0, 0x0, 0x0, 0x0,
    0x8, 0xff, 0x0, 0x0, 0x0, 0x0, 0x0, 0x0,
    0x4, 0xcf, 0xff, 0x0, 0x0, 0x0, 0x0, 0x35,
    0x8a, 0xdf, 0xff, 0xff, 0x0, 0x0, 0x0, 0x7e,
    0xff, 0xff, 0xff, 0xff, 0xff, 0x0, 0x0, 0xb,
    0xff, 0xff, 0xff, 0xff, 0xff, 0xff, 0x0, 0x0,
    0x9f, 0xff, 0xff, 0xff, 0xff, 0xff, 0xff, 0x0,
    0x1, 0x94, 0x10, 0x0, 0x1e, 0xff, 0xff, 0xff,
    0x0, 0x0, 0x0, 0x24, 0x55, 0x6f, 0xff, 0xff,
    0xfe, 0x0, 0x1, 0x9f, 0xff, 0xff, 0xff, 0xff,
    0xff, 0xfc, 0x0, 0x4f, 0xff, 0xff, 0xff, 0xff,
    0xff, 0xff, 0xf7, 0x4, 0xff, 0xff, 0xff, 0xff,
    0xff, 0xff, 0xff, 0xe1, 0xe, 0xf4, 0xef, 0xff,
    0xff, 0xff, 0xff, 0xff, 0x60, 0x6f, 0x70, 0x5f,
    0xff, 0xff, 0xff, 0xff, 0xf8, 0x0, 0xcf, 0x0,
    0x6, 0xff, 0xff, 0xff, 0xfe, 0x60, 0x0, 0xec,
    0x0, 0x0, 0x29, 0xdf, 0xec, 0x71, 0x0, 0x0,
    0xd9, 0x0, 0x0, 0x0, 0x0, 0x0, 0x0, 0x0,
    0x0, 0x0, 0x0, 0x0, 0x0, 0x0, 0x0, 0x0,
    0x0, 0x0,

    /* U+F06D "" */
    0x0, 0x0, 0x7, 0xb1, 0x0, 0x0, 0x0, 0x0,
    0x0, 0x0, 0x8f, 0xfc, 0x0, 0x0, 0x0, 0x0,
    0x0, 0x6, 0xff, 0xff, 0x90, 0x37, 0x0, 0x0,
    0x0, 0x3f, 0xff, 0xff, 0xf7, 0xff, 0x90, 0x0,
    0x0, 0xcf, 0xff, 0xff, 0xff, 0xff, 0xf5, 0x0,
    0x6, 0xff, 0xff, 0xff, 0xff, 0xff, 0xfe, 0x0,
    0xd, 0xff, 0xff, 0xff, 0xff, 0xff, 0xff, 0x60,
    0x4f, 0xff, 0xff, 0xff, 0xff, 0xff, 0xff, 0xe0,
    0x9f, 0xff, 0xfa, 0x8f, 0xff, 0xff, 0xff, 0xf4,
    0xcf, 0xff, 0xc0, 0xa, 0xff, 0xff, 0xff, 0xf8,
    0xef, 0xff, 0x40, 0x0, 0xdf, 0x7b, 0xff, 0xfa,
    0xff, 0xff, 0x0, 0x0, 0x26, 0x4, 0xff, 0xfb,
    0xef, 0xff, 0x0, 0x0, 0x0, 0x3, 0xff, 0xfa,
    0xaf, 0xff, 0x40, 0x0, 0x0, 0x7, 0xff, 0xf6,
    0x4f, 0xff, 0xd0, 0x0, 0x0, 0x2e, 0xff, 0xf1,
    0xa, 0xff, 0xfd, 0x63, 0x37, 0xef, 0xff, 0x60,
    0x1, 0xef, 0xff, 0xff, 0xff, 0xff, 0xfb, 0x0,
    0x0, 0x2c, 0xff, 0xff, 0xff, 0xff, 0x90, 0x0,
    0x0, 0x0, 0x6d, 0xff, 0xff, 0xc4, 0x0, 0x0,
    0x0, 0x0, 0x0, 0x13, 0x31, 0x0, 0x0, 0x0,

    /* U+F06E "" */
    0x0, 0x0, 0x0, 0x0, 0x37, 0x9a, 0x85, 0x0,
    0x0, 0x0, 0x0, 0x0, 0x0, 0x0, 0x4d, 0xff,
    0xff, 0xff, 0xf7, 0x0, 0x0, 0x0, 0x0, 0x0,
    0x9, 0xff, 0xff, 0xff, 0xff, 0xff, 0xc2, 0x0,
    0x0, 0x0, 0x1, 0xdf, 0xff, 0xe7, 0x43, 0x6c,
    0xff, 0xff, 0x30, 0x0, 0x0, 0xc, 0xff, 0xfb,
    0x10, 0x1, 0x0, 0x8f, 0xff, 0xe1, 0x0, 0x0,
    0x9f, 0xff, 0xe1, 0x0, 0xf, 0xd2, 0xb, 0xff,
    0xfd, 0x0, 0x3, 0xff, 0xff, 0x60, 0x0, 0xf,
    0xfe, 0x2, 0xff, 0xff, 0x70, 0xb, 0xff, 0xff,
    0x30, 0x0, 0x8f, 0xff, 0x50, 0xff, 0xff, 0xf1,
    0xe, 0xff, 0xff, 0x23, 0xde, 0xff, 0xff, 0x60,
    0xef, 0xff, 0xf2, 0x7, 0xff, 0xff, 0x50, 0xef,
    0xff, 0xff, 0x31, 0xff, 0xff, 0xb0, 0x0, 0xef,
    0xff, 0xa0, 0x5f, 0xff, 0xf8, 0x6, 0xff, 0xff,
    0x20, 0x0, 0x3f, 0xff, 0xf5, 0x2, 0x88, 0x40,
    0x2f, 0xff, 0xf6, 0x0, 0x0, 0x5, 0xff, 0xff,
    0x80, 0x0, 0x5, 0xef, 0xff, 0x80, 0x0, 0x0,
    0x0, 0x5f, 0xff, 0xff, 0xcc, 0xff, 0xff, 0xf8,
    0x0, 0x0, 0x0, 0x0, 0x1, 0xbf, 0xff, 0xff,
    0xff, 0xfd, 0x30, 0x0, 0x0, 0x0, 0x0, 0x0,
    0x5, 0xbf, 0xff, 0xfc, 0x70, 0x0, 0x0, 0x0,
    0x0, 0x0, 0x0, 0x0, 0x0, 0x1, 0x0, 0x0,
    0x0, 0x0, 0x0,

    /* U+F071 "" */
    0x0, 0x0, 0x0, 0x0, 0x9, 0x90, 0x0, 0x0,
    0x0, 0x0, 0x0, 0x0, 0x0, 0x0, 0x8f, 0xf8,
    0x0, 0x0, 0x0, 0x0, 0x0, 0x0, 0x0, 0x1,
    0xff, 0xff, 0x10, 0x0, 0x0, 0x0, 0x0, 0x0,
    0x0, 0x9, 0xff, 0xff, 0x90, 0x0, 0x0, 0x0,
    0x0, 0x0, 0x0, 0x2f, 0xff, 0xff, 0xf2, 0x0,
    0x0, 0x0, 0x0, 0x0, 0x0, 0xaf, 0xff, 0xff,
    0xfa, 0x0, 0x0, 0x0, 0x0, 0x0, 0x3, 0xff,
    0xf2, 0x2f, 0xff, 0x30, 0x0, 0x0, 0x0, 0x0,
    0xc, 0xff, 0xe0, 0xe, 0xff, 0xc0, 0x0, 0x0,
    0x0, 0x0, 0x4f, 0xff, 0xf0, 0xf, 0xff, 0xf4,
    0x0, 0x0, 0x0, 0x0, 0xdf, 0xff, 0xf0, 0x1f,
    0xff, 0xfd, 0x0, 0x0, 0x0, 0x6, 0xff, 0xff,
    0xf2, 0x2f, 0xff, 0xff, 0x50, 0x0, 0x0, 0xe,
    0xff, 0xff, 0xf9, 0x9f, 0xff, 0xff, 0xe0, 0x0,
    0x0, 0x7f, 0xff, 0xff, 0xff, 0xff, 0xff, 0xff,
    0xf7, 0x0, 0x1, 0xef, 0xff, 0xff, 0xf1, 0x1f,
    0xff, 0xff, 0xfe, 0x10, 0x8, 0xff, 0xff, 0xff,
    0xf5, 0x5f, 0xff, 0xff, 0xff, 0x80, 0xe, 0xff,
    0xff, 0xff, 0xff, 0xff, 0xff, 0xff, 0xff, 0xe0,
    0xa, 0xff, 0xff, 0xff, 0xff, 0xff, 0xff, 0xff,
    0xff, 0xa0, 0x0, 0x12, 0x22, 0x22, 0x22, 0x22,
    0x22, 0x22, 0x21, 0x0,

    /* U+F072 "" */
    0x0, 0x0, 0x0, 0x31, 0x0, 0x0, 0x0, 0x0,
    0x0, 0x0, 0x0, 0x0, 0x0, 0xaf, 0xf8, 0x0,
    0x0, 0x0, 0x0, 0x0, 0x0, 0x0, 0x0, 0x6,
    0xff, 0xf6, 0x0, 0x0, 0x0, 0x0, 0x0, 0x0,
    0x0, 0x0, 0x1f, 0xff, 0xf5, 0x0, 0x0, 0x0,
    0x0, 0x0, 0x1, 0x0, 0x0, 0xbf, 0xff, 0xf4,
    0x0, 0x0, 0x0, 0x0, 0xc, 0xf3, 0x0, 0x6,
    0xff, 0xff, 0xf2, 0x0, 0x0, 0x0, 0x0, 0x9f,
    0xe1, 0x0, 0x1f, 0xff, 0xff, 0xe1, 0x0, 0x0,
    0x0, 0x5, 0xff, 0xd9, 0x99, 0xff, 0xff, 0xff,
    0xd9, 0x99, 0x98, 0x20, 0x1f, 0xff, 0xff, 0xff,
    0xff, 0xff, 0xff, 0xff, 0xff, 0xfe, 0x0, 0xff,
    0xff, 0xff, 0xff, 0xff, 0xff, 0xff, 0xff, 0xff,
    0xf3, 0x2f, 0xff, 0xff, 0xff, 0xff, 0xff, 0xff,
    0xff, 0xff, 0xfc, 0x6, 0xff, 0xa5, 0x55, 0xff,
    0xff, 0xff, 0xa5, 0x55, 0x54, 0x0, 0xaf, 0xc0,
    0x0, 0x3f, 0xff, 0xff, 0xb0, 0x0, 0x0, 0x0,
    0x9, 0xc1, 0x0, 0x8, 0xff, 0xff, 0xc0, 0x0,
    0x0, 0x0, 0x0, 0x0, 0x0, 0x0, 0xdf, 0xff,
    0xc0, 0x0, 0x0, 0x0, 0x0, 0x0, 0x0, 0x0,
    0x3f, 0xff, 0xd1, 0x0, 0x0, 0x0, 0x0, 0x0,
    0x0, 0x0, 0x8, 0xff, 0xe1, 0x0, 0x0, 0x0,
    0x0, 0x0, 0x0, 0x0, 0x0, 0x6b, 0x92, 0x0,
    0x0, 0x0, 0x0, 0x0, 0x0,

    /* U+F073 "" */
    0x0, 0x4, 0xa1, 0x0, 0x0, 0x5a, 0x10, 0x0,
    0x0, 0xb, 0xf7, 0x0, 0x0, 0xdf, 0x70, 0x0,
    0x5, 0x7e, 0xfb, 0x88, 0x88, 0xff, 0xb7, 0x40,
    0x9f, 0xff, 0xff, 0xff, 0xff, 0xff, 0xff, 0xf7,
    0xff, 0xff, 0xff, 0xff, 0xff, 0xff, 0xff, 0xfd,
    0xff, 0xff, 0xff, 0xff, 0xff, 0xff, 0xff, 0xfe,
    0xff, 0xff, 0xff, 0xff, 0xff, 0xff, 0xff, 0xfe,
    0xff, 0xff, 0xff, 0xff, 0xff, 0xff, 0xff, 0xfe,
    0xff, 0x72, 0xcf, 0xc2, 0x3f, 0xf7, 0x28, 0xfe,
    0xff, 0x40, 0xaf, 0xa0, 0xf, 0xf4, 0x5, 0xfe,
    0xff, 0xa6, 0xef, 0xe6, 0x8f, 0xfa, 0x6b, 0xfe,
    0xff, 0xff, 0xff, 0xff, 0xff, 0xff, 0xff, 0xfe,
    0xff, 0xed, 0xff, 0xfd, 0xef, 0xff, 0xdf, 0xfe,
    0xff, 0x40, 0xaf, 0xa0, 0xf, 0xf4, 0x5, 0xfe,
    0xff, 0x62, 0xcf, 0xc2, 0x3f, 0xf6, 0x28, 0xfe,
    0xdf, 0xff, 0xff, 0xff, 0xff, 0xff, 0xff, 0xfc,
    0x4e, 0xff, 0xff, 0xff, 0xff, 0xff, 0xff, 0xe3,
    0x0, 0x12, 0x22, 0x22, 0x22, 0x22, 0x21, 0x0,

    /* U+F075 "" */
    0x0, 0x0, 0x0, 0x15, 0x9b, 0xb9, 0x51, 0x0,
    0x0, 0x0, 0x0, 0x1, 0x9f, 0xff, 0xff, 0xff,
    0xf9, 0x10, 0x0, 0x0, 0x2, 0xdf, 0xff, 0xff,
    0xff, 0xff, 0xfd, 0x20, 0x0, 0x2, 0xef, 0xff,
    0xff, 0xff, 0xff, 0xff, 0xfe, 0x20, 0x0, 0xcf,
    0xff, 0xff, 0xff, 0xff, 0xff, 0xff, 0xfc, 0x0,
    0x4f, 0xff, 0xff, 0xff, 0xff, 0xff, 0xff, 0xff,
    0xf4, 0xa, 0xff, 0xff, 0xff, 0xff, 0xff, 0xff,
    0xff, 0xff, 0xa0, 0xef, 0xff, 0xff, 0xff, 0xff,
    0xff, 0xff, 0xff, 0xfd, 0xf, 0xff, 0xff, 0xff,
    0xff, 0xff, 0xff, 0xff, 0xff, 0xf0, 0xdf, 0xff,
    0xff, 0xff, 0xff, 0xff, 0xff, 0xff, 0xfe, 0xa,
    0xff, 0xff, 0xff, 0xff, 0xff, 0xff, 0xff, 0xff,
    0xc0, 0x6f, 0xff, 0xff, 0xff, 0xff, 0xff, 0xff,
    0xff, 0xf7, 0x0, 0xdf, 0xff, 0xff, 0xff, 0xff,
    0xff, 0xff, 0xfe, 0x10, 0x5, 0xff, 0xff, 0xff,
    0xff, 0xff, 0xff, 0xff, 0x50, 0x0, 0x8f, 0xff,
    0xff, 0xff, 0xff, 0xff, 0xff, 0x70, 0x0, 0x1f,
    0xff, 0xff, 0xff, 0xff, 0xff, 0xfe, 0x50, 0x0,
    0x9, 0xff, 0xfc, 0x7c, 0xff, 0xff, 0xc6, 0x0,
    0x0, 0x0, 0xef, 0xa3, 0x0, 0x0, 0x11, 0x0,
    0x0, 0x0, 0x0, 0x1, 0x10, 0x0, 0x0, 0x0,
    0x0, 0x0, 0x0, 0x0, 0x0,

    /* U+F077 "" */
    0x0, 0x0, 0x0, 0x0, 0x32, 0x0, 0x0, 0x0,
    0x0, 0x0, 0x0, 0x0, 0x7f, 0xf4, 0x0, 0x0,
    0x0, 0x0, 0x0, 0x0, 0x7f, 0xff, 0xf4, 0x0,
    0x0, 0x0, 0x0, 0x0, 0x7f, 0xfb, 0xdf, 0xf4,
    0x0, 0x0, 0x0, 0x0, 0x7f, 0xfb, 0x1, 0xdf,
    0xf4, 0x0, 0x0, 0x0, 0x7f, 0xfb, 0x0, 0x1,
    0xdf, 0xf4, 0x0, 0x0, 0x7f, 0xfb, 0x0, 0x0,
    0x1, 0xdf, 0xf4, 0x0, 0x7f, 0xfb, 0x0, 0x0,
    0x0, 0x1, 0xdf, 0xf4, 0xe, 0xfb, 0x0, 0x0,
    0x0, 0x0, 0x1, 0xdf, 0xa0, 0x57, 0x0, 0x0,
    0x0, 0x0, 0x0, 0x1, 0x83,

    /* U+F078 "" */
    0x0, 0x0, 0x0, 0x0, 0x0, 0x0, 0x0, 0x0,
    0x0, 0xcf, 0x40, 0x0, 0x0, 0x0, 0x0, 0x7,
    0xf8, 0xc, 0xff, 0x40, 0x0, 0x0, 0x0, 0x7,
    0xff, 0x80, 0x2e, 0xff, 0x40, 0x0, 0x0, 0x7,
    0xff, 0xb0, 0x0, 0x2e, 0xff, 0x40, 0x0, 0x7,
    0xff, 0xb0, 0x0, 0x0, 0x2e, 0xff, 0x40, 0x7,
    0xff, 0xb0, 0x0, 0x0, 0x0, 0x2e, 0xff, 0x37,
    0xff, 0xb0, 0x0, 0x0, 0x0, 0x0, 0x2e, 0xff,
    0xff, 0xb0, 0x0, 0x0, 0x0, 0x0, 0x0, 0x2e,
    0xff, 0xb0, 0x0, 0x0, 0x0, 0x0, 0x0, 0x0,
    0x2b, 0x90, 0x0, 0x0, 0x0,

    /* U+F083 "" */
    0x0, 0x28, 0x71, 0x0, 0x48, 0x88, 0x88, 0x88,
    0x50, 0x5, 0xcf, 0xfc, 0x8d, 0xff, 0xff, 0xff,
    0xff, 0xf9, 0x8f, 0xff, 0xff, 0xff, 0xff, 0xff,
    0xff, 0xff, 0xff, 0xff, 0xff, 0xff, 0xff, 0xff,
    0xff, 0xff, 0xff, 0xff, 0xff, 0xff, 0xff, 0xff,
    0xff, 0xff, 0xff, 0xff, 0xff, 0x0, 0x0, 0x2,
    0xdf, 0xff, 0xfd, 0x20, 0x0, 0x0, 0x77, 0x77,
    0x7e, 0xf6, 0x11, 0x6f, 0xe7, 0x77, 0x77, 0xff,
    0xff, 0xff, 0x30, 0x0, 0x3, 0xff, 0xff, 0xff,
    0xff, 0xff, 0xfb, 0x0, 0x0, 0x0, 0xbf, 0xff,
    0xff, 0xff, 0xff, 0xf9, 0x0, 0x0, 0x0, 0x9f,
    0xff, 0xff, 0xff, 0xff, 0xfd, 0x0, 0x0, 0x0,
    0xcf, 0xff, 0xff, 0xff, 0xff, 0xff, 0x60, 0x0,
    0x6, 0xff, 0xff, 0xff, 0xff, 0xff, 0xff, 0xfa,
    0x55, 0xaf, 0xff, 0xff, 0xff, 0xff, 0xff, 0xff,
    0xff, 0xff, 0xff, 0xff, 0xff, 0xff, 0xdf, 0xff,
    0xff, 0xff, 0xff, 0xff, 0xff, 0xff, 0xfd, 0x4e,
    0xff, 0xff, 0xff, 0xff, 0xff, 0xff, 0xff, 0xe4,
    0x0, 0x12, 0x22, 0x22, 0x22, 0x22, 0x22, 0x21,
    0x0,

    /* U+F084 "" */
    0x0, 0x0, 0x0, 0x0, 0x5, 0x9c, 0xc9, 0x20,
    0x0, 0x0, 0x0, 0x0, 0x1, 0xbf, 0xff, 0xff,
    0xf7, 0x0, 0x0, 0x0, 0x0, 0xd, 0xff, 0xff,
    0xff, 0xff, 0x80, 0x0, 0x0, 0x0, 0x9f, 0xff,
    0xff, 0xda, 0xff, 0xf2, 0x0, 0x0, 0x0, 0xff,
    0xff, 0xff, 0x10, 0x9f, 0xf9, 0x0, 0x0, 0x3,
    0xff, 0xff, 0xff, 0x0, 0x8f, 0xfc, 0x0, 0x0,
    0x5, 0xff, 0xff, 0xff, 0xb7, 0xff, 0xff, 0x0,
    0x0, 0x3, 0xff, 0xff, 0xff, 0xff, 0xff, 0xfc,
    0x0, 0x0, 0x4, 0xff, 0xff, 0xff, 0xff, 0xff,
    0xf9, 0x0, 0x0, 0x3f, 0xff, 0xff, 0xff, 0xff,
    0xff, 0xf2, 0x0, 0x3, 0xff, 0xff, 0xff, 0xff,
    0xff, 0xff, 0x70, 0x0, 0x3f, 0xff, 0xff, 0xff,
    0xff, 0xff, 0xf7, 0x0, 0x3, 0xff, 0xff, 0xff,
    0xfd, 0xac, 0xb7, 0x20, 0x0, 0x3e, 0xff, 0xff,
    0xff, 0xc1, 0x0, 0x0, 0x0, 0x0, 0xef, 0xff,
    0xff, 0xb0, 0x0, 0x0, 0x0, 0x0, 0x0, 0xff,
    0xff, 0xff, 0xa0, 0x0, 0x0, 0x0, 0x0, 0x0,
    0xff, 0xff, 0x93, 0x0, 0x0, 0x0, 0x0, 0x0,
    0x0, 0xff, 0xff, 0x70, 0x0, 0x0, 0x0, 0x0,
    0x0, 0x0, 0x47, 0x77, 0x10, 0x0, 0x0, 0x0,
    0x0, 0x0, 0x0,

    /* U+F090 "" */
    0x0, 0x0, 0x0, 0x0, 0x0, 0x1, 0x66, 0x63,
    0x0, 0x0, 0x0, 0x0, 0x0, 0x0, 0xa, 0xff,
    0xff, 0xc1, 0x0, 0x0, 0x0, 0x52, 0x0, 0x4,
    0xdd, 0xdf, 0xf9, 0x0, 0x0, 0x4, 0xff, 0x30,
    0x0, 0x0, 0x7, 0xfe, 0x0, 0x0, 0x1, 0xef,
    0xf3, 0x0, 0x0, 0x3, 0xff, 0x0, 0x0, 0x0,
    0x2e, 0xff, 0x30, 0x0, 0x3, 0xff, 0x0, 0x0,
    0x0, 0x2, 0xef, 0xf3, 0x0, 0x3, 0xff, 0x9f,
    0xff, 0xff, 0xff, 0xff, 0xff, 0x10, 0x3, 0xff,
    0xdf, 0xff, 0xff, 0xff, 0xff, 0xff, 0x30, 0x3,
    0xff, 0x14, 0x44, 0x44, 0x44, 0xdf, 0xf8, 0x0,
    0x3, 0xff, 0x0, 0x0, 0x0, 0xa, 0xff, 0x80,
    0x0, 0x3, 0xff, 0x0, 0x0, 0x0, 0xaf, 0xf8,
    0x0, 0x0, 0x3, 0xff, 0x0, 0x0, 0x4, 0xff,
    0x80, 0x0, 0x0, 0x4, 0xff, 0x0, 0x0, 0x1,
    0xa7, 0x0, 0x0, 0x11, 0x2a, 0xfd, 0x0, 0x0,
    0x0, 0x0, 0x0, 0x8, 0xff, 0xff, 0xf7, 0x0,
    0x0, 0x0, 0x0, 0x0, 0x8, 0xff, 0xff, 0x70,
    0x0, 0x0, 0x0, 0x0, 0x0, 0x0, 0x11, 0x10,
    0x0,

    /* U+F095 "" */
    0x0, 0x1, 0x8a, 0x20, 0x0, 0x0, 0x0, 0x0,
    0x0, 0x0, 0x0, 0x4f, 0xff, 0xc0, 0x0, 0x0,
    0x0, 0x0, 0x0, 0x0, 0x3, 0xff, 0xff, 0xf3,
    0x0, 0x0, 0x0, 0x0, 0x0, 0x0, 0xa, 0xff,
    0xff, 0xf9, 0x0, 0x0, 0x0, 0x0, 0x0, 0x0,
    0xe, 0xff, 0xff, 0xff, 0x0, 0x0, 0x0, 0x0,
    0x0, 0x0, 0xe, 0xff, 0xff, 0xff, 0x10, 0x0,
    0x0, 0x0, 0x0, 0x0, 0xb, 0xff, 0xff, 0xf4,
    0x0, 0x0, 0x0, 0x0, 0x0, 0x0, 0x6, 0xff,
    0xff, 0x40, 0x0, 0x0, 0x0, 0x0, 0x0, 0x0,
    0x1, 0xff, 0xff, 0xa0, 0x0, 0x0, 0x0, 0x0,
    0x0, 0x0, 0x0, 0x9f, 0xff, 0xf4, 0x0, 0x0,
    0x0, 0x0, 0x0, 0x0, 0x0, 0x1f, 0xff, 0xff,
    0x20, 0x0, 0x0, 0x0, 0x0, 0x0, 0x0, 0x7,
    0xff, 0xff, 0xe3, 0x0, 0xa, 0xd7, 0x10, 0x0,
    0x0, 0x0, 0xbf, 0xff, 0xff, 0x70, 0xaf, 0xff,
    0xfa, 0x20, 0x0, 0x0, 0xc, 0xff, 0xff, 0xfe,
    0xff, 0xff, 0xff, 0xd0, 0x0, 0x0, 0x0, 0xbf,
    0xff, 0xff, 0xff, 0xff, 0xff, 0xd0, 0x0, 0x0,
    0x0, 0x8, 0xff, 0xff, 0xff, 0xff, 0xff, 0x60,
    0x0, 0x0, 0x0, 0x0, 0x3b, 0xff, 0xff, 0xff,
    0xfb, 0x0, 0x0, 0x0, 0x0, 0x0, 0x0, 0x39,
    0xef, 0xff, 0x90, 0x0, 0x0, 0x0, 0x0, 0x0,
    0x0, 0x0, 0x1, 0x20, 0x0, 0x0,

    /* U+F09D "" */
    0x3, 0x66, 0x66, 0x66, 0x66, 0x66, 0x66, 0x66,
    0x30, 0x7f, 0xff, 0xff, 0xff, 0xff, 0xff, 0xff,
    0xff, 0xf7, 0xef, 0xff, 0xff, 0xff, 0xff, 0xff,
    0xff, 0xff, 0xfe, 0xff, 0xff, 0xff, 0xff, 0xff,
    0xff, 0xff, 0xff, 0xff, 0x0, 0x0, 0x0, 0x0,
    0x0, 0x0, 0x0, 0x0, 0x0, 0x77, 0x77, 0x77,
    0x77, 0x77, 0x77, 0x77, 0x77, 0x77, 0xff, 0xff,
    0xff, 0xff, 0xff, 0xff, 0xff, 0xff, 0xff, 0xff,
    0xff, 0xff, 0xff, 0xff, 0xff, 0xff, 0xff, 0xff,
    0xff, 0xff, 0xff, 0xff, 0xff, 0xff, 0xff, 0xff,
    0xff, 0xff, 0xff, 0xff, 0xff, 0xff, 0xff, 0xff,
    0xff, 0xff, 0xff, 0x70, 0x9, 0xf8, 0x0, 0x1e,
    0xff, 0xff, 0xff, 0xff, 0xa4, 0x4b, 0xfb, 0x43,
    0x5f, 0xff, 0xff, 0xff, 0xdf, 0xff, 0xff, 0xff,
    0xff, 0xff, 0xff, 0xff, 0xfc, 0x3d, 0xff, 0xff,
    0xff, 0xff, 0xff, 0xff, 0xff, 0xd3,

    /* U+F0AC "" */
    0x0, 0x0, 0x1, 0x0, 0xac, 0x0, 0x20, 0x0,
    0x0, 0x0, 0x0, 0x19, 0x90, 0x7f, 0xfa, 0x7,
    0xb2, 0x0, 0x0, 0x0, 0x1d, 0xf2, 0xf, 0xff,
    0xf2, 0xf, 0xe3, 0x0, 0x0, 0x1d, 0xfd, 0x5,
    0xff, 0xff, 0x80, 0xaf, 0xf2, 0x0, 0x9, 0xff,
    0x90, 0xaf, 0xff, 0xfd, 0x7, 0xff, 0xb0, 0x2,
    0xff, 0xf6, 0xe, 0xff, 0xff, 0xf1, 0x4f, 0xff,
    0x40, 0x7f, 0xff, 0x40, 0xff, 0xff, 0xff, 0x32,
    0xff, 0xf9, 0xb, 0xff, 0xf2, 0x2f, 0xff, 0xff,
    0xf5, 0xf, 0xff, 0xd0, 0x23, 0x33, 0x0, 0x33,
    0x33, 0x33, 0x10, 0x23, 0x33, 0x0, 0x0, 0x0,
    0x0, 0x0, 0x0, 0x0, 0x0, 0x0, 0x0, 0xbf,
    0xff, 0x13, 0xff, 0xff, 0xff, 0x50, 0xef, 0xfd,
    0x8, 0xff, 0xf3, 0x1f, 0xff, 0xff, 0xf3, 0x1f,
    0xff, 0xa0, 0x3f, 0xff, 0x60, 0xff, 0xff, 0xff,
    0x14, 0xff, 0xf6, 0x0, 0xbf, 0xf8, 0xc, 0xff,
    0xff, 0xe0, 0x6f, 0xfd, 0x0, 0x2, 0xff, 0xb0,
    0x6f, 0xff, 0xf9, 0x9, 0xff, 0x40, 0x0, 0x4,
    0xff, 0x11, 0xff, 0xff, 0x40, 0xef, 0x60, 0x0,
    0x0, 0x3, 0xd7, 0x9, 0xff, 0xc0, 0x5e, 0x50,
    0x0, 0x0, 0x0, 0x0, 0x40, 0x1d, 0xe2, 0x4,
    0x0, 0x0, 0x0, 0x0, 0x0, 0x0, 0x0, 0x1,
    0x0, 0x0, 0x0, 0x0, 0x0,

    /* U+F0B1 "" */
    0x0, 0x0, 0x2, 0x9b, 0xbb, 0xb9, 0x20, 0x0,
    0x0, 0x0, 0x0, 0xc, 0xff, 0xff, 0xff, 0xc0,
    0x0, 0x0, 0x0, 0x0, 0xe, 0xc0, 0x0, 0xc,
    0xe0, 0x0, 0x0, 0x6, 0x99, 0x9f, 0xe9, 0x99,
    0x9e, 0xf9, 0x99, 0x60, 0x9f, 0xff, 0xff, 0xff,
    0xff, 0xff, 0xff, 0xff, 0xf9, 0xff, 0xff, 0xff,
    0xff, 0xff, 0xff, 0xff, 0xff, 0xff, 0xff, 0xff,
    0xff, 0xff, 0xff, 0xff, 0xff, 0xff, 0xff, 0xff,
    0xff, 0xff, 0xff, 0xff, 0xff, 0xff, 0xff, 0xff,
    0xff, 0xff, 0xff, 0xff, 0xff, 0xff, 0xff, 0xff,
    0xff, 0x0, 0x0, 0x0, 0x0, 0x0, 0x0, 0x0,
    0x0, 0x0, 0x22, 0x22, 0x22, 0x10, 0x0, 0x1,
    0x22, 0x22, 0x22, 0xff, 0xff, 0xff, 0xd0, 0x0,
    0xd, 0xff, 0xff, 0xff, 0xff, 0xff, 0xff, 0xf9,
    0x77, 0x9f, 0xff, 0xff, 0xff, 0xff, 0xff, 0xff,
    0xff, 0xff, 0xff, 0xff, 0xff, 0xff, 0xff, 0xff,
    0xff, 0xff, 0xff, 0xff, 0xff, 0xff, 0xff, 0xdf,
    0xff, 0xff, 0xff, 0xff, 0xff, 0xff, 0xff, 0xfd,
    0x3d, 0xff, 0xff, 0xff, 0xff, 0xff, 0xff, 0xff,
    0xd3, 0x0, 0x0, 0x0, 0x0, 0x0, 0x0, 0x0,
    0x0, 0x0,

    /* U+F0C0 "" */
    0x0, 0x0, 0x0, 0x0, 0x0, 0x35, 0x10, 0x0,
    0x0, 0x0, 0x0, 0x0, 0x0, 0x0, 0x0, 0x2,
    0xdf, 0xff, 0x80, 0x0, 0x0, 0x0, 0x0, 0x0,
    0x0, 0x0, 0x0, 0xdf, 0xff, 0xff, 0x50, 0x0,
    0x0, 0x0, 0x0, 0x1a, 0xc8, 0x0, 0x4f, 0xff,
    0xff, 0xfb, 0x0, 0x3b, 0xc7, 0x0, 0xc, 0xff,
    0xf8, 0x5, 0xff, 0xff, 0xff, 0xd0, 0x1f, 0xff,
    0xf7, 0x1, 0xff, 0xff, 0xd0, 0x2f, 0xff, 0xff,
    0xfa, 0x5, 0xff, 0xff, 0xc0, 0xf, 0xff, 0xfb,
    0x0, 0x8f, 0xff, 0xfe, 0x10, 0x3f, 0xff, 0xfa,
    0x0, 0x5f, 0xfd, 0x20, 0x0, 0x6c, 0xda, 0x10,
    0x0, 0x8f, 0xfd, 0x10, 0x0, 0x2, 0x0, 0x0,
    0x0, 0x0, 0x0, 0x0, 0x0, 0x12, 0x0, 0x0,
    0x0, 0x0, 0x0, 0x0, 0x2, 0x30, 0x0, 0x0,
    0x0, 0x0, 0x0, 0x0, 0x38, 0xa6, 0x0, 0x7e,
    0xff, 0xfc, 0x20, 0x1a, 0x96, 0x0, 0x0, 0x7f,
    0xff, 0x20, 0xbf, 0xff, 0xff, 0xff, 0x40, 0x9f,
    0xfe, 0x30, 0x4f, 0xff, 0x90, 0x7f, 0xff, 0xff,
    0xff, 0xfe, 0x10, 0xef, 0xfe, 0x1b, 0xff, 0xf4,
    0xf, 0xff, 0xff, 0xff, 0xff, 0xf7, 0x8, 0xff,
    0xf6, 0xff, 0xff, 0x13, 0xff, 0xff, 0xff, 0xff,
    0xff, 0xb0, 0x5f, 0xff, 0xaf, 0xff, 0xf0, 0x5f,
    0xff, 0xff, 0xff, 0xff, 0xfd, 0x3, 0xff, 0xfb,
    0xbf, 0xff, 0x12, 0xef, 0xff, 0xff, 0xff, 0xff,
    0x90, 0x6f, 0xff, 0x60, 0x0, 0x0, 0x0, 0x0,
    0x0, 0x0, 0x0, 0x0, 0x0, 0x0, 0x0,

    /* U+F0C2 "" */
    0x0, 0x0, 0x0, 0x48, 0xa8, 0x30, 0x0, 0x0,
    0x0, 0x0, 0x0, 0x0, 0x0, 0xaf, 0xff, 0xff,
    0x90, 0x0, 0x0, 0x0, 0x0, 0x0, 0x0, 0x9f,
    0xff, 0xff, 0xff, 0x92, 0x64, 0x0, 0x0, 0x0,
    0x0, 0x3f, 0xff, 0xff, 0xff, 0xff, 0xff, 0xfc,
    0x10, 0x0, 0x0, 0x7, 0xff, 0xff, 0xff, 0xff,
    0xff, 0xff, 0xf9, 0x0, 0x0, 0x0, 0x9f, 0xff,
    0xff, 0xff, 0xff, 0xff, 0xff, 0xe0, 0x0, 0x0,
    0x4d, 0xff, 0xff, 0xff, 0xff, 0xff, 0xff, 0xfd,
    0x0, 0x0, 0x8f, 0xff, 0xff, 0xff, 0xff, 0xff,
    0xff, 0xff, 0xd1, 0x0, 0x4f, 0xff, 0xff, 0xff,
    0xff, 0xff, 0xff, 0xff, 0xff, 0xe1, 0xb, 0xff,
    0xff, 0xff, 0xff, 0xff, 0xff, 0xff, 0xff, 0xff,
    0xb0, 0xef, 0xff, 0xff, 0xff, 0xff, 0xff, 0xff,
    0xff, 0xff, 0xff, 0x1e, 0xff, 0xff, 0xff, 0xff,
    0xff, 0xff, 0xff, 0xff, 0xff, 0xf3, 0xbf, 0xff,
    0xff, 0xff, 0xff, 0xff, 0xff, 0xff, 0xff, 0xff,
    0x13, 0xff, 0xff, 0xff, 0xff, 0xff, 0xff, 0xff,
    0xff, 0xff, 0xb0, 0x7, 0xff, 0xff, 0xff, 0xff,
    0xff, 0xff, 0xff, 0xff, 0xe2, 0x0, 0x4, 0xbe,
    0xff, 0xff, 0xff, 0xff, 0xff, 0xfe, 0xa1, 0x0,
    0x0, 0x0, 0x0, 0x0, 0x0, 0x0, 0x0, 0x0,
    0x0, 0x0, 0x0,

    /* U+F0C6 "" */
    0x0, 0x0, 0x0, 0x0, 0x0, 0x0, 0x0, 0x0,
    0x0, 0x0, 0x0, 0x0, 0x0, 0x0, 0x4, 0x9b,
    0x94, 0x0, 0x0, 0x0, 0x0, 0x0, 0x0, 0x1b,
    0xff, 0xff, 0xfa, 0x0, 0x0, 0x0, 0x0, 0x0,
    0x1d, 0xff, 0xb8, 0xbf, 0xf9, 0x0, 0x0, 0x0,
    0x0, 0x1d, 0xff, 0x50, 0x0, 0x6f, 0xf2, 0x0,
    0x0, 0x0, 0x1d, 0xff, 0x40, 0x34, 0x0, 0xdf,
    0x50, 0x0, 0x0, 0x1d, 0xff, 0x40, 0x5f, 0xf1,
    0xc, 0xf7, 0x0, 0x0, 0x1d, 0xff, 0x40, 0x5f,
    0xfc, 0x1, 0xff, 0x40, 0x0, 0xd, 0xff, 0x40,
    0x5f, 0xfc, 0x10, 0xbf, 0xe0, 0x0, 0xa, 0xff,
    0x40, 0x5f, 0xfc, 0x10, 0xbf, 0xf4, 0x0, 0x4,
    0xff, 0x60, 0x5f, 0xfc, 0x10, 0xbf, 0xf6, 0x0,
    0x0, 0xaf, 0xc0, 0x3f, 0xfc, 0x0, 0xbf, 0xf6,
    0x0, 0x0, 0xd, 0xf8, 0xc, 0xfc, 0x0, 0xbf,
    0xf6, 0x3, 0xeb, 0x0, 0xef, 0x60, 0xff, 0x50,
    0xbf, 0xf6, 0x3, 0xff, 0xc0, 0xd, 0xf8, 0xc,
    0xfe, 0xdf, 0xf6, 0x4, 0xff, 0xe2, 0x0, 0x9f,
    0xd0, 0x2e, 0xff, 0xf6, 0x4, 0xff, 0xe2, 0x0,
    0x3, 0xff, 0x80, 0x16, 0x72, 0x4, 0xff, 0xe2,
    0x0, 0x0, 0x9, 0xff, 0xa1, 0x0, 0x8, 0xff,
    0xd1, 0x0, 0x0, 0x0, 0xb, 0xff, 0xfe, 0xdf,
    0xff, 0xd1, 0x0, 0x0, 0x0, 0x0, 0x7, 0xef,
    0xff, 0xff, 0x90, 0x0, 0x0, 0x0, 0x0, 0x0,
    0x0, 0x46, 0x75, 0x0, 0x0, 0x0, 0x0, 0x0,
    0x0, 0x0, 0x0, 0x0, 0x0, 0x0, 0x0, 0x0,
    0x0,

    /* U+F0C8 "" */
    0x8, 0xbb, 0xbb, 0xbb, 0xbb, 0xbb, 0xba, 0x60,
    0xaf, 0xff, 0xff, 0xff, 0xff, 0xff, 0xff, 0xf6,
    0xff, 0xff, 0xff, 0xff, 0xff, 0xff, 0xff, 0xfb,
    0xff, 0xff, 0xff, 0xff, 0xff, 0xff, 0xff, 0xfc,
    0xff, 0xff, 0xff, 0xff, 0xff, 0xff, 0xff, 0xfc,
    0xff, 0xff, 0xff, 0xff, 0xff, 0xff, 0xff, 0xfc,
    0xff, 0xff, 0xff, 0xff, 0xff, 0xff, 0xff, 0xfc,
    0xff, 0xff, 0xff, 0xff, 0xff, 0xff, 0xff, 0xfc,
    0xff, 0xff, 0xff, 0xff, 0xff, 0xff, 0xff, 0xfc,
    0xff, 0xff, 0xff, 0xff, 0xff, 0xff, 0xff, 0xfc,
    0xff, 0xff, 0xff, 0xff, 0xff, 0xff, 0xff, 0xfc,
    0xff, 0xff, 0xff, 0xff, 0xff, 0xff, 0xff, 0xfc,
    0xff, 0xff, 0xff, 0xff, 0xff, 0xff, 0xff, 0xfc,
    0xff, 0xff, 0xff, 0xff, 0xff, 0xff, 0xff, 0xfb,
    0xdf, 0xff, 0xff, 0xff, 0xff, 0xff, 0xff, 0xf9,
    0x3d, 0xff, 0xff, 0xff, 0xff, 0xff, 0xff, 0xc1,
    0x0, 0x0, 0x0, 0x0, 0x0, 0x0, 0x0, 0x0,

    /* U+F0D1 "" */
    0x3, 0x66, 0x66, 0x66, 0x66, 0x66, 0x61, 0x0,
    0x0, 0x0, 0x7, 0xff, 0xff, 0xff, 0xff, 0xff,
    0xff, 0xf2, 0x0, 0x0, 0x0, 0xef, 0xff, 0xff,
    0xff, 0xff, 0xff, 0xff, 0x80, 0x0, 0x0, 0xf,
    0xff, 0xff, 0xff, 0xff, 0xff, 0xff, 0xfa, 0x0,
    0x0, 0x0, 0xff, 0xff, 0xff, 0xff, 0xff, 0xff,
    0xff, 0xff, 0xfb, 0x10, 0xf, 0xff, 0xff, 0xff,
    0xff, 0xff, 0xff, 0xff, 0xff, 0xfc, 0x10, 0xff,
    0xff, 0xff, 0xff, 0xff, 0xff, 0xff, 0xb3, 0x5f,
    0xfc, 0xf, 0xff, 0xff, 0xff, 0xff, 0xff, 0xff,
    0xfa, 0x0, 0x4f, 0xf2, 0xff, 0xff, 0xff, 0xff,
    0xff, 0xff, 0xff, 0xa0, 0x0, 0xff, 0x4f, 0xff,
    0xff, 0xff, 0xff, 0xff, 0xff, 0xfc, 0x66, 0x6f,
    0xf4, 0xff, 0xff, 0xff, 0xff, 0xff, 0xff, 0xff,
    0xff, 0xff, 0xff, 0x4f, 0xff, 0xff, 0xff, 0xff,
    0xff, 0xff, 0xff, 0xff, 0xff, 0xf4, 0xff, 0xff,
    0xff, 0xff, 0xff, 0xff, 0xff, 0xff, 0xff, 0xff,
    0x3e, 0xff, 0xf5, 0xa, 0xff, 0xff, 0xff, 0xd1,
    0x2f, 0xff, 0xf2, 0x5f, 0xff, 0x10, 0x6f, 0xff,
    0xff, 0xfa, 0x0, 0xdf, 0xf8, 0x0, 0x8, 0xfd,
    0xaf, 0xf4, 0x33, 0x3d, 0xfb, 0xcf, 0xb1, 0x0,
    0x0, 0x8, 0xff, 0xe5, 0x0, 0x0, 0x2c, 0xff,
    0xb1, 0x0, 0x0, 0x0, 0x0, 0x10, 0x0, 0x0,
    0x0, 0x1, 0x0, 0x0, 0x0,

    /* U+F0E7 "" */
    0x0, 0x0, 0x0, 0x0, 0x0, 0x1, 0x30, 0x0,
    0x0, 0x0, 0x0, 0x0, 0x0, 0x3, 0xef, 0x30,
    0x0, 0x0, 0x0, 0x0, 0x0, 0x5, 0xff, 0xf3,
    0x0, 0x0, 0x0, 0x0, 0x0, 0x8, 0xff, 0xfc,
    0x0, 0x0, 0x0, 0x0, 0x0, 0xa, 0xff, 0xff,
    0x60, 0x0, 0x0, 0x0, 0x0, 0x1c, 0xff, 0xff,
    0xf0, 0x0, 0x0, 0x0, 0x0, 0x3e, 0xff, 0xff,
    0xf9, 0x0, 0x0, 0x0, 0x0, 0x5f, 0xff, 0xff,
    0xff, 0x20, 0x0, 0x0, 0x0, 0x8f, 0xff, 0xff,
    0xff, 0xc0, 0x0, 0x0, 0x0, 0xaf, 0xff, 0xff,
    0xff, 0xff, 0xee, 0xee, 0xd5, 0xe, 0xff, 0xff,
    0xff, 0xff, 0xff, 0xff, 0xff, 0xa0, 0x25, 0x66,
    0x66, 0xff, 0xff, 0xff, 0xff, 0xc1, 0x0, 0x0,
    0x0, 0x3f, 0xff, 0xff, 0xff, 0xa0, 0x0, 0x0,
    0x0, 0xa, 0xff, 0xff, 0xff, 0x80, 0x0, 0x0,
    0x0, 0x1, 0xff, 0xff, 0xff, 0x50, 0x0, 0x0,
    0x0, 0x0, 0x7f, 0xff, 0xfe, 0x30, 0x0, 0x0,
    0x0, 0x0, 0xd, 0xff, 0xfc, 0x10, 0x0, 0x0,
    0x0, 0x0, 0x3, 0xff, 0xfa, 0x0, 0x0, 0x0,
    0x0, 0x0, 0x0, 0x8f, 0xf8, 0x0, 0x0, 0x0,
    0x0, 0x0, 0x0, 0x3, 0xb5, 0x0, 0x0, 0x0,
    0x0, 0x0,

    /* U+F0E9 "" */
    0x0, 0x0, 0x0, 0x0, 0xaa, 0x0, 0x0, 0x0,
    0x0, 0x0, 0x0, 0x0, 0x5a, 0xff, 0xa5, 0x0,
    0x0, 0x0, 0x0, 0x0, 0x7f, 0xff, 0xff, 0xff,
    0xf7, 0x0, 0x0, 0x0, 0xa, 0xff, 0xff, 0xff,
    0xff, 0xff, 0xa0, 0x0, 0x0, 0xcf, 0xff, 0xff,
    0xff, 0xff, 0xff, 0xfd, 0x0, 0x7, 0xff, 0xff,
    0xff, 0xff, 0xff, 0xff, 0xff, 0x70, 0x2f, 0xff,
    0xff, 0xff, 0xff, 0xff, 0xff, 0xff, 0xf1, 0x8f,
    0xff, 0xff, 0xff, 0xff, 0xff, 0xff, 0xff, 0xf8,
    0xcf, 0xff, 0xff, 0xff, 0xff, 0xff, 0xff, 0xff,
    0xfc, 0xef, 0xec, 0xff, 0xff, 0xff, 0xff, 0xff,
    0xce, 0xfe, 0xf8, 0x0, 0xb, 0xf7, 0x11, 0x7f,
    0xb0, 0x0, 0x8f, 0x0, 0x0, 0x0, 0x20, 0x22,
    0x3, 0x0, 0x0, 0x0, 0x0, 0x0, 0x0, 0x0,
    0xff, 0x0, 0x0, 0x0, 0x0, 0x0, 0x0, 0x0,
    0x2, 0xff, 0x20, 0x0, 0x0, 0x0, 0x0, 0x0,
    0x0, 0x2, 0xff, 0x20, 0x0, 0x0, 0x0, 0x0,
    0x0, 0x0, 0x2, 0xff, 0x20, 0x0, 0x0, 0x0,
    0x0, 0x0, 0x4f, 0x94, 0xff, 0x10, 0x0, 0x0,
    0x0, 0x0, 0x0, 0x4f, 0xff, 0xfd, 0x0, 0x0,
    0x0, 0x0, 0x0, 0x0, 0x8, 0xff, 0xe3, 0x0,
    0x0, 0x0, 0x0, 0x0, 0x0, 0x0, 0x3, 0x0,
    0x0, 0x0, 0x0, 0x0,

    /* U+F0EB "" */
    0x0, 0x0, 0x6b, 0xdc, 0x93, 0x0, 0x0, 0x0,
    0x3d, 0xff, 0xff, 0xff, 0x80, 0x0, 0x3, 0xff,
    0xe9, 0x7f, 0xff, 0xfb, 0x0, 0xd, 0xfb, 0x10,
    0xc, 0xff, 0xff, 0x60, 0x7f, 0xe1, 0x5, 0xaf,
    0xff, 0xff, 0xf0, 0xcf, 0x80, 0x9f, 0xff, 0xff,
    0xff, 0xf4, 0xff, 0x50, 0xff, 0xff, 0xff, 0xff,
    0xf7, 0xef, 0xa7, 0xff, 0xff, 0xff, 0xff, 0xf6,
    0xbf, 0xff, 0xff, 0xff, 0xff, 0xff, 0xf3, 0x8f,
    0xff, 0xff, 0xff, 0xff, 0xff, 0xf0, 0x1e, 0xff,
    0xff, 0xff, 0xff, 0xff, 0x70, 0x5, 0xff, 0xff,
    0xff, 0xff, 0xfc, 0x0, 0x0, 0x9f, 0xff, 0xff,
    0xff, 0xf2, 0x0, 0x0, 0x1e, 0xff, 0xff, 0xff,
    0x80, 0x0, 0x0, 0x0, 0x0, 0x0, 0x0, 0x0,
    0x0, 0x0, 0x4, 0x66, 0x66, 0x66, 0x0, 0x0,
    0x0, 0x8, 0xff, 0xff, 0xff, 0x0, 0x0, 0x0,
    0x3, 0xff, 0xff, 0xfb, 0x0, 0x0, 0x0, 0x0,
    0x5d, 0xfe, 0xa1, 0x0, 0x0,

    /* U+F0EC "" */
    0x0, 0x0, 0x0, 0x0, 0x0, 0x0, 0x2, 0x93,
    0x0, 0x0, 0x0, 0x0, 0x0, 0x0, 0x0, 0x0,
    0x8, 0xff, 0x30, 0x0, 0x0, 0x0, 0x0, 0x0,
    0x0, 0x0, 0x2, 0xef, 0xf3, 0x0, 0x1, 0x44,
    0x44, 0x44, 0x44, 0x44, 0x44, 0x7f, 0xff, 0x30,
    0xd, 0xff, 0xff, 0xff, 0xff, 0xff, 0xff, 0xff,
    0xff, 0xd0, 0x9, 0xff, 0xff, 0xff, 0xff, 0xff,
    0xff, 0xff, 0xff, 0xb0, 0x0, 0x0, 0x0, 0x0,
    0x0, 0x0, 0x0, 0x6f, 0xfc, 0x0, 0x0, 0x0,
    0x0, 0x0, 0x0, 0x0, 0x4, 0xff, 0xc0, 0x0,
    0x0, 0x0, 0x0, 0x0, 0x0, 0x0, 0x7, 0xfc,
    0x0, 0x0, 0x0, 0x0, 0x39, 0x20, 0x0, 0x0,
    0x0, 0x30, 0x0, 0x0, 0x0, 0x3, 0xff, 0x80,
    0x0, 0x0, 0x0, 0x0, 0x0, 0x0, 0x0, 0x3f,
    0xfe, 0x20, 0x0, 0x0, 0x0, 0x0, 0x0, 0x0,
    0x3, 0xff, 0xf7, 0x44, 0x44, 0x44, 0x44, 0x44,
    0x44, 0x10, 0xd, 0xff, 0xff, 0xff, 0xff, 0xff,
    0xff, 0xff, 0xff, 0xd0, 0xb, 0xff, 0xff, 0xff,
    0xff, 0xff, 0xff, 0xff, 0xff, 0x90, 0x0, 0xcf,
    0xf6, 0x0, 0x0, 0x0, 0x0, 0x0, 0x0, 0x0,
    0x0, 0xc, 0xff, 0x40, 0x0, 0x0, 0x0, 0x0,
    0x0, 0x0, 0x0, 0x0, 0xcf, 0x70, 0x0, 0x0,
    0x0, 0x0, 0x0, 0x0, 0x0, 0x0, 0x3, 0x0,
    0x0, 0x0, 0x0, 0x0, 0x0, 0x0,

    /* U+F0EE "" */
    0x0, 0x0, 0x0, 0x3, 0x53, 0x0, 0x0, 0x0,
    0x0, 0x0, 0x0, 0x0, 0x0, 0x5e, 0xff, 0xfe,
    0x50, 0x0, 0x0, 0x0, 0x0, 0x0, 0x0, 0x6f,
    0xff, 0xff, 0xff, 0x50, 0x10, 0x0, 0x0, 0x0,
    0x0, 0x1f, 0xff, 0xff, 0xff, 0xff, 0xdf, 0xf8,
    0x0, 0x0, 0x0, 0x6, 0xff, 0xff, 0xff, 0xff,
    0xff, 0xff, 0xf7, 0x0, 0x0, 0x0, 0x9f, 0xff,
    0xff, 0xff, 0xff, 0xff, 0xff, 0xd0, 0x0, 0x0,
    0x1c, 0xff, 0xff, 0xf4, 0x1d, 0xff, 0xff, 0xfe,
    0x0, 0x0, 0x4f, 0xff, 0xff, 0xe3, 0x0, 0x1c,
    0xff, 0xff, 0xc0, 0x0, 0x2f, 0xff, 0xff, 0xf2,
    0x0, 0x0, 0xd, 0xff, 0xff, 0xc0, 0xa, 0xff,
    0xff, 0xfe, 0x29, 0x40, 0xc2, 0xbf, 0xff, 0xff,
    0xa0, 0xef, 0xff, 0xff, 0xff, 0xf4, 0xf, 0xff,
    0xff, 0xff, 0xff, 0x1e, 0xff, 0xff, 0xff, 0xff,
    0x40, 0xff, 0xff, 0xff, 0xff, 0xf3, 0xbf, 0xff,
    0xff, 0xff, 0xf7, 0x3f, 0xff, 0xff, 0xff, 0xff,
    0x15, 0xff, 0xff, 0xff, 0xff, 0xff, 0xff, 0xff,
    0xff, 0xff, 0xc0, 0x9, 0xff, 0xff, 0xff, 0xff,
    0xff, 0xff, 0xff, 0xff, 0xf2, 0x0, 0x5, 0xdf,
    0xff, 0xff, 0xff, 0xff, 0xff, 0xff, 0xb2, 0x0,
    0x0, 0x0, 0x1, 0x22, 0x22, 0x22, 0x22, 0x21,
    0x0, 0x0, 0x0,

    /* U+F0F1 "" */
    0x5e, 0xfe, 0x40, 0xb, 0xff, 0xa0, 0x0, 0x0,
    0x0, 0x0, 0xdf, 0xff, 0x60, 0xf, 0xff, 0xf3,
    0x0, 0x0, 0x0, 0x0, 0xef, 0x83, 0x0, 0x1,
    0x4f, 0xf5, 0x0, 0x0, 0x0, 0x0, 0xef, 0x50,
    0x0, 0x0, 0xe, 0xf5, 0x0, 0x14, 0x30, 0x0,
    0xef, 0x50, 0x0, 0x0, 0xe, 0xf5, 0x5, 0xff,
    0xfd, 0x20, 0xef, 0x50, 0x0, 0x0, 0xe, 0xf5,
    0x1f, 0xff, 0xff, 0xc0, 0xef, 0x50, 0x0, 0x0,
    0xe, 0xf5, 0x6f, 0xe1, 0x4f, 0xf1, 0xdf, 0x70,
    0x0, 0x0, 0xf, 0xf3, 0x6f, 0xe1, 0x4f, 0xf1,
    0xaf, 0xc0, 0x0, 0x0, 0x5f, 0xf0, 0x1f, 0xff,
    0xff, 0xc0, 0x3f, 0xf8, 0x0, 0x3, 0xef, 0xa0,
    0x3, 0xef, 0xfc, 0x10, 0x9, 0xff, 0xea, 0xcf,
    0xfe, 0x10, 0x0, 0x4f, 0xf0, 0x0, 0x0, 0x8f,
    0xff, 0xff, 0xc1, 0x0, 0x0, 0x3f, 0xf0, 0x0,
    0x0, 0x1, 0xaf, 0xe3, 0x0, 0x0, 0x0, 0x3f,
    0xf0, 0x0, 0x0, 0x0, 0x5f, 0xe0, 0x0, 0x0,
    0x0, 0x4f, 0xe0, 0x0, 0x0, 0x0, 0x2f, 0xf1,
    0x0, 0x0, 0x0, 0x8f, 0xa0, 0x0, 0x0, 0x0,
    0xe, 0xfa, 0x0, 0x0, 0x2, 0xff, 0x70, 0x0,
    0x0, 0x0, 0x5, 0xff, 0xa2, 0x0, 0x5e, 0xfd,
    0x0, 0x0, 0x0, 0x0, 0x0, 0x9f, 0xff, 0xff,
    0xff, 0xe3, 0x0, 0x0, 0x0, 0x0, 0x0, 0x4,
    0xef, 0xff, 0xfa, 0x10, 0x0, 0x0, 0x0, 0x0,
    0x0, 0x0, 0x1, 0x43, 0x0, 0x0, 0x0, 0x0,

    /* U+F0F3 "" */
    0x0, 0x0, 0x0, 0x8, 0x50, 0x0, 0x0, 0x0,
    0x0, 0x0, 0x0, 0x6f, 0xf3, 0x0, 0x0, 0x0,
    0x0, 0x0, 0x5e, 0xff, 0xff, 0xd2, 0x0, 0x0,
    0x0, 0x6, 0xff, 0xff, 0xff, 0xff, 0x30, 0x0,
    0x0, 0x1f, 0xff, 0xff, 0xff, 0xff, 0xc0, 0x0,
    0x0, 0x7f, 0xff, 0xff, 0xff, 0xff, 0xf3, 0x0,
    0x0, 0xaf, 0xff, 0xff, 0xff, 0xff, 0xf6, 0x0,
    0x0, 0xcf, 0xff, 0xff, 0xff, 0xff, 0xf8, 0x0,
    0x0, 0xdf, 0xff, 0xff, 0xff, 0xff, 0xf9, 0x0,
    0x0, 0xff, 0xff, 0xff, 0xff, 0xff, 0xfc, 0x0,
    0x4, 0xff, 0xff, 0xff, 0xff, 0xff, 0xff, 0x10,
    0xc, 0xff, 0xff, 0xff, 0xff, 0xff, 0xff, 0x90,
    0x6f, 0xff, 0xff, 0xff, 0xff, 0xff, 0xff, 0xf2,
    0xef, 0xff, 0xff, 0xff, 0xff, 0xff, 0xff, 0xfa,
    0x8f, 0xff, 0xff, 0xff, 0xff, 0xff, 0xff, 0xe5,
    0x0, 0x0, 0x0, 0x0, 0x0, 0x0, 0x0, 0x0,
    0x0, 0x0, 0x1, 0xaa, 0xa8, 0x0, 0x0, 0x0,
    0x0, 0x0, 0x0, 0x7e, 0xd4, 0x0, 0x0, 0x0,
    0x0, 0x0, 0x0, 0x0, 0x0, 0x0, 0x0, 0x0,

    /* U+F0F4 "" */
    0x1, 0x66, 0x66, 0x66, 0x66, 0x66, 0x66, 0x64,
    0x0, 0x0, 0xa, 0xff, 0xff, 0xff, 0xff, 0xff,
    0xff, 0xff, 0xf6, 0x0, 0xc, 0xff, 0xff, 0xff,
    0xff, 0xff, 0xff, 0xff, 0xff, 0x50, 0xc, 0xff,
    0xff, 0xff, 0xff, 0xff, 0xff, 0xc0, 0xbf, 0xe0,
    0xc, 0xff, 0xff, 0xff, 0xff, 0xff, 0xff, 0xc0,
    0x1f, 0xf2, 0xc, 0xff, 0xff, 0xff, 0xff, 0xff,
    0xff, 0xc0, 0x1f, 0xf2, 0xc, 0xff, 0xff, 0xff,
    0xff, 0xff, 0xff, 0xc1, 0xbf, 0xe0, 0xc, 0xff,
    0xff, 0xff, 0xff, 0xff, 0xff, 0xff, 0xff, 0x50,
    0xc, 0xff, 0xff, 0xff, 0xff, 0xff, 0xff, 0xff,
    0xe6, 0x0, 0xb, 0xff, 0xff, 0xff, 0xff, 0xff,
    0xff, 0xc3, 0x0, 0x0, 0x9, 0xff, 0xff, 0xff,
    0xff, 0xff, 0xff, 0x80, 0x0, 0x0, 0x2, 0xff,
    0xff, 0xff, 0xff, 0xff, 0xfe, 0x10, 0x0, 0x0,
    0x0, 0x2b, 0xef, 0xff, 0xff, 0xfe, 0xb2, 0x0,
    0x0, 0x0, 0x0, 0x0, 0x0, 0x0, 0x0, 0x0,
    0x0, 0x0, 0x0, 0x0, 0x0, 0x0, 0x0, 0x0,
    0x0, 0x0, 0x0, 0x0, 0x0, 0x0, 0x8f, 0xff,
    0xff, 0xff, 0xff, 0xff, 0xff, 0xf8, 0x0, 0x0,
    0xbf, 0xff, 0xff, 0xff, 0xff, 0xff, 0xff, 0xfb,
    0x0, 0x0, 0x3, 0x44, 0x44, 0x44, 0x44, 0x44,
    0x44, 0x30, 0x0, 0x0,

    /* U+F11B "" */
    0x0, 0x0, 0x48, 0xab, 0xbb, 0xbb, 0xbb, 0xbb,
    0xa7, 0x20, 0x0, 0x0, 0x1, 0xbf, 0xff, 0xff,
    0xff, 0xff, 0xff, 0xff, 0xff, 0x80, 0x0, 0x2,
    0xff, 0xff, 0xff, 0xff, 0xff, 0xff, 0xff, 0xff,
    0xff, 0xc0, 0x0, 0xcf, 0xff, 0xff, 0xff, 0xff,
    0xff, 0xff, 0xff, 0xff, 0xff, 0x80, 0x6f, 0xff,
    0xff, 0x6b, 0xff, 0xff, 0xff, 0xff, 0xe5, 0xbf,
    0xff, 0x2c, 0xff, 0xff, 0xe0, 0x6f, 0xff, 0xff,
    0xff, 0xf9, 0x5, 0xff, 0xf7, 0xff, 0xff, 0x52,
    0x1, 0x3a, 0xff, 0xff, 0xff, 0xe6, 0xcf, 0xff,
    0xaf, 0xff, 0xf1, 0x0, 0x0, 0x6f, 0xff, 0xfe,
    0xbf, 0xff, 0xff, 0xfa, 0xdf, 0xff, 0xfd, 0x5,
    0xef, 0xff, 0xff, 0x30, 0xaf, 0xff, 0xff, 0x88,
    0xff, 0xff, 0xf1, 0x9f, 0xff, 0xff, 0xf6, 0x1c,
    0xff, 0xff, 0xf4, 0x1e, 0xff, 0xff, 0xff, 0xff,
    0xff, 0xff, 0xff, 0xff, 0xff, 0xfb, 0x0, 0x5f,
    0xff, 0xff, 0xff, 0xff, 0xff, 0xff, 0xff, 0xff,
    0xfe, 0x10, 0x0, 0x5e, 0xff, 0xff, 0xff, 0xff,
    0xff, 0xff, 0xff, 0xfc, 0x20, 0x0, 0x0, 0x19,
    0xdf, 0xff, 0xff, 0xff, 0xff, 0xff, 0xc6, 0x0,
    0x0,

    /* U+F130 "" */
    0x0, 0x0, 0x18, 0xcb, 0x40, 0x0, 0x0, 0x0,
    0x0, 0xdf, 0xff, 0xf5, 0x0, 0x0, 0x0, 0x6,
    0xff, 0xff, 0xfe, 0x0, 0x0, 0x0, 0x9, 0xff,
    0xff, 0xff, 0x10, 0x0, 0x0, 0x9, 0xff, 0xff,
    0xff, 0x10, 0x0, 0x10, 0x9, 0xff, 0xff, 0xff,
    0x10, 0x10, 0xe9, 0x9, 0xff, 0xff, 0xff, 0x10,
    0xf8, 0xfa, 0x9, 0xff, 0xff, 0xff, 0x11, 0xf9,
    0xec, 0x8, 0xff, 0xff, 0xff, 0x2, 0xf8, 0xbf,
    0x3, 0xff, 0xff, 0xfb, 0x6, 0xf5, 0x7f, 0x70,
    0x7f, 0xff, 0xc1, 0xd, 0xf1, 0xd, 0xf4, 0x1,
    0x53, 0x0, 0x9f, 0x70, 0x3, 0xef, 0x94, 0x12,
    0x5d, 0xfb, 0x0, 0x0, 0x2c, 0xff, 0xff, 0xff,
    0x70, 0x0, 0x0, 0x0, 0x38, 0xfd, 0x51, 0x0,
    0x0, 0x0, 0x0, 0x1, 0xf9, 0x0, 0x0, 0x0,
    0x0, 0x3, 0xaa, 0xfd, 0xa8, 0x0, 0x0, 0x0,
    0x7, 0xff, 0xff, 0xfe, 0x0, 0x0, 0x0, 0x0,
    0x0, 0x0, 0x0, 0x0, 0x0,

    /* U+F132 "" */
    0x0, 0x0, 0x0, 0x3, 0x9b, 0x50, 0x0, 0x0,
    0x0, 0x0, 0x0, 0x5, 0xcf, 0xff, 0xfe, 0x81,
    0x0, 0x0, 0x0, 0x17, 0xef, 0xff, 0xff, 0xff,
    0xff, 0xa3, 0x0, 0x6, 0xff, 0xff, 0xff, 0xff,
    0xff, 0xff, 0xff, 0xb1, 0x1f, 0xff, 0xff, 0xff,
    0xff, 0xff, 0xff, 0xff, 0xf7, 0x3f, 0xff, 0xff,
    0xff, 0xff, 0xff, 0xff, 0xff, 0xf9, 0x1f, 0xff,
    0xff, 0xff, 0xff, 0xff, 0xff, 0xff, 0xf7, 0xf,
    0xff, 0xff, 0xff, 0xff, 0xff, 0xff, 0xff, 0xf6,
    0xc, 0xff, 0xff, 0xff, 0xff, 0xff, 0xff, 0xff,
    0xf3, 0x8, 0xff, 0xff, 0xff, 0xff, 0xff, 0xff,
    0xff, 0xf0, 0x3, 0xff, 0xff, 0xff, 0xff, 0xff,
    0xff, 0xff, 0xa0, 0x0, 0xdf, 0xff, 0xff, 0xff,
    0xff, 0xff, 0xff, 0x30, 0x0, 0x4f, 0xff, 0xff,
    0xff, 0xff, 0xff, 0xfb, 0x0, 0x0, 0xb, 0xff,
    0xff, 0xff, 0xff, 0xff, 0xf2, 0x0, 0x0, 0x1,
    0xef, 0xff, 0xff, 0xff, 0xff, 0x50, 0x0, 0x0,
    0x0, 0x2e, 0xff, 0xff, 0xff, 0xf7, 0x0, 0x0,
    0x0, 0x0, 0x1, 0xcf, 0xff, 0xff, 0x50, 0x0,
    0x0, 0x0, 0x0, 0x0, 0x6, 0xef, 0xa1, 0x0,
    0x0, 0x0, 0x0, 0x0, 0x0, 0x0, 0x0, 0x0,
    0x0, 0x0, 0x0,

    /* U+F133 "" */
    0x0, 0x4, 0xd4, 0x0, 0x0, 0x7d, 0x10, 0x0,
    0x0, 0x9, 0xf9, 0x0, 0x0, 0xdf, 0x50, 0x0,
    0x8, 0xbe, 0xfe, 0xbb, 0xbb, 0xff, 0xdb, 0x60,
    0xbf, 0xff, 0xff, 0xff, 0xff, 0xff, 0xff, 0xf6,
    0xff, 0xff, 0xff, 0xff, 0xff, 0xff, 0xff, 0xfb,
    0xff, 0xff, 0xff, 0xff, 0xff, 0xff, 0xff, 0xfb,
    0x33, 0x33, 0x33, 0x33, 0x33, 0x33, 0x33, 0x32,
    0x0, 0x0, 0x0, 0x0, 0x0, 0x0, 0x0, 0x0,
    0xff, 0xff, 0xff, 0xff, 0xff, 0xff, 0xff, 0xfb,
    0xff, 0xff, 0xff, 0xff, 0xff, 0xff, 0xff, 0xfb,
    0xff, 0xff, 0xff, 0xff, 0xff, 0xff, 0xff, 0xfb,
    0xff, 0xff, 0xff, 0xff, 0xff, 0xff, 0xff, 0xfb,
    0xff, 0xff, 0xff, 0xff, 0xff, 0xff, 0xff, 0xfb,
    0xff, 0xff, 0xff, 0xff, 0xff, 0xff, 0xff, 0xfb,
    0xff, 0xff, 0xff, 0xff, 0xff, 0xff, 0xff, 0xfb,
    0xdf, 0xff, 0xff, 0xff, 0xff, 0xff, 0xff, 0xf9,
    0x3d, 0xff, 0xff, 0xff, 0xff, 0xff, 0xff, 0xc1,
    0x0, 0x0, 0x0, 0x0, 0x0, 0x0, 0x0, 0x0,

    /* U+F135 "" */
    0x0, 0x0, 0x0, 0x0, 0x0, 0x0, 0x26, 0x99,
    0x84, 0x0, 0x0, 0x0, 0x0, 0x0, 0x3, 0xcf,
    0xff, 0xff, 0xe0, 0x0, 0x0, 0x0, 0x0, 0x5,
    0xff, 0xff, 0xff, 0xff, 0x0, 0x0, 0x0, 0x0,
    0x4, 0xff, 0xf9, 0x38, 0xff, 0xf0, 0x0, 0x0,
    0x0, 0x1, 0xef, 0xff, 0x0, 0xe, 0xfd, 0x0,
    0x0, 0xbf, 0xff, 0xff, 0xff, 0xf1, 0x0, 0xff,
    0xa0, 0x0, 0x8f, 0xff, 0xff, 0xff, 0xff, 0xc6,
    0xbf, 0xf5, 0x0, 0x2f, 0xff, 0xff, 0xff, 0xff,
    0xff, 0xff, 0xfd, 0x0, 0xb, 0xff, 0xff, 0xff,
    0xff, 0xff, 0xff, 0xff, 0x30, 0x0, 0xff, 0xff,
    0xff, 0xff, 0xff, 0xff, 0xff, 0x40, 0x0, 0x5,
    0x99, 0x99, 0xcf, 0xff, 0xff, 0xfd, 0x20, 0x0,
    0x0, 0x0, 0x0, 0x0, 0x9f, 0xff, 0xff, 0x80,
    0x0, 0x0, 0x0, 0x0, 0x0, 0x2, 0xff, 0xff,
    0xf8, 0x0, 0x0, 0x0, 0x0, 0x0, 0x0, 0x1f,
    0xff, 0xff, 0x80, 0x0, 0x0, 0x0, 0x0, 0x0,
    0x1, 0xff, 0xff, 0xf7, 0x0, 0x0, 0x0, 0x0,
    0x0, 0x0, 0x1f, 0xff, 0xfb, 0x0, 0x0, 0x0,
    0x0, 0x0, 0x0, 0x0, 0xff, 0xe5, 0x0, 0x0,
    0x0, 0x0, 0x0, 0x0, 0x0, 0x5, 0x70, 0x0,
    0x0, 0x0, 0x0,

    /* U+F164 "" */
    0x0, 0x0, 0x0, 0x0, 0x1, 0x0, 0x0, 0x0,
    0x0, 0x0, 0x0, 0x0, 0x0, 0x9f, 0xd0, 0x0,
    0x0, 0x0, 0x0, 0x0, 0x0, 0x3, 0xff, 0xf4,
    0x0, 0x0, 0x0, 0x0, 0x0, 0x0, 0xb, 0xff,
    0xf2, 0x0, 0x0, 0x0, 0x0, 0x0, 0x0, 0x3f,
    0xff, 0xc0, 0x0, 0x0, 0x0, 0x1, 0x10, 0x0,
    0xbf, 0xff, 0x72, 0x22, 0x21, 0x0, 0xcf, 0xfb,
    0x0, 0xff, 0xff, 0xff, 0xff, 0xff, 0xe2, 0xff,
    0xff, 0x2, 0xff, 0xff, 0xff, 0xff, 0xff, 0xf8,
    0xff, 0xff, 0x2, 0xff, 0xff, 0xff, 0xff, 0xff,
    0xf4, 0xff, 0xff, 0x2, 0xff, 0xff, 0xff, 0xff,
    0xff, 0xe2, 0xff, 0xff, 0x2, 0xff, 0xff, 0xff,
    0xff, 0xff, 0xf9, 0xff, 0xff, 0x2, 0xff, 0xff,
    0xff, 0xff, 0xff, 0xf4, 0xff, 0xff, 0x2, 0xff,
    0xff, 0xff, 0xff, 0xff, 0x60, 0xff, 0xff, 0x2,
    0xff, 0xff, 0xff, 0xff, 0xff, 0x60, 0xff, 0xff,
    0x0, 0xff, 0xff, 0xff, 0xff, 0xf9, 0x0, 0xff,
    0xff, 0x0, 0x5f, 0xff, 0xff, 0xff, 0xf1, 0x0,
    0xcf, 0xfb, 0x0, 0x2, 0xaf, 0xff, 0xff, 0xa0,
    0x0, 0x1, 0x10, 0x0, 0x0, 0x0, 0x12, 0x21,
    0x0, 0x0,

    /* U+F183 "" */
    0x0, 0x0, 0x6, 0xd9, 0x0, 0x0, 0x0, 0x0,
    0x0, 0x1f, 0xff, 0x50, 0x0, 0x0, 0x0, 0x0,
    0x2f, 0xff, 0x60, 0x0, 0x0, 0x0, 0x0, 0x9,
    0xfc, 0x0, 0x0, 0x0, 0x0, 0x0, 0x0, 0x0,
    0x0, 0x0, 0x0, 0x0, 0x0, 0x38, 0xb9, 0x50,
    0x0, 0x0, 0x0, 0x5, 0xff, 0xff, 0xf9, 0x0,
    0x0, 0x0, 0x5f, 0xff, 0xff, 0xff, 0x90, 0x0,
    0x2, 0xff, 0xff, 0xff, 0xff, 0xf5, 0x0, 0xc,
    0xfe, 0xff, 0xff, 0xfe, 0xff, 0x20, 0x7f, 0xf5,
    0xff, 0xff, 0xf6, 0xef, 0xc0, 0x8f, 0x70, 0xff,
    0xff, 0xf5, 0x3f, 0xc0, 0x1, 0x0, 0xff, 0xff,
    0xf5, 0x1, 0x0, 0x0, 0x0, 0xff, 0x5f, 0xf5,
    0x0, 0x0, 0x0, 0x0, 0xff, 0x2e, 0xf5, 0x0,
    0x0, 0x0, 0x0, 0xff, 0x2e, 0xf5, 0x0, 0x0,
    0x0, 0x0, 0xff, 0x2e, 0xf5, 0x0, 0x0, 0x0,
    0x0, 0xff, 0x2e, 0xf5, 0x0, 0x0, 0x0, 0x0,
    0xff, 0x2e, 0xf5, 0x0, 0x0, 0x0, 0x0, 0xef,
    0x1c, 0xf3, 0x0, 0x0, 0x0, 0x0, 0x23, 0x1,
    0x30, 0x0, 0x0,

    /* U+F185 "" */
    0x0, 0x0, 0x0, 0x0, 0x7, 0xa0, 0x0, 0x0,
    0x0, 0x0, 0x0, 0x0, 0x0, 0x0, 0x2, 0xff,
    0x70, 0x0, 0x0, 0x0, 0x0, 0x0, 0x1, 0x0,
    0x0, 0xcf, 0xff, 0x10, 0x0, 0x10, 0x0, 0x0,
    0x2, 0xff, 0xb7, 0x7f, 0xff, 0xfa, 0x6a, 0xef,
    0x60, 0x0, 0x0, 0x1f, 0xff, 0xff, 0xff, 0xff,
    0xff, 0xff, 0xf5, 0x0, 0x0, 0x0, 0xdf, 0xff,
    0xe8, 0x54, 0x7d, 0xff, 0xff, 0x10, 0x0, 0x0,
    0x9, 0xff, 0xb1, 0x0, 0x0, 0x8, 0xff, 0xd0,
    0x0, 0x0, 0x0, 0x8f, 0xe1, 0xa, 0xff, 0xc2,
    0xb, 0xfc, 0x0, 0x0, 0x2, 0xbf, 0xf6, 0xa,
    0xff, 0xff, 0xe0, 0x2f, 0xfd, 0x40, 0x7, 0xff,
    0xff, 0x31, 0xff, 0xff, 0xff, 0x50, 0xff, 0xff,
    0xa0, 0xdf, 0xff, 0xf2, 0x2f, 0xff, 0xff, 0xf7,
    0xe, 0xff, 0xff, 0x11, 0xaf, 0xff, 0x50, 0xef,
    0xff, 0xff, 0x31, 0xff, 0xfc, 0x30, 0x0, 0x3d,
    0xfb, 0x5, 0xff, 0xff, 0x80, 0x7f, 0xe6, 0x0,
    0x0, 0x0, 0x7f, 0xf7, 0x2, 0x78, 0x40, 0x3f,
    0xfb, 0x0, 0x0, 0x0, 0xc, 0xff, 0xfa, 0x20,
    0x2, 0x8f, 0xff, 0xf0, 0x0, 0x0, 0x0, 0xff,
    0xff, 0xff, 0xfe, 0xff, 0xff, 0xff, 0x40, 0x0,
    0x0, 0x3f, 0xff, 0xcc, 0xff, 0xff, 0xdb, 0xff,
    0xf7, 0x0, 0x0, 0x0, 0x64, 0x0, 0xe, 0xff,
    0xf3, 0x0, 0x36, 0x10, 0x0, 0x0, 0x0, 0x0,
    0x0, 0x5f, 0xfa, 0x0, 0x0, 0x0, 0x0, 0x0,
    0x0, 0x0, 0x0, 0x0, 0xbe, 0x10, 0x0, 0x0,
    0x0, 0x0, 0x0, 0x0, 0x0, 0x0, 0x0, 0x0,
    0x0, 0x0, 0x0, 0x0, 0x0,

    /* U+F186 "" */
    0x0, 0x0, 0x2, 0x7b, 0xcc, 0xb4, 0x0, 0x0,
    0x0, 0x1, 0x9f, 0xff, 0xff, 0xf7, 0x0, 0x0,
    0x0, 0x2d, 0xff, 0xff, 0xff, 0x60, 0x0, 0x0,
    0x1, 0xdf, 0xff, 0xff, 0xf4, 0x0, 0x0, 0x0,
    0xa, 0xff, 0xff, 0xff, 0x80, 0x0, 0x0, 0x0,
    0x3f, 0xff, 0xff, 0xff, 0x10, 0x0, 0x0, 0x0,
    0x8f, 0xff, 0xff, 0xfc, 0x0, 0x0, 0x0, 0x0,
    0xdf, 0xff, 0xff, 0xfa, 0x0, 0x0, 0x0, 0x0,
    0xef, 0xff, 0xff, 0xfa, 0x0, 0x0, 0x0, 0x0,
    0xff, 0xff, 0xff, 0xfd, 0x0, 0x0, 0x0, 0x0,
    0xdf, 0xff, 0xff, 0xff, 0x40, 0x0, 0x0, 0x0,
    0xaf, 0xff, 0xff, 0xff, 0xe0, 0x0, 0x0, 0x0,
    0x5f, 0xff, 0xff, 0xff, 0xfb, 0x10, 0x0, 0x0,
    0xd, 0xff, 0xff, 0xff, 0xff, 0xe5, 0x0, 0x0,
    0x3, 0xff, 0xff, 0xff, 0xff, 0xff, 0xfd, 0xc3,
    0x0, 0x5f, 0xff, 0xff, 0xff, 0xff, 0xff, 0xf4,
    0x0, 0x3, 0xdf, 0xff, 0xff, 0xff, 0xfd, 0x30,
    0x0, 0x0, 0x6, 0xbf, 0xff, 0xfb, 0x60, 0x0,
    0x0, 0x0, 0x0, 0x0, 0x11, 0x0, 0x0, 0x0,

    /* U+F1AD "" */
    0x2c, 0xff, 0xff, 0xff, 0xff, 0xfe, 0x70, 0xcf,
    0xff, 0xff, 0xff, 0xff, 0xff, 0xf3, 0xff, 0xff,
    0xff, 0xff, 0xff, 0xff, 0xf7, 0xff, 0xfb, 0x6b,
    0xff, 0x77, 0xff, 0xf7, 0xff, 0xf6, 0x6, 0xfe,
    0x0, 0xef, 0xf7, 0xff, 0xf8, 0x18, 0xff, 0x22,
    0xff, 0xf7, 0xff, 0xff, 0xff, 0xff, 0xff, 0xff,
    0xf7, 0xff, 0xff, 0xff, 0xff, 0xff, 0xff, 0xf7,
    0xff, 0xf8, 0x18, 0xfe, 0x22, 0xff, 0xf7, 0xff,
    0xf6, 0x6, 0xfe, 0x0, 0xff, 0xf7, 0xff, 0xff,
    0xdf, 0xff, 0xdd, 0xff, 0xf7, 0xff, 0xff, 0xff,
    0xff, 0xff, 0xff, 0xf7, 0xff, 0xff, 0xfc, 0x68,
    0xff, 0xff, 0xf7, 0xff, 0xff, 0xf1, 0x0, 0xaf,
    0xff, 0xf7, 0xff, 0xff, 0xf0, 0x0, 0x9f, 0xff,
    0xf7, 0xff, 0xff, 0xf0, 0x0, 0x9f, 0xff, 0xf7,
    0xdf, 0xff, 0xfa, 0xaa, 0xdf, 0xff, 0xf4, 0x3d,
    0xff, 0xff, 0xff, 0xff, 0xff, 0x90, 0x0, 0x0,
    0x0, 0x0, 0x0, 0x0, 0x0,

    /* U+F1B9 "" */
    0x0, 0x0, 0x15, 0x66, 0x66, 0x66, 0x51, 0x0,
    0x0, 0x0, 0x7, 0xff, 0xff, 0xff, 0xff, 0xff,
    0x70, 0x0, 0x0, 0x3f, 0xfe, 0xdd, 0xdd, 0xdd,
    0xff, 0xf3, 0x0, 0x0, 0x9f, 0xb0, 0x0, 0x0,
    0x0, 0xd, 0xf9, 0x0, 0x0, 0xef, 0x40, 0x0,
    0x0, 0x0, 0x7, 0xfe, 0x0, 0x5, 0xfe, 0x0,
    0x0, 0x0, 0x0, 0x1, 0xff, 0x40, 0x1c, 0xff,
    0xff, 0xff, 0xff, 0xff, 0xff, 0xff, 0xc1, 0xbf,
    0xff, 0xff, 0xff, 0xff, 0xff, 0xff, 0xff, 0xfb,
    0xff, 0xfe, 0xff, 0xff, 0xff, 0xff, 0xff, 0xef,
    0xff, 0xff, 0x60, 0xdf, 0xff, 0xff, 0xff, 0xf7,
    0x7, 0xff, 0xff, 0x81, 0xef, 0xff, 0xff, 0xff,
    0xf9, 0x9, 0xff, 0xff, 0xff, 0xff, 0xff, 0xff,
    0xff, 0xff, 0xff, 0xff, 0xff, 0xff, 0xff, 0xff,
    0xff, 0xff, 0xff, 0xff, 0xff, 0xff, 0xfe, 0xdd,
    0xdd, 0xdd, 0xdd, 0xdd, 0xef, 0xff, 0xff, 0xf5,
    0x0, 0x0, 0x0, 0x0, 0x0, 0x5f, 0xff, 0xbf,
    0xf2, 0x0, 0x0, 0x0, 0x0, 0x0, 0x2f, 0xfb,
    0x1, 0x0, 0x0, 0x0, 0x0, 0x0, 0x0, 0x0,
    0x10,

    /* U+F1BB "" */
    0x0, 0x0, 0x0, 0x0, 0xa8, 0x0, 0x0, 0x0,
    0x0, 0x0, 0x0, 0x0, 0xaf, 0xf7, 0x0, 0x0,
    0x0, 0x0, 0x0, 0x0, 0x8f, 0xff, 0xf4, 0x0,
    0x0, 0x0, 0x0, 0x0, 0x5f, 0xff, 0xff, 0xf2,
    0x0, 0x0, 0x0, 0x0, 0x3f, 0xff, 0xff, 0xff,
    0xe1, 0x0, 0x0, 0x0, 0x2e, 0xff, 0xff, 0xff,
    0xff, 0xc0, 0x0, 0x0, 0xa, 0xff, 0xff, 0xff,
    0xff, 0xff, 0x60, 0x0, 0x0, 0x19, 0xff, 0xff,
    0xff, 0xff, 0x70, 0x0, 0x0, 0x1, 0xdf, 0xff,
    0xff, 0xff, 0xfa, 0x0, 0x0, 0x0, 0xbf, 0xff,
    0xff, 0xff, 0xff, 0xf8, 0x0, 0x0, 0x9f, 0xff,
    0xff, 0xff, 0xff, 0xff, 0xf5, 0x0, 0x9, 0xff,
    0xff, 0xff, 0xff, 0xff, 0xfe, 0x50, 0x0, 0x2,
    0xff, 0xff, 0xff, 0xff, 0xfd, 0x10, 0x0, 0x1,
    0xef, 0xff, 0xff, 0xff, 0xff, 0xfb, 0x0, 0x0,
    0xcf, 0xff, 0xff, 0xff, 0xff, 0xff, 0xf9, 0x0,
    0xaf, 0xff, 0xff, 0xff, 0xff, 0xff, 0xff, 0xf6,
    0xb, 0xff, 0xff, 0xff, 0xff, 0xff, 0xff, 0xff,
    0x80, 0x0, 0x0, 0x0, 0x4f, 0xf0, 0x0, 0x0,
    0x0, 0x0, 0x0, 0x0, 0x4, 0xff, 0x0, 0x0,
    0x0, 0x0, 0x0, 0x0, 0x0, 0x2f, 0xe0, 0x0,
    0x0, 0x0, 0x0, 0x0, 0x0, 0x0, 0x32, 0x0,
    0x0, 0x0, 0x0,

    /* U+F1DE "" */
    0x0, 0x0, 0x9, 0xec, 0x40, 0x0, 0x0, 0x0,
    0x0, 0x14, 0x44, 0xaf, 0xff, 0xf5, 0x44, 0x44,
    0x44, 0x41, 0xdf, 0xff, 0xff, 0xff, 0xff, 0xff,
    0xff, 0xff, 0xfd, 0x9f, 0xff, 0xff, 0xff, 0xff,
    0xff, 0xff, 0xff, 0xf9, 0x0, 0x0, 0x5f, 0xff,
    0xd0, 0x0, 0x0, 0x0, 0x0, 0x0, 0x0, 0x3,
    0x86, 0x10, 0x5, 0x84, 0x0, 0x0, 0x0, 0x0,
    0x0, 0x0, 0x0, 0xbf, 0xff, 0x70, 0x0, 0x9f,
    0xff, 0xff, 0xff, 0xff, 0xff, 0xff, 0xff, 0xf9,
    0xdf, 0xff, 0xff, 0xff, 0xff, 0xff, 0xff, 0xff,
    0xfd, 0x14, 0x44, 0x44, 0x44, 0x45, 0xef, 0xff,
    0xc4, 0x41, 0x0, 0x0, 0x0, 0x0, 0x0, 0x3b,
    0xea, 0x10, 0x0, 0x0, 0x0, 0x9d, 0xa2, 0x0,
    0x0, 0x0, 0x0, 0x0, 0x3, 0x3b, 0xff, 0xfe,
    0x43, 0x33, 0x33, 0x33, 0x30, 0xdf, 0xff, 0xff,
    0xff, 0xff, 0xff, 0xff, 0xff, 0xfd, 0xaf, 0xff,
    0xff, 0xff, 0xff, 0xff, 0xff, 0xff, 0xfa, 0x0,
    0x8, 0xff, 0xfc, 0x0, 0x0, 0x0, 0x0, 0x0,
    0x0, 0x0, 0x59, 0x60, 0x0, 0x0, 0x0, 0x0,
    0x0,

    /* U+F1E2 "" */
    0x0, 0x0, 0x0, 0x0, 0x0, 0x0, 0x0, 0x1,
    0x0, 0x0, 0x0, 0x0, 0x0, 0x0, 0x0, 0x0,
    0x0, 0xc8, 0x0, 0x0, 0x0, 0x0, 0x0, 0x0,
    0x0, 0x1, 0x6f, 0xe4, 0x0, 0x0, 0x0, 0x0,
    0x0, 0x0, 0x0, 0xcf, 0xff, 0xf8, 0x0, 0x0,
    0x1, 0x45, 0x30, 0x67, 0x1, 0x6f, 0xe4, 0x0,
    0x0, 0x1b, 0xff, 0xff, 0xff, 0xfb, 0x0, 0xc8,
    0x0, 0x0, 0x5f, 0xff, 0xff, 0xff, 0xff, 0xfb,
    0x1, 0x0, 0x0, 0x3f, 0xfe, 0x51, 0xd, 0xff,
    0xff, 0xfa, 0x0, 0x0, 0xd, 0xfc, 0x0, 0x37,
    0xff, 0xff, 0xff, 0xe0, 0x0, 0x6, 0xff, 0x20,
    0xbf, 0xff, 0xff, 0xff, 0xf7, 0x0, 0x0, 0xbf,
    0xa0, 0x8f, 0xff, 0xff, 0xff, 0xff, 0x80, 0x0,
    0xd, 0xf7, 0xd, 0xff, 0xff, 0xff, 0xff, 0xfa,
    0x0, 0x0, 0xdf, 0xb6, 0xff, 0xff, 0xff, 0xff,
    0xff, 0xb0, 0x0, 0xa, 0xff, 0xff, 0xff, 0xff,
    0xff, 0xff, 0xf8, 0x0, 0x0, 0x6f, 0xff, 0xff,
    0xff, 0xff, 0xff, 0xff, 0x40, 0x0, 0x0, 0xcf,
    0xff, 0xff, 0xff, 0xff, 0xff, 0xb0, 0x0, 0x0,
    0x2, 0xff, 0xff, 0xff, 0xff, 0xff, 0xe1, 0x0,
    0x0, 0x0, 0x4, 0xef, 0xff, 0xff, 0xff, 0xd3,
    0x0, 0x0, 0x0, 0x0, 0x0, 0x9f, 0xff, 0xfe,
    0x80, 0x0, 0x0, 0x0, 0x0, 0x0, 0x0, 0x2,
    0x32, 0x0, 0x0, 0x0, 0x0, 0x0,

    /* U+F1E6 "" */
    0x0, 0x0, 0x0, 0x0, 0x0, 0x0, 0x0, 0x0,
    0x0, 0x5, 0xf5, 0x0, 0x0, 0x9e, 0x20, 0x0,
    0x0, 0x9, 0xf9, 0x0, 0x0, 0xdf, 0x50, 0x0,
    0x0, 0xa, 0xfa, 0x0, 0x0, 0xef, 0x60, 0x0,
    0x0, 0xa, 0xfa, 0x0, 0x0, 0xef, 0x60, 0x0,
    0x49, 0x9d, 0xfd, 0x99, 0x99, 0xff, 0xb9, 0x82,
    0xef, 0xff, 0xff, 0xff, 0xff, 0xff, 0xff, 0xfa,
    0x5f, 0xff, 0xff, 0xff, 0xff, 0xff, 0xff, 0xd3,
    0xe, 0xff, 0xff, 0xff, 0xff, 0xff, 0xff, 0xa0,
    0xd, 0xff, 0xff, 0xff, 0xff, 0xff, 0xff, 0x90,
    0xc, 0xff, 0xff, 0xff, 0xff, 0xff, 0xff, 0x80,
    0x9, 0xff, 0xff, 0xff, 0xff, 0xff, 0xff, 0x50,
    0x4, 0xff, 0xff, 0xff, 0xff, 0xff, 0xff, 0x10,
    0x0, 0xbf, 0xff, 0xff, 0xff, 0xff, 0xf7, 0x0,
    0x0, 0x2d, 0xff, 0xff, 0xff, 0xff, 0xb0, 0x0,
    0x0, 0x1, 0xbf, 0xff, 0xff, 0xf8, 0x0, 0x0,
    0x0, 0x0, 0x2, 0x9f, 0xf6, 0x0, 0x0, 0x0,
    0x0, 0x0, 0x0, 0x4f, 0xf0, 0x0, 0x0, 0x0,
    0x0, 0x0, 0x0, 0x3f, 0xf0, 0x0, 0x0, 0x0,
    0x0, 0x0, 0x0, 0xe, 0xb0, 0x0, 0x0, 0x0,
    0x0, 0x0, 0x0, 0x0, 0x0, 0x0, 0x0, 0x0,

    /* U+F1EB "" */
    0x0, 0x0, 0x0, 0x0, 0x23, 0x55, 0x42, 0x0,
    0x0, 0x0, 0x0, 0x0, 0x0, 0x3, 0x9e, 0xff,
    0xff, 0xff, 0xfa, 0x50, 0x0, 0x0, 0x0, 0x3,
    0xbf, 0xff, 0xff, 0xee, 0xff, 0xff, 0xfd, 0x50,
    0x0, 0x0, 0x7f, 0xff, 0xc7, 0x20, 0x0, 0x1,
    0x5a, 0xff, 0xfa, 0x0, 0x9, 0xff, 0xc4, 0x0,
    0x0, 0x0, 0x0, 0x0, 0x2a, 0xff, 0xd0, 0xd,
    0xf9, 0x0, 0x0, 0x0, 0x0, 0x0, 0x0, 0x0,
    0x6f, 0xf1, 0x1, 0x20, 0x0, 0x0, 0x3, 0x55,
    0x30, 0x0, 0x0, 0x1, 0x20, 0x0, 0x0, 0x0,
    0x7, 0xef, 0xff, 0xff, 0x91, 0x0, 0x0, 0x0,
    0x0, 0x0, 0x1, 0xdf, 0xff, 0xee, 0xff, 0xfe,
    0x30, 0x0, 0x0, 0x0, 0x0, 0xd, 0xff, 0x92,
    0x0, 0x16, 0xff, 0xf1, 0x0, 0x0, 0x0, 0x0,
    0xc, 0xe4, 0x0, 0x0, 0x0, 0x2c, 0xf1, 0x0,
    0x0, 0x0, 0x0, 0x0, 0x0, 0x0, 0x0, 0x0,
    0x0, 0x0, 0x0, 0x0, 0x0, 0x0, 0x0, 0x0,
    0x0, 0x1, 0x0, 0x0, 0x0, 0x0, 0x0, 0x0,
    0x0, 0x0, 0x0, 0x2, 0xff, 0x60, 0x0, 0x0,
    0x0, 0x0, 0x0, 0x0, 0x0, 0x0, 0x7, 0xff,
    0xb0, 0x0, 0x0, 0x0, 0x0, 0x0, 0x0, 0x0,
    0x0, 0x2, 0xde, 0x40, 0x0, 0x0, 0x0, 0x0,
    0x0, 0x0, 0x0, 0x0, 0x0, 0x0, 0x0, 0x0,
    0x0, 0x0, 0x0,

    /* U+F1F8 "" */
    0x0, 0x0, 0x0, 0x11, 0x11, 0x0, 0x0, 0x0,
    0x0, 0x0, 0x1e, 0xff, 0xff, 0xc0, 0x0, 0x0,
    0x26, 0x66, 0xaf, 0xff, 0xff, 0xf7, 0x66, 0x61,
    0xef, 0xff, 0xff, 0xff, 0xff, 0xff, 0xff, 0xfa,
    0x7d, 0xdd, 0xdd, 0xdd, 0xdd, 0xdd, 0xdd, 0xd4,
    0x0, 0x0, 0x0, 0x0, 0x0, 0x0, 0x0, 0x0,
    0xc, 0xee, 0xee, 0xee, 0xee, 0xee, 0xee, 0x80,
    0xc, 0xff, 0xff, 0xff, 0xff, 0xff, 0xff, 0x80,
    0xb, 0xff, 0xff, 0xff, 0xff, 0xff, 0xff, 0x70,
    0xa, 0xff, 0xff, 0xff, 0xff, 0xff, 0xff, 0x60,
    0x9, 0xff, 0xff, 0xff, 0xff, 0xff, 0xff, 0x50,
    0x8, 0xff, 0xff, 0xff, 0xff, 0xff, 0xff, 0x40,
    0x7, 0xff, 0xff, 0xff, 0xff, 0xff, 0xff, 0x30,
    0x6, 0xff, 0xff, 0xff, 0xff, 0xff, 0xff, 0x20,
    0x5, 0xff, 0xff, 0xff, 0xff, 0xff, 0xff, 0x10,
    0x4, 0xff, 0xff, 0xff, 0xff, 0xff, 0xff, 0x0,
    0x3, 0xff, 0xff, 0xff, 0xff, 0xff, 0xff, 0x0,
    0x1, 0xff, 0xff, 0xff, 0xff, 0xff, 0xfd, 0x0,
    0x0, 0x8f, 0xff, 0xff, 0xff, 0xff, 0xe4, 0x0,
    0x0, 0x0, 0x0, 0x0, 0x0, 0x0, 0x0, 0x0,

    /* U+F206 "" */
    0x0, 0x0, 0x0, 0x0, 0x0, 0x0, 0x8a, 0xaa,
    0x70, 0x0, 0x0, 0x0, 0x0, 0x0, 0x0, 0x0,
    0x0, 0x2f, 0xff, 0xfe, 0x0, 0x0, 0x0, 0x0,
    0x0, 0x5, 0x65, 0x0, 0x0, 0xbf, 0x30, 0x0,
    0x0, 0x0, 0x0, 0x0, 0x3, 0xff, 0xf7, 0x0,
    0x4, 0xfa, 0x0, 0x0, 0x0, 0x0, 0x0, 0x0,
    0x3, 0x5e, 0xeb, 0xbb, 0xbf, 0xf2, 0x0, 0x0,
    0x0, 0x0, 0x0, 0x0, 0x0, 0xcf, 0xff, 0xff,
    0xff, 0x90, 0x0, 0x0, 0x0, 0x0, 0x0, 0x0,
    0x4f, 0xfb, 0x0, 0xaf, 0xef, 0x20, 0x0, 0x0,
    0x0, 0x0, 0x7b, 0xde, 0xfb, 0xf2, 0x2f, 0xc4,
    0xfd, 0xdb, 0x60, 0x0, 0x1, 0xdf, 0xff, 0xf9,
    0x2f, 0x99, 0xf4, 0x7f, 0xff, 0xff, 0xc0, 0x0,
    0xaf, 0xc4, 0xdf, 0x10, 0xbf, 0xfb, 0x4f, 0xff,
    0xa4, 0xdf, 0x80, 0xf, 0xf1, 0x4f, 0xea, 0xac,
    0xff, 0x39, 0xf6, 0xdf, 0x12, 0xfe, 0x2, 0xfc,
    0x5, 0xff, 0xff, 0xff, 0xa0, 0xcf, 0x25, 0xf6,
    0xe, 0xf1, 0x1f, 0xe0, 0x0, 0x7, 0xf9, 0x0,
    0xa, 0xf5, 0x4, 0x0, 0xff, 0x0, 0xcf, 0xa0,
    0x3, 0xff, 0x40, 0x0, 0x6f, 0xd2, 0x1, 0xbf,
    0xa0, 0x2, 0xff, 0xfe, 0xff, 0x90, 0x0, 0x0,
    0xbf, 0xfe, 0xff, 0xe1, 0x0, 0x2, 0xbf, 0xfe,
    0x60, 0x0, 0x0, 0x0, 0x8e, 0xff, 0xa1, 0x0,
    0x0, 0x0, 0x1, 0x0, 0x0, 0x0, 0x0, 0x0,
    0x1, 0x0, 0x0, 0x0,

    /* U+F21B "" */
    0x0, 0x0, 0x0, 0x0, 0x1, 0x0, 0x0, 0x0,
    0x0, 0x0, 0x2e, 0xfd, 0xef, 0xc0, 0x0, 0x0,
    0x0, 0x0, 0xaf, 0xff, 0xff, 0xf6, 0x0, 0x0,
    0x0, 0x0, 0xff, 0xff, 0xff, 0xfb, 0x0, 0x0,
    0x0, 0x58, 0xff, 0xff, 0xff, 0xff, 0x63, 0x0,
    0x3, 0xff, 0xff, 0xff, 0xff, 0xff, 0xff, 0x0,
    0x0, 0x4b, 0xff, 0xff, 0xff, 0xff, 0x92, 0x0,
    0x0, 0x9, 0xff, 0xfc, 0xef, 0xff, 0x50, 0x0,
    0x0, 0x6, 0xfd, 0xa1, 0x4b, 0xef, 0x20, 0x0,
    0x1, 0xce, 0xfe, 0x20, 0x5, 0xff, 0xea, 0x0,
    0x3, 0xff, 0xff, 0xfd, 0xef, 0xff, 0xff, 0x0,
    0x0, 0xef, 0xc8, 0xbd, 0xda, 0x8e, 0xfa, 0x0,
    0x0, 0x9f, 0xb0, 0x0, 0x0, 0xf, 0xf5, 0x0,
    0x0, 0x6f, 0xf1, 0xaf, 0xf6, 0x5f, 0xf2, 0x0,
    0x2, 0xef, 0xf6, 0x4f, 0xe2, 0xaf, 0xfc, 0x0,
    0xc, 0xff, 0xfb, 0xd, 0x90, 0xff, 0xff, 0x80,
    0x2f, 0xff, 0xff, 0x3f, 0xe4, 0xff, 0xff, 0xe0,
    0x5f, 0xff, 0xff, 0xdf, 0xfd, 0xff, 0xff, 0xf1,
    0x4f, 0xff, 0xff, 0xff, 0xff, 0xff, 0xff, 0xf1,
    0x2, 0x33, 0x33, 0x33, 0x33, 0x33, 0x33, 0x10,

    /* U+F233 "" */
    0x6, 0x99, 0x99, 0x99, 0x99, 0x99, 0x99, 0x50,
    0x9f, 0xff, 0xff, 0xff, 0xff, 0xff, 0xff, 0xf8,
    0xff, 0xff, 0xff, 0xff, 0xff, 0xff, 0xff, 0xfe,
    0xff, 0xff, 0xff, 0xff, 0xf2, 0x7e, 0x18, 0xfe,
    0xff, 0xff, 0xff, 0xff, 0xfa, 0xdf, 0x9d, 0xfe,
    0xdf, 0xff, 0xff, 0xff, 0xff, 0xff, 0xff, 0xfc,
    0x3d, 0xff, 0xff, 0xff, 0xff, 0xff, 0xff, 0xd2,
    0x0, 0x0, 0x0, 0x0, 0x0, 0x0, 0x0, 0x0,
    0x0, 0x0, 0x0, 0x0, 0x0, 0x0, 0x0, 0x0,
    0x6, 0x99, 0x99, 0x99, 0x99, 0x99, 0x99, 0x50,
    0x9f, 0xff, 0xff, 0xff, 0xff, 0xff, 0xff, 0xf8,
    0xff, 0xff, 0xff, 0xff, 0xff, 0xff, 0xff, 0xfe,
    0xff, 0xff, 0xff, 0xff, 0xf2, 0x7e, 0x18, 0xfe,
    0xff, 0xff, 0xff, 0xff, 0xfa, 0xdf, 0x9d, 0xfe,
    0xdf, 0xff, 0xff, 0xff, 0xff, 0xff, 0xff, 0xfc,
    0x3d, 0xff, 0xff, 0xff, 0xff, 0xff, 0xff, 0xd2,
    0x0, 0x0, 0x0, 0x0, 0x0, 0x0, 0x0, 0x0,

    /* U+F236 "" */
    0x47, 0x0, 0x0, 0x0, 0x0, 0x0, 0x0, 0x0,
    0x0, 0x0, 0xf, 0xf3, 0x0, 0x0, 0x0, 0x0,
    0x0, 0x0, 0x0, 0x0, 0x0, 0xff, 0x40, 0x0,
    0x0, 0x0, 0x0, 0x0, 0x0, 0x0, 0x0, 0xf,
    0xf4, 0x0, 0x12, 0x0, 0x0, 0x34, 0x44, 0x43,
    0x10, 0x0, 0xff, 0x40, 0x6f, 0xfb, 0x0, 0xbf,
    0xff, 0xff, 0xff, 0xc1, 0xf, 0xf4, 0xf, 0xff,
    0xf5, 0xe, 0xff, 0xff, 0xff, 0xff, 0xc0, 0xff,
    0x40, 0xff, 0xff, 0x50, 0xef, 0xff, 0xff, 0xff,
    0xff, 0x1f, 0xf4, 0x6, 0xff, 0xb0, 0xe, 0xff,
    0xff, 0xff, 0xff, 0xf3, 0xff, 0x40, 0x1, 0x20,
    0x0, 0xef, 0xff, 0xff, 0xff, 0xff, 0x4f, 0xfb,
    0xaa, 0xaa, 0xaa, 0xaf, 0xff, 0xff, 0xff, 0xff,
    0xf4, 0xff, 0xff, 0xff, 0xff, 0xff, 0xff, 0xff,
    0xff, 0xff, 0xff, 0x4f, 0xff, 0xff, 0xff, 0xff,
    0xff, 0xff, 0xff, 0xff, 0xff, 0xf4, 0xff, 0xdc,
    0xcc, 0xcc, 0xcc, 0xcc, 0xcc, 0xcc, 0xcc, 0xff,
    0x4f, 0xf4, 0x0, 0x0, 0x0, 0x0, 0x0, 0x0,
    0x0, 0xf, 0xf4, 0xff, 0x40, 0x0, 0x0, 0x0,
    0x0, 0x0, 0x0, 0x0, 0xff, 0x4c, 0xe1, 0x0,
    0x0, 0x0, 0x0, 0x0, 0x0, 0x0, 0xc, 0xe1,
    0x0, 0x0, 0x0, 0x0, 0x0, 0x0, 0x0, 0x0,
    0x0, 0x0, 0x0,

    /* U+F240 "" */
    0x0, 0x34, 0x44, 0x44, 0x44, 0x44, 0x44, 0x44,
    0x44, 0x10, 0x0, 0x2d, 0xff, 0xff, 0xff, 0xff,
    0xff, 0xff, 0xff, 0xff, 0xf6, 0x0, 0xaf, 0xff,
    0xff, 0xff, 0xff, 0xff, 0xff, 0xff, 0xff, 0xff,
    0x10, 0xef, 0x60, 0x0, 0x0, 0x0, 0x0, 0x0,
    0x0, 0x0, 0xff, 0x50, 0xef, 0x50, 0x59, 0x99,
    0x99, 0x99, 0x99, 0x98, 0x10, 0xef, 0x50, 0xef,
    0x50, 0xff, 0xff, 0xff, 0xff, 0xff, 0xff, 0x60,
    0xef, 0xe3, 0xef, 0x50, 0xff, 0xff, 0xff, 0xff,
    0xff, 0xff, 0x60, 0xef, 0xf7, 0xef, 0x50, 0xff,
    0xff, 0xff, 0xff, 0xff, 0xff, 0x60, 0xef, 0xf7,
    0xef, 0x50, 0xff, 0xff, 0xff, 0xff, 0xff, 0xff,
    0x60, 0xef, 0xf5, 0xef, 0x50, 0xcf, 0xff, 0xff,
    0xff, 0xff, 0xff, 0x30, 0xef, 0x80, 0xef, 0x50,
    0x0, 0x0, 0x0, 0x0, 0x0, 0x0, 0x0, 0xef,
    0x50, 0xdf, 0x93, 0x33, 0x33, 0x33, 0x33, 0x33,
    0x33, 0x34, 0xff, 0x40, 0x8f, 0xff, 0xff, 0xff,
    0xff, 0xff, 0xff, 0xff, 0xff, 0xfe, 0x0, 0x9,
    0xef, 0xff, 0xff, 0xff, 0xff, 0xff, 0xff, 0xff,
    0xc2, 0x0,

    /* U+F241 "" */
    0x0, 0x34, 0x44, 0x44, 0x44, 0x44, 0x44, 0x44,
    0x44, 0x10, 0x0, 0x2d, 0xff, 0xff, 0xff, 0xff,
    0xff, 0xff, 0xff, 0xff, 0xf6, 0x0, 0xaf, 0xff,
    0xff, 0xff, 0xff, 0xff, 0xff, 0xff, 0xff, 0xff,
    0x10, 0xef, 0x60, 0x0, 0x0, 0x0, 0x0, 0x0,
    0x0, 0x0, 0xff, 0x50, 0xef, 0x50, 0x59, 0x99,
    0x99, 0x99, 0x92, 0x0, 0x0, 0xef, 0x50, 0xef,
    0x50, 0xff, 0xff, 0xff, 0xff, 0xf9, 0x0, 0x0,
    0xef, 0xe3, 0xef, 0x50, 0xff, 0xff, 0xff, 0xff,
    0xf9, 0x0, 0x0, 0xef, 0xf7, 0xef, 0x50, 0xff,
    0xff, 0xff, 0xff, 0xf9, 0x0, 0x0, 0xef, 0xf7,
    0xef, 0x50, 0xff, 0xff, 0xff, 0xff, 0xf9, 0x0,
    0x0, 0xef, 0xf5, 0xef, 0x50, 0xcf, 0xff, 0xff,
    0xff, 0xf6, 0x0, 0x0, 0xef, 0x80, 0xef, 0x50,
    0x0, 0x0, 0x0, 0x0, 0x0, 0x0, 0x0, 0xef,
    0x50, 0xdf, 0x93, 0x33, 0x33, 0x33, 0x33, 0x33,
    0x33, 0x34, 0xff, 0x40, 0x8f, 0xff, 0xff, 0xff,
    0xff, 0xff, 0xff, 0xff, 0xff, 0xfe, 0x0, 0x9,
    0xef, 0xff, 0xff, 0xff, 0xff, 0xff, 0xff, 0xff,
    0xc2, 0x0,

    /* U+F242 "" */
    0x0, 0x34, 0x44, 0x44, 0x44, 0x44, 0x44, 0x44,
    0x44, 0x10, 0x0, 0x2d, 0xff, 0xff, 0xff, 0xff,
    0xff, 0xff, 0xff, 0xff, 0xf6, 0x0, 0xaf, 0xff,
    0xff, 0xff, 0xff, 0xff, 0xff, 0xff, 0xff, 0xff,
    0x10, 0xef, 0x60, 0x0, 0x0, 0x0, 0x0, 0x0,
    0x0, 0x0, 0xff, 0x50, 0xef, 0x50, 0x59, 0x99,
    0x99, 0x30, 0x0, 0x0, 0x0, 0xef, 0x50, 0xef,
    0x50, 0xff, 0xff, 0xff, 0xc0, 0x0, 0x0, 0x0,
    0xef, 0xe3, 0xef, 0x50, 0xff, 0xff, 0xff, 0xc0,
    0x0, 0x0, 0x0, 0xef, 0xf7, 0xef, 0x50, 0xff,
    0xff, 0xff, 0xc0, 0x0, 0x0, 0x0, 0xef, 0xf7,
    0xef, 0x50, 0xff, 0xff, 0xff, 0xc0, 0x0, 0x0,
    0x0, 0xef, 0xf5, 0xef, 0x50, 0xcf, 0xff, 0xff,
    0x90, 0x0, 0x0, 0x0, 0xef, 0x80, 0xef, 0x50,
    0x0, 0x0, 0x0, 0x0, 0x0, 0x0, 0x0, 0xef,
    0x50, 0xdf, 0x93, 0x33, 0x33, 0x33, 0x33, 0x33,
    0x33, 0x34, 0xff, 0x40, 0x8f, 0xff, 0xff, 0xff,
    0xff, 0xff, 0xff, 0xff, 0xff, 0xfe, 0x0, 0x9,
    0xef, 0xff, 0xff, 0xff, 0xff, 0xff, 0xff, 0xff,
    0xc2, 0x0,

    /* U+F243 "" */
    0x0, 0x34, 0x44, 0x44, 0x44, 0x44, 0x44, 0x44,
    0x44, 0x10, 0x0, 0x2d, 0xff, 0xff, 0xff, 0xff,
    0xff, 0xff, 0xff, 0xff, 0xf6, 0x0, 0xaf, 0xff,
    0xff, 0xff, 0xff, 0xff, 0xff, 0xff, 0xff, 0xff,
    0x10, 0xef, 0x60, 0x0, 0x0, 0x0, 0x0, 0x0,
    0x0, 0x0, 0xff, 0x50, 0xef, 0x50, 0x59, 0x95,
    0x0, 0x0, 0x0, 0x0, 0x0, 0xef, 0x50, 0xef,
    0x50, 0xff, 0xff, 0x0, 0x0, 0x0, 0x0, 0x0,
    0xef, 0xe3, 0xef, 0x50, 0xff, 0xff, 0x0, 0x0,
    0x0, 0x0, 0x0, 0xef, 0xf7, 0xef, 0x50, 0xff,
    0xff, 0x0, 0x0, 0x0, 0x0, 0x0, 0xef, 0xf7,
    0xef, 0x50, 0xff, 0xff, 0x0, 0x0, 0x0, 0x0,
    0x0, 0xef, 0xf5, 0xef, 0x50, 0xcf, 0xfc, 0x0,
    0x0, 0x0, 0x0, 0x0, 0xef, 0x80, 0xef, 0x50,
    0x0, 0x0, 0x0, 0x0, 0x0, 0x0, 0x0, 0xef,
    0x50, 0xdf, 0x93, 0x33, 0x33, 0x33, 0x33, 0x33,
    0x33, 0x34, 0xff, 0x40, 0x8f, 0xff, 0xff, 0xff,
    0xff, 0xff, 0xff, 0xff, 0xff, 0xfe, 0x0, 0x9,
    0xef, 0xff, 0xff, 0xff, 0xff, 0xff, 0xff, 0xff,
    0xc2, 0x0,

    /* U+F244 "" */
    0x0, 0x34, 0x44, 0x44, 0x44, 0x44, 0x44, 0x44,
    0x44, 0x10, 0x0, 0x2d, 0xff, 0xff, 0xff, 0xff,
    0xff, 0xff, 0xff, 0xff, 0xf6, 0x0, 0xaf, 0xff,
    0xff, 0xff, 0xff, 0xff, 0xff, 0xff, 0xff, 0xff,
    0x10, 0xef, 0x60, 0x0, 0x0, 0x0, 0x0, 0x0,
    0x0, 0x0, 0xff, 0x40, 0xef, 0x50, 0x0, 0x0,
    0x0, 0x0, 0x0, 0x0, 0x0, 0xef, 0x50, 0xef,
    0x50, 0x0, 0x0, 0x0, 0x0, 0x0, 0x0, 0x0,
    0xef, 0xd2, 0xef, 0x50, 0x0, 0x0, 0x0, 0x0,
    0x0, 0x0, 0x0, 0xef, 0xf7, 0xef, 0x50, 0x0,
    0x0, 0x0, 0x0, 0x0, 0x0, 0x0, 0xef, 0xf7,
    0xef, 0x50, 0x0, 0x0, 0x0, 0x0, 0x0, 0x0,
    0x0, 0xef, 0xf6, 0xef, 0x50, 0x0, 0x0, 0x0,
    0x0, 0x0, 0x0, 0x0, 0xef, 0xa0, 0xef, 0x50,
    0x0, 0x0, 0x0, 0x0, 0x0, 0x0, 0x0, 0xef,
    0x50, 0xef, 0x82, 0x22, 0x22, 0x22, 0x22, 0x22,
    0x22, 0x22, 0xff, 0x40, 0x9f, 0xff, 0xff, 0xff,
    0xff, 0xff, 0xff, 0xff, 0xff, 0xfe, 0x10, 0x1b,
    0xff, 0xff, 0xff, 0xff, 0xff, 0xff, 0xff, 0xff,
    0xe4, 0x0, 0x0, 0x2, 0x22, 0x22, 0x22, 0x22,
    0x22, 0x22, 0x21, 0x0, 0x0,

    /* U+F290 "" */
    0x0, 0x0, 0x1, 0x8c, 0xc8, 0x0, 0x0, 0x0,
    0x0, 0x0, 0x1e, 0xfe, 0xef, 0xd0, 0x0, 0x0,
    0x0, 0x0, 0xbf, 0x50, 0x9, 0xf8, 0x0, 0x0,
    0x0, 0x0, 0xfb, 0x0, 0x0, 0xfd, 0x0, 0x0,
    0x0, 0x0, 0xf9, 0x0, 0x0, 0xee, 0x0, 0x0,
    0x3, 0x55, 0xfb, 0x55, 0x55, 0xef, 0x55, 0x20,
    0xaf, 0xff, 0xff, 0xff, 0xff, 0xff, 0xff, 0xf7,
    0xff, 0xff, 0x8c, 0xff, 0xff, 0xaa, 0xff, 0xfd,
    0xff, 0xff, 0x28, 0xff, 0xff, 0x54, 0xff, 0xfd,
    0xff, 0xff, 0xff, 0xff, 0xff, 0xff, 0xff, 0xfd,
    0xff, 0xff, 0xff, 0xff, 0xff, 0xff, 0xff, 0xfd,
    0xff, 0xff, 0xff, 0xff, 0xff, 0xff, 0xff, 0xfd,
    0xff, 0xff, 0xff, 0xff, 0xff, 0xff, 0xff, 0xfd,
    0xff, 0xff, 0xff, 0xff, 0xff, 0xff, 0xff, 0xfd,
    0xff, 0xff, 0xff, 0xff, 0xff, 0xff, 0xff, 0xfd,
    0xdf, 0xff, 0xff, 0xff, 0xff, 0xff, 0xff, 0xfb,
    0x6f, 0xff, 0xff, 0xff, 0xff, 0xff, 0xff, 0xf3,
    0x6, 0xdf, 0xff, 0xff, 0xff, 0xff, 0xfd, 0x40,
    0x0, 0x0, 0x0, 0x0, 0x0, 0x0, 0x0, 0x0,

    /* U+F2C7 "" */
    0x0, 0x0, 0x79, 0x71, 0x0, 0x0, 0x1, 0xef,
    0xff, 0xe1, 0x0, 0x0, 0x9f, 0xff, 0xff, 0xa0,
    0x0, 0xd, 0xfc, 0xb, 0xfd, 0x0, 0x0, 0xef,
    0xa0, 0x9f, 0xe0, 0x0, 0xe, 0xfa, 0x9, 0xfe,
    0x0, 0x0, 0xef, 0xa0, 0x9f, 0xe0, 0x0, 0xe,
    0xfa, 0x9, 0xfe, 0x0, 0x0, 0xef, 0xa0, 0x9f,
    0xe0, 0x0, 0x1f, 0xfa, 0x9, 0xff, 0x10, 0xb,
    0xff, 0xa0, 0x9f, 0xfb, 0x3, 0xff, 0xe3, 0x2,
    0xdf, 0xf4, 0x7f, 0xf6, 0x0, 0x6, 0xff, 0x77,
    0xff, 0x50, 0x0, 0x4f, 0xf8, 0x4f, 0xfc, 0x0,
    0xc, 0xff, 0x50, 0xdf, 0xfe, 0xbe, 0xff, 0xe0,
    0x3, 0xff, 0xff, 0xff, 0xf3, 0x0, 0x1, 0xaf,
    0xff, 0xb2, 0x0, 0x0, 0x0, 0x1, 0x0, 0x0,
    0x0,

    /* U+F2CD "" */
    0x0, 0x6c, 0xb3, 0x0, 0x0, 0x0, 0x0, 0x0,
    0x0, 0x7, 0xff, 0xff, 0x9a, 0x61, 0x0, 0x0,
    0x0, 0x0, 0xc, 0xfb, 0xcf, 0xff, 0xff, 0x40,
    0x0, 0x0, 0x0, 0xd, 0xf5, 0x6f, 0xff, 0xfd,
    0x10, 0x0, 0x0, 0x0, 0xd, 0xf5, 0x6f, 0xff,
    0xd1, 0x0, 0x0, 0x0, 0x0, 0xd, 0xf5, 0x1f,
    0xfd, 0x10, 0x0, 0x0, 0x0, 0x0, 0xd, 0xf5,
    0xd, 0xd1, 0x0, 0x0, 0x0, 0x0, 0x0, 0xd,
    0xf5, 0x0, 0x0, 0x0, 0x0, 0x0, 0x0, 0x0,
    0xd, 0xf5, 0x0, 0x0, 0x0, 0x0, 0x0, 0x0,
    0x0, 0x8f, 0xfe, 0xdd, 0xdd, 0xdd, 0xdd, 0xdd,
    0xdd, 0xd8, 0xef, 0xff, 0xff, 0xff, 0xff, 0xff,
    0xff, 0xff, 0xfe, 0x2e, 0xff, 0xff, 0xff, 0xff,
    0xff, 0xff, 0xff, 0xe2, 0xd, 0xff, 0xff, 0xff,
    0xff, 0xff, 0xff, 0xff, 0xd0, 0xc, 0xff, 0xff,
    0xff, 0xff, 0xff, 0xff, 0xff, 0xc0, 0x8, 0xff,
    0xff, 0xff, 0xff, 0xff, 0xff, 0xff, 0x80, 0x0,
    0xdf, 0xff, 0xff, 0xff, 0xff, 0xff, 0xfd, 0x0,
    0x0, 0xbf, 0xb7, 0x77, 0x77, 0x77, 0x7b, 0xfb,
    0x0, 0x0, 0x8f, 0x40, 0x0, 0x0, 0x0, 0x4,
    0xf8, 0x0, 0x0, 0x0, 0x0, 0x0, 0x0, 0x0,
    0x0, 0x0, 0x0,

    /* U+F2DC "" */
    0x0, 0x0, 0x0, 0x0, 0x9, 0xa0, 0x0, 0x0,
    0x0, 0x0, 0x0, 0x0, 0x0, 0x0, 0x1f, 0xf1,
    0x0, 0x0, 0x0, 0x0, 0x0, 0x0, 0x0, 0x3,
    0x2f, 0xf2, 0x30, 0x0, 0x0, 0x0, 0x0, 0x0,
    0x0, 0xf, 0xef, 0xfe, 0xf0, 0x0, 0x0, 0x0,
    0x1, 0x40, 0x5c, 0x7, 0xff, 0xff, 0x70, 0xc5,
    0x4, 0x10, 0xc, 0xfd, 0xaf, 0x50, 0x7f, 0xf7,
    0x5, 0xfa, 0xcf, 0xc0, 0x7, 0xff, 0xff, 0x90,
    0x1f, 0xf1, 0x9, 0xff, 0xff, 0x70, 0x0, 0x3e,
    0xff, 0xf8, 0x2f, 0xf2, 0x8f, 0xff, 0xe3, 0x0,
    0x0, 0x9f, 0xff, 0xff, 0xef, 0xfe, 0xff, 0xff,
    0xfa, 0x0, 0x0, 0x59, 0x51, 0x8f, 0xff, 0xff,
    0xf8, 0x15, 0x95, 0x0, 0x0, 0x1, 0x0, 0x1b,
    0xff, 0xff, 0xb1, 0x0, 0x10, 0x0, 0x0, 0xaf,
    0xd9, 0xff, 0xff, 0xff, 0xff, 0x9d, 0xfb, 0x0,
    0x0, 0x3e, 0xff, 0xfe, 0x8f, 0xf8, 0xef, 0xff,
    0xe4, 0x0, 0x2, 0xbf, 0xff, 0xc1, 0x1f, 0xf1,
    0x1c, 0xff, 0xfb, 0x20, 0xc, 0xff, 0xef, 0x70,
    0x2f, 0xf2, 0x7, 0xfe, 0xff, 0xc0, 0x7, 0xc5,
    0x7f, 0x21, 0xdf, 0xfd, 0x12, 0xf8, 0x4c, 0x70,
    0x0, 0x0, 0x14, 0xd, 0xff, 0xff, 0xd0, 0x41,
    0x0, 0x0, 0x0, 0x0, 0x0, 0xa, 0x8f, 0xf8,
    0xa0, 0x0, 0x0, 0x0, 0x0, 0x0, 0x0, 0x0,
    0x1f, 0xf1, 0x0, 0x0, 0x0, 0x0, 0x0, 0x0,
    0x0, 0x0, 0xf, 0xf0, 0x0, 0x0, 0x0, 0x0,
    0x0, 0x0, 0x0, 0x0, 0x2, 0x20, 0x0, 0x0,
    0x0, 0x0,

    /* U+F2E7 "" */
    0xa, 0x2, 0x90, 0x46, 0x0, 0x0, 0x0, 0x6c,
    0x62, 0xf1, 0x5e, 0x8, 0xb0, 0x0, 0x0, 0xcf,
    0xfd, 0x4f, 0x37, 0xf0, 0xad, 0x0, 0x0, 0xaf,
    0xff, 0xd6, 0xf5, 0x8f, 0x1b, 0xf0, 0x0, 0x3f,
    0xff, 0xfd, 0x7f, 0x69, 0xf2, 0xdf, 0x0, 0x8,
    0xff, 0xff, 0xd9, 0xfb, 0xdf, 0x8f, 0xf2, 0x0,
    0xaf, 0xff, 0xfd, 0x9f, 0xff, 0xff, 0xff, 0x20,
    0xb, 0xff, 0xff, 0xd3, 0xff, 0xff, 0xff, 0xc0,
    0x0, 0xbf, 0xff, 0xfd, 0x6, 0xef, 0xff, 0xc2,
    0x0, 0xb, 0xff, 0xff, 0xd0, 0x0, 0xdf, 0x70,
    0x0, 0x0, 0xbf, 0xff, 0xfd, 0x0, 0xd, 0xf6,
    0x0, 0x0, 0xb, 0xff, 0xff, 0xd0, 0x0, 0xdf,
    0x60, 0x0, 0x0, 0x5f, 0xff, 0xfd, 0x0, 0xd,
    0xf6, 0x0, 0x0, 0x0, 0x37, 0xbf, 0xd0, 0x0,
    0xdf, 0x60, 0x0, 0x0, 0x0, 0x5, 0xfd, 0x0,
    0xd, 0xf6, 0x0, 0x0, 0x0, 0x0, 0x5f, 0xd0,
    0x0, 0xdf, 0x60, 0x0, 0x0, 0x0, 0x5, 0xfd,
    0x0, 0xd, 0xf6, 0x0, 0x0, 0x0, 0x0, 0x5f,
    0xd0, 0x0, 0x9f, 0x30, 0x0, 0x0, 0x0, 0x2,
    0xfa, 0x0, 0x0, 0x0, 0x0, 0x0, 0x0, 0x0,
    0x0, 0x0,

    /* U+F2F1 "" */
    0x0, 0x0, 0x1, 0x7b, 0xcd, 0xb7, 0x10, 0x0,
    0x8a, 0x0, 0x0, 0x7f, 0xff, 0xff, 0xff, 0xf7,
    0x8, 0xff, 0x0, 0x1d, 0xff, 0xea, 0x77, 0xae,
    0xff, 0xef, 0xff, 0x0, 0xcf, 0xf7, 0x0, 0x0,
    0x0, 0x7f, 0xff, 0xff, 0xa, 0xff, 0x30, 0x0,
    0x0, 0x0, 0x8f, 0xff, 0xff, 0x3f, 0xf6, 0x0,
    0x0, 0x0, 0x7, 0xff, 0xff, 0xff, 0x9f, 0xe0,
    0x0, 0x0, 0x0, 0x7, 0xee, 0xee, 0xeb, 0xcf,
    0x80, 0x0, 0x0, 0x0, 0x0, 0x0, 0x0, 0x0,
    0xaf, 0x20, 0x0, 0x0, 0x0, 0x0, 0x0, 0x0,
    0x0, 0x0, 0x0, 0x0, 0x0, 0x0, 0x0, 0x0,
    0x0, 0x95, 0x0, 0x0, 0x0, 0x0, 0x0, 0x0,
    0x0, 0x6, 0xfd, 0x58, 0x88, 0x88, 0x30, 0x0,
    0x0, 0x0, 0xb, 0xfa, 0xff, 0xff, 0xff, 0xa0,
    0x0, 0x0, 0x0, 0x2f, 0xf5, 0xff, 0xff, 0xfd,
    0x10, 0x0, 0x0, 0x0, 0xdf, 0xd0, 0xff, 0xff,
    0xf3, 0x0, 0x0, 0x0, 0x2c, 0xff, 0x30, 0xff,
    0xff, 0xff, 0x84, 0x11, 0x48, 0xff, 0xf5, 0x0,
    0xff, 0xd5, 0xdf, 0xff, 0xff, 0xff, 0xfd, 0x40,
    0x0, 0xfd, 0x10, 0x7, 0xdf, 0xff, 0xfd, 0x70,
    0x0, 0x0, 0x10, 0x0, 0x0, 0x1, 0x33, 0x10,
    0x0, 0x0, 0x0,

    /* U+F2F6 "" */
    0x0, 0x0, 0x0, 0x0, 0x0, 0x1, 0x66, 0x63,
    0x0, 0x0, 0x0, 0x0, 0x0, 0x0, 0xa, 0xff,
    0xff, 0xc1, 0x0, 0x0, 0x1, 0x91, 0x0, 0x4,
    0xdd, 0xdf, 0xf9, 0x0, 0x0, 0x5, 0xfd, 0x10,
    0x0, 0x0, 0x7, 0xfe, 0x0, 0x0, 0x5, 0xff,
    0xd1, 0x0, 0x0, 0x3, 0xff, 0x0, 0x0, 0x5,
    0xff, 0xfd, 0x10, 0x0, 0x3, 0xff, 0x6e, 0xff,
    0xff, 0xff, 0xff, 0xd1, 0x0, 0x3, 0xff, 0xff,
    0xff, 0xff, 0xff, 0xff, 0xfd, 0x10, 0x3, 0xff,
    0xff, 0xff, 0xff, 0xff, 0xff, 0xff, 0x30, 0x3,
    0xff, 0xcf, 0xff, 0xff, 0xff, 0xff, 0xf7, 0x0,
    0x3, 0xff, 0x6, 0x77, 0x7a, 0xff, 0xff, 0x70,
    0x0, 0x3, 0xff, 0x0, 0x0, 0x5, 0xff, 0xf7,
    0x0, 0x0, 0x3, 0xff, 0x0, 0x0, 0x5, 0xff,
    0x70, 0x0, 0x0, 0x4, 0xff, 0x0, 0x0, 0x4,
    0xf7, 0x0, 0x0, 0x11, 0x2a, 0xfd, 0x0, 0x0,
    0x0, 0x10, 0x0, 0x8, 0xff, 0xff, 0xf7, 0x0,
    0x0, 0x0, 0x0, 0x0, 0x8, 0xff, 0xff, 0x70,
    0x0, 0x0, 0x0, 0x0, 0x0, 0x0, 0x11, 0x10,
    0x0,

    /* U+F3C5 "" */
    0x0, 0x0, 0x37, 0x99, 0x61, 0x0, 0x0, 0x0,
    0x1b, 0xff, 0xff, 0xff, 0x60, 0x0, 0x3, 0xff,
    0xff, 0xff, 0xff, 0xfa, 0x0, 0xd, 0xff, 0xff,
    0xff, 0xff, 0xff, 0x50, 0x7f, 0xff, 0xff, 0xef,
    0xff, 0xff, 0xf0, 0xdf, 0xff, 0xf4, 0x0, 0xbf,
    0xff, 0xf4, 0xff, 0xff, 0x90, 0x0, 0x1f, 0xff,
    0xf7, 0xef, 0xff, 0x90, 0x0, 0x1f, 0xff, 0xf6,
    0xcf, 0xff, 0xf4, 0x0, 0xbf, 0xff, 0xf4, 0x8f,
    0xff, 0xff, 0xef, 0xff, 0xff, 0xf0, 0x2f, 0xff,
    0xff, 0xff, 0xff, 0xff, 0x90, 0x9, 0xff, 0xff,
    0xff, 0xff, 0xff, 0x10, 0x1, 0xff, 0xff, 0xff,
    0xff, 0xf9, 0x0, 0x0, 0x7f, 0xff, 0xff, 0xff,
    0xe1, 0x0, 0x0, 0xc, 0xff, 0xff, 0xff, 0x40,
    0x0, 0x0, 0x1, 0xef, 0xff, 0xf8, 0x0, 0x0,
    0x0, 0x0, 0x4f, 0xff, 0xb0, 0x0, 0x0, 0x0,
    0x0, 0x6, 0xfd, 0x10, 0x0, 0x0, 0x0, 0x0,
    0x0, 0x10, 0x0, 0x0, 0x0,

    /* U+F3FD "" */
    0x0, 0x0, 0x2, 0x7b, 0xcc, 0xb7, 0x10, 0x0,
    0x0, 0x0, 0x1, 0x9f, 0xff, 0xff, 0xff, 0xf9,
    0x0, 0x0, 0x0, 0x2d, 0xff, 0xff, 0xaa, 0xff,
    0xff, 0xd2, 0x0, 0x1, 0xdf, 0xff, 0xff, 0x0,
    0xff, 0xff, 0xfd, 0x10, 0xa, 0xff, 0x64, 0xff,
    0x66, 0xff, 0xff, 0xff, 0xa0, 0x2f, 0xff, 0x10,
    0xef, 0xff, 0xfc, 0x4e, 0xff, 0xf2, 0x8f, 0xff,
    0xdc, 0xff, 0xff, 0xf2, 0xe, 0xff, 0xf8, 0xdf,
    0xff, 0xff, 0xff, 0xff, 0xa0, 0x6f, 0xff, 0xfc,
    0xef, 0xa5, 0xff, 0xff, 0xff, 0x20, 0xeb, 0x4b,
    0xfe, 0xff, 0x50, 0xdf, 0xff, 0xfa, 0x6, 0xf6,
    0x5, 0xff, 0xdf, 0xea, 0xff, 0xff, 0x92, 0xe,
    0xfe, 0x9e, 0xfd, 0xaf, 0xff, 0xff, 0xf3, 0x0,
    0x2f, 0xff, 0xff, 0xfa, 0x5f, 0xff, 0xff, 0xc0,
    0x0, 0xc, 0xff, 0xff, 0xf5, 0xd, 0xff, 0xff,
    0xe0, 0x0, 0xe, 0xff, 0xff, 0xd0, 0x4, 0xff,
    0xff, 0xfb, 0x33, 0xbf, 0xff, 0xff, 0x40, 0x0,
    0x6f, 0xff, 0xff, 0xff, 0xff, 0xff, 0xf6, 0x0,
    0x0, 0x5, 0xef, 0xff, 0xff, 0xff, 0xfe, 0x40,
    0x0, 0x0, 0x0, 0x8, 0xdf, 0xff, 0xfd, 0x80,
    0x0, 0x0, 0x0, 0x0, 0x0, 0x1, 0x33, 0x10,
    0x0, 0x0, 0x0,

    /* U+F494 "" */
    0x0, 0x0, 0x0, 0x1, 0x6b, 0xc8, 0x20, 0x0,
    0x0, 0x0, 0x0, 0x0, 0x1, 0x6c, 0xff, 0xff,
    0xff, 0xd8, 0x20, 0x0, 0x0, 0x1, 0x6b, 0xff,
    0xff, 0xff, 0xff, 0xff, 0xff, 0xd7, 0x20, 0x4,
    0xef, 0xff, 0xff, 0xff, 0xff, 0xff, 0xff, 0xff,
    0xff, 0x70, 0xcf, 0xff, 0xff, 0xff, 0xff, 0xff,
    0xff, 0xff, 0xff, 0xff, 0x1f, 0xff, 0xff, 0xff,
    0xff, 0xff, 0xff, 0xff, 0xff, 0xff, 0xf3, 0xff,
    0xff, 0xff, 0xff, 0xff, 0xff, 0xff, 0xff, 0xff,
    0xff, 0x3f, 0xfc, 0x55, 0x55, 0x55, 0x55, 0x55,
    0x55, 0x55, 0xaf, 0xf3, 0xff, 0x40, 0x0, 0x0,
    0x0, 0x0, 0x0, 0x0, 0x0, 0xff, 0x3f, 0xf3,
    0xf, 0xff, 0xff, 0xff, 0xff, 0xff, 0xf4, 0xf,
    0xf3, 0xff, 0x30, 0xff, 0xff, 0xff, 0xff, 0xff,
    0xff, 0x40, 0xff, 0x3f, 0xf3, 0x4, 0x44, 0x44,
    0x44, 0x44, 0x44, 0x41, 0xf, 0xf3, 0xff, 0x30,
    0x44, 0x44, 0x44, 0x44, 0x44, 0x44, 0x10, 0xff,
    0x3f, 0xf3, 0xf, 0xff, 0xff, 0xff, 0xff, 0xff,
    0xf4, 0xf, 0xf3, 0xff, 0x30, 0xff, 0xff, 0xff,
    0xff, 0xff, 0xff, 0x40, 0xff, 0x3f, 0xf3, 0x0,
    0x0, 0x0, 0x0, 0x0, 0x0, 0x0, 0xf, 0xf3,
    0xff, 0x30, 0xff, 0xff, 0xff, 0xff, 0xff, 0xff,
    0x40, 0xff, 0x3d, 0xf1, 0xf, 0xff, 0xff, 0xff,
    0xff, 0xff, 0xf4, 0xd, 0xf1, 0x1, 0x0, 0x33,
    0x33, 0x33, 0x33, 0x33, 0x33, 0x10, 0x1, 0x0,

    /* U+F52A "" */
    0x0, 0x9d, 0xdd, 0xdd, 0xdd, 0xdd, 0xc7, 0x0,
    0x9, 0xff, 0xff, 0xff, 0xff, 0xff, 0xff, 0x50,
    0xd, 0xff, 0xff, 0xff, 0xff, 0xff, 0xff, 0x90,
    0xe, 0xff, 0xff, 0xff, 0xff, 0xff, 0xff, 0xa0,
    0xe, 0xff, 0xff, 0xff, 0xff, 0xff, 0xff, 0xa0,
    0xe, 0xff, 0xff, 0xff, 0xff, 0xff, 0xff, 0xa0,
    0xe, 0xff, 0xff, 0xff, 0xff, 0xff, 0xff, 0xa0,
    0xe, 0xff, 0xff, 0xff, 0xff, 0xff, 0xff, 0xa0,
    0xe, 0xff, 0xff, 0xff, 0xff, 0x82, 0xef, 0xa0,
    0xe, 0xff, 0xff, 0xff, 0xff, 0x40, 0xcf, 0xa0,
    0xe, 0xff, 0xff, 0xff, 0xff, 0xec, 0xff, 0xa0,
    0xe, 0xff, 0xff, 0xff, 0xff, 0xff, 0xff, 0xa0,
    0xe, 0xff, 0xff, 0xff, 0xff, 0xff, 0xff, 0xa0,
    0xe, 0xff, 0xff, 0xff, 0xff, 0xff, 0xff, 0xa0,
    0xe, 0xff, 0xff, 0xff, 0xff, 0xff, 0xff, 0xa0,
    0xe, 0xff, 0xff, 0xff, 0xff, 0xff, 0xff, 0xa0,
    0xaf, 0xff, 0xff, 0xff, 0xff, 0xff, 0xff, 0xf6,
    0xdf, 0xff, 0xff, 0xff, 0xff, 0xff, 0xff, 0xf9,
    0x3, 0x44, 0x44, 0x44, 0x44, 0x44, 0x44, 0x30,

    /* U+F54E "" */
    0x0, 0x4, 0x66, 0x66, 0x66, 0x66, 0x66, 0x66,
    0x40, 0x0, 0x0, 0x9f, 0xff, 0xff, 0xff, 0xff,
    0xff, 0xff, 0xfa, 0x0, 0x1, 0xff, 0xff, 0xff,
    0xff, 0xff, 0xff, 0xff, 0xff, 0x20, 0x6, 0xff,
    0xff, 0xff, 0xff, 0xff, 0xff, 0xff, 0xff, 0x60,
    0xb, 0xff, 0xff, 0xff, 0xff, 0xff, 0xff, 0xff,
    0xff, 0xb0, 0xd, 0xff, 0xff, 0xff, 0xff, 0xff,
    0xff, 0xff, 0xff, 0xd0, 0x9, 0xff, 0xfd, 0xff,
    0xff, 0xef, 0xff, 0xdf, 0xff, 0xa0, 0x0, 0x9d,
    0x90, 0x6c, 0xb3, 0x3b, 0xc6, 0x9, 0xd9, 0x0,
    0x0, 0x0, 0x0, 0x0, 0x0, 0x0, 0x0, 0x0,
    0x0, 0x0, 0x0, 0xcb, 0x30, 0x0, 0x0, 0x0,
    0x0, 0x3, 0xbc, 0x0, 0x0, 0xef, 0x50, 0x0,
    0x0, 0x0, 0x0, 0x5, 0xfe, 0x0, 0x0, 0xef,
    0xa7, 0x77, 0x77, 0x77, 0x77, 0x7a, 0xfe, 0x0,
    0x0, 0xef, 0xff, 0xff, 0xff, 0xff, 0xff, 0xff,
    0xfe, 0x0, 0x0, 0xef, 0xff, 0xff, 0xff, 0xff,
    0xff, 0xff, 0xfe, 0x0, 0x0, 0xef, 0xff, 0xff,
    0xff, 0xff, 0xff, 0xff, 0xfd, 0x0, 0x0, 0x6e,
    0xff, 0xff, 0xff, 0xff, 0xff, 0xff, 0xe5, 0x0,
    0x0, 0x0, 0x0, 0x0, 0x0, 0x0, 0x0, 0x0,
    0x0, 0x0,

    /* U+F54F "" */
    0x0, 0x4, 0xbd, 0xdd, 0xdd, 0xdd, 0xdd, 0xdc,
    0x80, 0x0, 0x0, 0x3f, 0xff, 0xff, 0xff, 0xff,
    0xff, 0xff, 0xf9, 0x0, 0x0, 0xbf, 0xff, 0xff,
    0xff, 0xff, 0xff, 0xff, 0xff, 0x20, 0x3, 0xff,
    0xff, 0xff, 0xff, 0xff, 0xff, 0xff, 0xff, 0xa0,
    0xb, 0xff, 0xff, 0xff, 0xff, 0xff, 0xff, 0xff,
    0xff, 0xf2, 0x2f, 0xff, 0xff, 0xff, 0xff, 0xff,
    0xff, 0xff, 0xff, 0xf9, 0x3f, 0xff, 0xff, 0xff,
    0xff, 0xff, 0xff, 0xff, 0xff, 0xfa, 0xa, 0xff,
    0xff, 0xff, 0xff, 0xff, 0xff, 0xff, 0xff, 0xd3,
    0x0, 0xaf, 0x90, 0x0, 0x0, 0xcf, 0x70, 0x3,
    0xff, 0x10, 0x0, 0xaf, 0x90, 0x0, 0x0, 0xcf,
    0x70, 0x2, 0xff, 0x10, 0x0, 0xaf, 0x90, 0x0,
    0x0, 0xcf, 0x70, 0x2, 0xff, 0x10, 0x0, 0xaf,
    0x90, 0x0, 0x0, 0xcf, 0x70, 0x2, 0xff, 0x10,
    0x0, 0xaf, 0xc4, 0x44, 0x44, 0xef, 0x70, 0x2,
    0xff, 0x10, 0x0, 0xaf, 0xff, 0xff, 0xff, 0xff,
    0x70, 0x2, 0xff, 0x10, 0x0, 0xaf, 0xff, 0xff,
    0xff, 0xff, 0x60, 0x2, 0xff, 0x10, 0x0, 0x3e,
    0xff, 0xff, 0xff, 0xfd, 0x0, 0x0, 0xed, 0x0,
    0x0, 0x0, 0x12, 0x22, 0x22, 0x10, 0x0, 0x0,
    0x0, 0x0,

    /* U+F553 "" */
    0x0, 0x0, 0x6, 0xbc, 0x60, 0x0, 0x0, 0xcc,
    0xa2, 0x0, 0x0, 0x0, 0x0, 0x9, 0xff, 0xfc,
    0x0, 0x0, 0x4f, 0xff, 0xf3, 0x0, 0x0, 0x0,
    0x9, 0xff, 0xff, 0xfa, 0x10, 0x4e, 0xff, 0xff,
    0xf3, 0x0, 0x0, 0x9, 0xff, 0xff, 0xff, 0xff,
    0xff, 0xff, 0xff, 0xff, 0xf3, 0x0, 0x9, 0xff,
    0xff, 0xff, 0xff, 0xff, 0xff, 0xff, 0xff, 0xff,
    0xf3, 0x5, 0xff, 0xff, 0xff, 0xff, 0xff, 0xff,
    0xff, 0xff, 0xff, 0xff, 0xe0, 0x3f, 0xff, 0xff,
    0xff, 0xff, 0xff, 0xff, 0xff, 0xff, 0xff, 0xfc,
    0x0, 0x5f, 0xfe, 0x8f, 0xff, 0xff, 0xff, 0xff,
    0xfe, 0x9f, 0xfc, 0x10, 0x0, 0x4a, 0x25, 0xff,
    0xff, 0xff, 0xff, 0xff, 0xe0, 0x79, 0x10, 0x0,
    0x0, 0x0, 0x5f, 0xff, 0xff, 0xff, 0xff, 0xfe,
    0x0, 0x0, 0x0, 0x0, 0x0, 0x5, 0xff, 0xff,
    0xff, 0xff, 0xff, 0xe0, 0x0, 0x0, 0x0, 0x0,
    0x0, 0x5f, 0xff, 0xff, 0xff, 0xff, 0xfe, 0x0,
    0x0, 0x0, 0x0, 0x0, 0x5, 0xff, 0xff, 0xff,
    0xff, 0xff, 0xe0, 0x0, 0x0, 0x0, 0x0, 0x0,
    0x5f, 0xff, 0xff, 0xff, 0xff, 0xfe, 0x0, 0x0,
    0x0, 0x0, 0x0, 0x5, 0xff, 0xff, 0xff, 0xff,
    0xff, 0xe0, 0x0, 0x0, 0x0, 0x0, 0x0, 0x3f,
    0xff, 0xff, 0xff, 0xff, 0xfb, 0x0, 0x0, 0x0,
    0x0, 0x0, 0x0, 0x8f, 0xff, 0xff, 0xff, 0xfe,
    0x30, 0x0, 0x0, 0x0, 0x0, 0x0, 0x0, 0x1,
    0x11, 0x11, 0x11, 0x0, 0x0, 0x0, 0x0,

    /* U+F5AA "" */
    0x18, 0xbc, 0xcc, 0xcc, 0xcc, 0xcc, 0xb6, 0x0,
    0x0, 0xbf, 0xff, 0xff, 0xff, 0xff, 0xff, 0xff,
    0x50, 0x0, 0xff, 0xff, 0xff, 0xff, 0xff, 0xff,
    0xff, 0xc6, 0x20, 0xff, 0xff, 0xff, 0xff, 0xff,
    0xff, 0xff, 0xff, 0xf4, 0xff, 0xff, 0xff, 0xff,
    0xff, 0xff, 0xff, 0xee, 0xfd, 0xdf, 0xff, 0xff,
    0xff, 0xff, 0xff, 0xff, 0x64, 0xff, 0x3d, 0xff,
    0xff, 0xff, 0xff, 0xff, 0xfa, 0x4, 0xff, 0x0,
    0x0, 0x0, 0x0, 0x0, 0x0, 0x0, 0x4, 0xff,
    0x0, 0x0, 0x0, 0x0, 0x0, 0x0, 0x0, 0x5,
    0xff, 0x0, 0x0, 0x0, 0x1, 0xae, 0xff, 0xff,
    0xff, 0xfc, 0x0, 0x0, 0x0, 0xd, 0xff, 0xff,
    0xff, 0xff, 0xe2, 0x0, 0x0, 0x0, 0x2f, 0xf6,
    0x44, 0x44, 0x43, 0x0, 0x0, 0x0, 0x0, 0x6f,
    0xf2, 0x0, 0x0, 0x0, 0x0, 0x0, 0x0, 0x2,
    0xff, 0xfe, 0x0, 0x0, 0x0, 0x0, 0x0, 0x0,
    0x5, 0xff, 0xff, 0x10, 0x0, 0x0, 0x0, 0x0,
    0x0, 0x6, 0xff, 0xff, 0x20, 0x0, 0x0, 0x0,
    0x0, 0x0, 0x6, 0xff, 0xff, 0x20, 0x0, 0x0,
    0x0, 0x0, 0x0, 0x5, 0xff, 0xff, 0x10, 0x0,
    0x0, 0x0, 0x0, 0x0, 0x1, 0xdf, 0xf9, 0x0,
    0x0, 0x0, 0x0, 0x0, 0x0, 0x0, 0x2, 0x10,
    0x0, 0x0, 0x0, 0x0,

    /* U+F5B0 "" */
    0x0, 0x0, 0x2, 0x52, 0x0, 0x0, 0x0, 0x0,
    0x0, 0x0, 0x0, 0x0, 0x0, 0x7f, 0xff, 0x91,
    0x0, 0x0, 0x0, 0x0, 0x0, 0x0, 0x0, 0x0,
    0x2f, 0xff, 0xff, 0x81, 0x0, 0x0, 0x0, 0x45,
    0x0, 0x0, 0x0, 0x5, 0xff, 0xff, 0xff, 0x80,
    0x3, 0x9e, 0xff, 0xb0, 0x0, 0x0, 0x0, 0x8f,
    0xff, 0xff, 0xfe, 0xdf, 0xff, 0xff, 0xf1, 0x0,
    0x0, 0x0, 0xb, 0xff, 0xff, 0xff, 0xff, 0xff,
    0xff, 0xc0, 0x7, 0x60, 0x0, 0x6, 0xff, 0xff,
    0xff, 0xff, 0xff, 0xe8, 0x0, 0x1f, 0xfd, 0x59,
    0xef, 0xff, 0xff, 0xff, 0xff, 0x94, 0x0, 0x0,
    0x9, 0xff, 0xff, 0xff, 0xff, 0xff, 0xfb, 0x50,
    0x0, 0x0, 0x0, 0x1, 0xef, 0xff, 0xff, 0xff,
    0xc6, 0x10, 0x0, 0x0, 0x0, 0x0, 0x0, 0x6f,
    0xff, 0xfe, 0x82, 0x0, 0x0, 0x0, 0x0, 0x0,
    0x0, 0x0, 0x5, 0xb9, 0x40, 0x0, 0x0, 0x0,
    0x0, 0x0, 0x0, 0x0, 0x0, 0x0, 0x0, 0x0,
    0x0, 0x0, 0x0, 0x0, 0x0, 0x0, 0x0, 0x0,
    0x0, 0x0, 0x0, 0x0, 0x0, 0x0, 0x0, 0x0,
    0x0, 0x0, 0x0, 0x0, 0x0, 0x0, 0x0, 0x0,
    0x0, 0x0, 0x0, 0x0, 0x0, 0xa, 0xff, 0xff,
    0xff, 0xff, 0xff, 0xff, 0xff, 0xff, 0xff, 0xd0,
    0xd, 0xff, 0xff, 0xff, 0xff, 0xff, 0xff, 0xff,
    0xff, 0xff, 0xf1, 0x0, 0x33, 0x33, 0x33, 0x33,
    0x33, 0x33, 0x33, 0x33, 0x33, 0x10,

    /* U+F5DA "" */
    0x0, 0x0, 0x0, 0x0, 0x44, 0x0, 0x0, 0x0,
    0x0, 0x0, 0x0, 0x0, 0x2e, 0xff, 0xe2, 0x0,
    0x0, 0x0, 0x0, 0x0, 0x0, 0xcf, 0xff, 0xfc,
    0x0, 0x0, 0x0, 0x0, 0x0, 0x0, 0xff, 0xff,
    0xff, 0x0, 0x0, 0x0, 0x0, 0x0, 0x0, 0xef,
    0xff, 0xfe, 0x0, 0x0, 0x0, 0x0, 0x0, 0x0,
    0x7f, 0xff, 0xf7, 0x0, 0x0, 0x0, 0x0, 0x0,
    0x0, 0x5, 0xbb, 0x50, 0x0, 0x0, 0x0, 0x0,
    0x0, 0x0, 0x0, 0x0, 0x0, 0x0, 0x0, 0x0,
    0x6e, 0xff, 0xdb, 0x72, 0x0, 0x27, 0xbd, 0xff,
    0xe5, 0xff, 0xff, 0xff, 0xff, 0xcc, 0xff, 0xff,
    0xff, 0xfe, 0xff, 0xff, 0xff, 0xff, 0xff, 0xfe,
    0x96, 0x47, 0xff, 0xff, 0xff, 0xff, 0xff, 0xfa,
    0x30, 0x0, 0x3, 0xff, 0xff, 0xff, 0xff, 0xff,
    0xf0, 0x0, 0x0, 0x3, 0xff, 0xff, 0xff, 0xff,
    0xff, 0xf0, 0x0, 0x0, 0x3, 0xff, 0xff, 0xff,
    0xff, 0xff, 0xf0, 0x0, 0x0, 0x3, 0xff, 0xff,
    0xff, 0xff, 0xff, 0xf0, 0x0, 0x0, 0x15, 0xff,
    0xff, 0xff, 0xff, 0xff, 0xf0, 0x5a, 0xdf, 0xff,
    0xfe, 0x8f, 0xff, 0xff, 0xff, 0xff, 0xff, 0xff,
    0xff, 0xf7, 0x0, 0x23, 0x47, 0xcf, 0xff, 0xfc,
    0x74, 0x32, 0x0, 0x0, 0x0, 0x0, 0x2, 0x77,
    0x20, 0x0, 0x0, 0x0,

    /* U+F5E7 "" */
    0x0, 0x7b, 0xcc, 0xcc, 0xca, 0x30, 0x0, 0x0,
    0x0, 0x0, 0x7, 0xff, 0xff, 0xff, 0xff, 0xf1,
    0x0, 0x0, 0x0, 0x0, 0xb, 0xff, 0xff, 0xff,
    0xff, 0xf5, 0x0, 0x5, 0x5, 0x0, 0xc, 0xff,
    0xff, 0xb5, 0xff, 0xf6, 0x0, 0x4d, 0xf, 0x10,
    0xc, 0xff, 0xf9, 0x7, 0xff, 0xf6, 0x0, 0x7e,
    0x4f, 0x40, 0xc, 0xff, 0x70, 0xb, 0xff, 0xf6,
    0x5, 0xff, 0xff, 0xf3, 0xc, 0xfd, 0x10, 0x0,
    0x3f, 0xf6, 0x5, 0xff, 0xff, 0xf3, 0xc, 0xff,
    0xf5, 0x2, 0xdf, 0xf6, 0x2, 0xff, 0xff, 0xe0,
    0xc, 0xff, 0xf0, 0x3e, 0xff, 0xf6, 0x0, 0x5e,
    0xfe, 0x30, 0xc, 0xff, 0xe6, 0xff, 0xff, 0xf6,
    0x0, 0x6, 0xf4, 0x0, 0xc, 0xff, 0xff, 0xff,
    0xff, 0xfb, 0x50, 0x6, 0xf4, 0x0, 0xc, 0xff,
    0xff, 0xff, 0xff, 0xff, 0xf8, 0x6, 0xf4, 0x0,
    0xc, 0xff, 0xff, 0xff, 0xff, 0xf7, 0xcf, 0x6,
    0xf4, 0x0, 0xc, 0xff, 0xff, 0xff, 0xff, 0xf6,
    0x7f, 0x37, 0xf3, 0x0, 0xc, 0xff, 0xff, 0xff,
    0xff, 0xf6, 0x4f, 0xde, 0xf1, 0x0, 0xc, 0xff,
    0xff, 0xff, 0xff, 0xf6, 0x7, 0xed, 0x50, 0x0,
    0xd, 0xff, 0xff, 0xff, 0xff, 0xf7, 0x0, 0x0,
    0x0, 0x0, 0x3f, 0xff, 0xff, 0xff, 0xff, 0xfd,
    0x0, 0x0, 0x0, 0x0, 0x3, 0x44, 0x44, 0x44,
    0x44, 0x41, 0x0, 0x0, 0x0, 0x0,

    /* U+F5FD "" */
    0x0, 0x0, 0x0, 0x4, 0xaa, 0x40, 0x0, 0x0,
    0x0, 0x0, 0x0, 0x5, 0xdf, 0xff, 0xfd, 0x60,
    0x0, 0x0, 0x0, 0x7, 0xef, 0xff, 0xff, 0xff,
    0xfe, 0x70, 0x0, 0x18, 0xef, 0xff, 0xff, 0xff,
    0xff, 0xff, 0xff, 0x81, 0xcf, 0xff, 0xff, 0xff,
    0xff, 0xff, 0xff, 0xff, 0xfd, 0x6e, 0xff, 0xff,
    0xff, 0xff, 0xff, 0xff, 0xff, 0xe6, 0x0, 0x6d,
    0xff, 0xff, 0xff, 0xff, 0xff, 0xd6, 0x0, 0x0,
    0x0, 0x5c, 0xff, 0xff, 0xff, 0xc5, 0x0, 0x0,
    0x6f, 0xb4, 0x0, 0x4b, 0xff, 0xb4, 0x0, 0x4b,
    0xf7, 0xcf, 0xff, 0xc5, 0x0, 0x11, 0x0, 0x5c,
    0xff, 0xfc, 0x17, 0xef, 0xff, 0xd6, 0x22, 0x6d,
    0xff, 0xfe, 0x70, 0x0, 0x6, 0xdf, 0xff, 0xff,
    0xff, 0xfd, 0x60, 0x0, 0x2a, 0x60, 0x5, 0xcf,
    0xff, 0xfc, 0x50, 0x3, 0x71, 0xdf, 0xfe, 0x71,
    0x4, 0xaa, 0x40, 0x5, 0xcf, 0xfc, 0x4c, 0xff,
    0xff, 0x81, 0x0, 0x17, 0xef, 0xff, 0xe5, 0x0,
    0x4b, 0xff, 0xff, 0xdd, 0xff, 0xff, 0xc5, 0x0,
    0x0, 0x0, 0x3a, 0xff, 0xff, 0xff, 0xb4, 0x0,
    0x0, 0x0, 0x0, 0x0, 0x29, 0xff, 0x92, 0x0,
    0x0, 0x0, 0x0, 0x0, 0x0, 0x0, 0x0, 0x0,
    0x0, 0x0, 0x0,

    /* U+F6FC "" */
    0x0, 0x0, 0x0, 0x0, 0xa, 0xa1, 0x0, 0x0,
    0x0, 0x0, 0x0, 0x0, 0x0, 0x0, 0x8f, 0xf9,
    0x0, 0x0, 0x0, 0x0, 0x0, 0x0, 0x0, 0x1,
    0xff, 0xff, 0x20, 0x0, 0x0, 0x0, 0x0, 0x0,
    0x0, 0x9, 0xfe, 0xef, 0xa0, 0x0, 0x0, 0x0,
    0x0, 0x0, 0x0, 0x2f, 0xf6, 0x6f, 0xf3, 0x0,
    0x0, 0x0, 0x0, 0x0, 0x0, 0xaf, 0xd0, 0xd,
    0xfb, 0x0, 0x0, 0x0, 0x0, 0x0, 0x3, 0xff,
    0x40, 0x4, 0xff, 0x40, 0x0, 0x0, 0x0, 0x0,
    0xb, 0xfc, 0x0, 0x0, 0xbf, 0xd0, 0x0, 0x0,
    0x0, 0x0, 0x4f, 0xf3, 0x1, 0xbf, 0xff, 0xf5,
    0x0, 0x0, 0x0, 0x0, 0xdf, 0xf8, 0x1c, 0xff,
    0xff, 0xfe, 0x0, 0x0, 0x0, 0x5, 0xff, 0xff,
    0xff, 0xff, 0xff, 0xff, 0x70, 0x0, 0x0, 0xe,
    0xff, 0xff, 0xff, 0xff, 0xff, 0xff, 0xe0, 0x0,
    0x0, 0x7f, 0xff, 0xff, 0xff, 0xff, 0xff, 0xff,
    0xf8, 0x0, 0x0, 0xef, 0xff, 0xff, 0xff, 0xff,
    0xff, 0xff, 0xff, 0x10, 0x8, 0xff, 0xff, 0xff,
    0xff, 0xff, 0xff, 0xff, 0xff, 0x90, 0xe, 0xff,
    0xff, 0xff, 0xff, 0xff, 0xff, 0xff, 0xff, 0xf0,
    0x9, 0xff, 0xff, 0xff, 0xff, 0xff, 0xff, 0xff,
    0xff, 0xa0, 0x0, 0x0, 0x0, 0x0, 0x0, 0x0,
    0x0, 0x0, 0x0, 0x0,

    /* U+F72E "" */
    0x0, 0x0, 0x0, 0x0, 0x0, 0x7f, 0xfc, 0x40,
    0x0, 0x0, 0x0, 0x0, 0x0, 0x0, 0xb, 0xff,
    0xff, 0x30, 0x0, 0x0, 0x0, 0x0, 0x0, 0x0,
    0x4, 0x5d, 0xfa, 0x0, 0x0, 0x0, 0x0, 0x0,
    0x0, 0x0, 0x0, 0xaf, 0xb0, 0x0, 0x9f, 0xff,
    0xff, 0xff, 0xff, 0xff, 0xff, 0xf6, 0x0, 0xd,
    0xff, 0xff, 0xff, 0xff, 0xff, 0xff, 0xfa, 0x0,
    0x0, 0x14, 0x44, 0x44, 0x44, 0x44, 0x44, 0x42,
    0x0, 0x0, 0x0, 0x0, 0x0, 0x0, 0x0, 0x0,
    0x0, 0x0, 0x0, 0x0, 0x9f, 0xff, 0xff, 0xff,
    0xff, 0xff, 0xff, 0xfc, 0x40, 0xd, 0xff, 0xff,
    0xff, 0xff, 0xff, 0xff, 0xff, 0xff, 0x50, 0x14,
    0x44, 0x44, 0x44, 0x44, 0x44, 0x44, 0x5c, 0xfd,
    0x0, 0x0, 0x0, 0x0, 0x0, 0x0, 0x0, 0x0,
    0x5f, 0xf0, 0x9f, 0xff, 0xff, 0xd7, 0x0, 0x0,
    0x5, 0x6d, 0xfc, 0xd, 0xff, 0xff, 0xff, 0xf7,
    0x0, 0x7, 0xff, 0xff, 0x40, 0x14, 0x44, 0x45,
    0xbf, 0xd0, 0x0, 0x3d, 0xdb, 0x30, 0x0, 0x0,
    0x0, 0x7, 0xfe, 0x0, 0x0, 0x0, 0x0, 0x0,
    0x0, 0x4, 0xff, 0xff, 0xa0, 0x0, 0x0, 0x0,
    0x0, 0x0, 0x0, 0x7f, 0xff, 0xb1, 0x0, 0x0,
    0x0, 0x0, 0x0, 0x0, 0x0, 0x33, 0x20, 0x0,
    0x0, 0x0, 0x0, 0x0, 0x0,

    /* U+F773 "" */
    0x0, 0x0, 0x36, 0x61, 0x0, 0x0, 0x16, 0x73,
    0x0, 0x0, 0x0, 0x1a, 0xff, 0xff, 0x70, 0x7,
    0xff, 0xff, 0xb2, 0x0, 0xa, 0xff, 0xa4, 0x6d,
    0xfe, 0xef, 0xd6, 0x4a, 0xff, 0xa0, 0xa, 0xa4,
    0x0, 0x0, 0x7b, 0xb7, 0x0, 0x0, 0x4a, 0xa0,
    0x0, 0x0, 0x0, 0x0, 0x0, 0x0, 0x0, 0x0,
    0x0, 0x0, 0x0, 0x0, 0x25, 0x50, 0x0, 0x0,
    0x5, 0x62, 0x0, 0x0, 0x0, 0x19, 0xff, 0xfe,
    0x60, 0x6, 0xef, 0xff, 0xa1, 0x0, 0x9, 0xff,
    0xb5, 0x7e, 0xfe, 0xef, 0xe7, 0x5b, 0xff, 0x90,
    0xb, 0xb5, 0x0, 0x0, 0x8c, 0xc8, 0x0, 0x0,
    0x5b, 0xb0, 0x0, 0x0, 0x0, 0x0, 0x0, 0x0,
    0x0, 0x0, 0x0, 0x0, 0x0, 0x0, 0x14, 0x40,
    0x0, 0x0, 0x4, 0x51, 0x0, 0x0, 0x0, 0x8,
    0xff, 0xfe, 0x50, 0x5, 0xef, 0xff, 0x90, 0x0,
    0x8, 0xff, 0xc6, 0x8e, 0xfd, 0xdf, 0xe8, 0x6c,
    0xff, 0x80, 0xb, 0xc6, 0x0, 0x1, 0x9d, 0xd9,
    0x10, 0x0, 0x6c, 0xc0,

    /* U+F794 "" */
    0x5, 0x88, 0x50, 0x48, 0x82, 0x7, 0x87, 0x2,
    0x88, 0x71, 0x0, 0x1f, 0xff, 0x80, 0xcf, 0xf5,
    0xf, 0xff, 0x21, 0xff, 0xf9, 0x0, 0x7f, 0xff,
    0x50, 0xff, 0xf5, 0xf, 0xff, 0x50, 0xef, 0xfe,
    0x0, 0xcf, 0xff, 0x22, 0xff, 0xf5, 0xf, 0xfa,
    0x20, 0xbf, 0xff, 0x30, 0xbf, 0xfe, 0x5, 0xff,
    0xf5, 0xf, 0x70, 0x0, 0x48, 0x7c, 0x20, 0x0,
    0x0, 0x0, 0x0, 0x0, 0x0, 0x2, 0xb6, 0x0,
    0x0, 0x0, 0x1, 0x11, 0x11, 0x11, 0x11, 0x0,
    0x2e, 0xff, 0x7b, 0xa0, 0x0, 0xe, 0xff, 0xff,
    0xff, 0xff, 0x20, 0xdf, 0xff, 0xff, 0xf8, 0x0,
    0xb, 0xff, 0xff, 0xff, 0xf9, 0x9, 0xff, 0xff,
    0xff, 0xff, 0x40, 0x8, 0xff, 0xff, 0xff, 0xf1,
    0x2f, 0xff, 0xff, 0xff, 0xff, 0xd0, 0x5, 0xff,
    0xff, 0xff, 0xc0, 0x8f, 0xff, 0xf7, 0xbf, 0xff,
    0xf3, 0x2, 0xff, 0xff, 0xff, 0x90, 0xbf, 0xff,
    0x70, 0xc, 0xff, 0xf6, 0x0, 0xff, 0xff, 0xff,
    0x90, 0xaf, 0xfd, 0x0, 0x3, 0xff, 0xf5, 0x0,
    0xdf, 0xda, 0xaa, 0x70, 0x7f, 0xfa, 0x0, 0x0,
    0xff, 0xf2, 0x0, 0x8f, 0x70, 0x0, 0x0, 0x2f,
    0xfd, 0x0, 0x2, 0xff, 0xb0, 0x0, 0x4, 0x0,
    0x0, 0x0, 0x7, 0xff, 0xa3, 0x4d, 0xff, 0x20,
    0x0, 0x0, 0x0, 0x0, 0x0, 0x0, 0x5e, 0xff,
    0xff, 0xc2, 0x0, 0x0, 0x0, 0x0, 0x0, 0x0,
    0x0, 0x1, 0x47, 0x63, 0x0, 0x0,

    /* U+F7B6 "" */
    0x0, 0x12, 0x0, 0x12, 0x0, 0x0, 0x0, 0x0,
    0x0, 0x0, 0x9, 0xf0, 0xa, 0xe0, 0x0, 0x0,
    0x0, 0x0, 0x0, 0x0, 0x6f, 0x80, 0x7f, 0x70,
    0x0, 0x0, 0x0, 0x0, 0x0, 0x0, 0xcf, 0x71,
    0xdf, 0x60, 0x0, 0x0, 0x0, 0x0, 0x0, 0x1,
    0xdf, 0x1, 0xde, 0x0, 0x0, 0x0, 0x0, 0x0,
    0x0, 0x6, 0xf2, 0x7, 0xf1, 0x0, 0x0, 0x0,
    0x0, 0x0, 0x0, 0x3, 0x0, 0x3, 0x0, 0x0,
    0x0, 0x0, 0x0, 0x0, 0x0, 0x0, 0x0, 0x0,
    0x0, 0x0, 0x0, 0x0, 0x9f, 0xff, 0xff, 0xff,
    0xff, 0xff, 0xff, 0xd8, 0x0, 0xe, 0xff, 0xff,
    0xff, 0xff, 0xff, 0xff, 0xff, 0xfc, 0x0, 0xef,
    0xff, 0xff, 0xff, 0xff, 0xff, 0xfb, 0x8f, 0xf8,
    0xe, 0xff, 0xff, 0xff, 0xff, 0xff, 0xff, 0x90,
    0x7f, 0xe0, 0xef, 0xff, 0xff, 0xff, 0xff, 0xff,
    0xf9, 0x3, 0xff, 0xe, 0xff, 0xff, 0xff, 0xff,
    0xff, 0xff, 0x90, 0x7f, 0xe0, 0xef, 0xff, 0xff,
    0xff, 0xff, 0xff, 0xfb, 0x8f, 0xf8, 0xe, 0xff,
    0xff, 0xff, 0xff, 0xff, 0xff, 0xff, 0xfd, 0x0,
    0xcf, 0xff, 0xff, 0xff, 0xff, 0xff, 0xff, 0xd8,
    0x0, 0x7, 0xff, 0xff, 0xff, 0xff, 0xff, 0xfe,
    0x10, 0x0, 0x0, 0x8, 0xff, 0xff, 0xff, 0xff,
    0xfe, 0x40, 0x0, 0x0, 0x0, 0x1, 0x33, 0x33,
    0x33, 0x33, 0x0, 0x0, 0x0, 0x0,

    /* U+F7C0 "" */
    0x0, 0x0, 0x0, 0x4, 0xb9, 0x62, 0x0, 0x0,
    0x0, 0x0, 0x0, 0x0, 0x7, 0xff, 0xff, 0xb2,
    0x0, 0x0, 0x0, 0x0, 0x0, 0x0, 0x1, 0x5b,
    0xff, 0x60, 0x0, 0x0, 0x0, 0x0, 0x2, 0x86,
    0x10, 0x3e, 0xf6, 0x0, 0x1, 0x0, 0x0, 0x8,
    0xff, 0xf7, 0x1, 0xdf, 0x30, 0x2f, 0xd1, 0x0,
    0x0, 0x36, 0xdf, 0xb0, 0x2f, 0xc0, 0x8f, 0xfd,
    0x10, 0x0, 0x0, 0x9, 0xf7, 0x9, 0xf4, 0xcf,
    0xff, 0xd1, 0x0, 0x0, 0x0, 0xdf, 0x12, 0xf9,
    0xef, 0xff, 0xfd, 0x11, 0xaa, 0x0, 0x6f, 0x60,
    0xdd, 0xff, 0xff, 0xff, 0xdc, 0xff, 0x0, 0x2f,
    0x90, 0xcf, 0xef, 0xff, 0xff, 0xff, 0xf6, 0x0,
    0xc, 0x60, 0x7b, 0xaf, 0xff, 0xff, 0xff, 0xe1,
    0x0, 0x0, 0x0, 0x0, 0x5f, 0xff, 0xff, 0xff,
    0xfd, 0x10, 0x0, 0x0, 0x0, 0xd, 0xff, 0xff,
    0xff, 0xff, 0xd1, 0x0, 0x0, 0x0, 0x4, 0xff,
    0xff, 0xff, 0xff, 0xfd, 0x10, 0x0, 0x0, 0x0,
    0x6f, 0xff, 0xff, 0xff, 0xff, 0xd1, 0x0, 0x0,
    0x0, 0x5, 0xef, 0xff, 0xff, 0xff, 0xf6, 0x0,
    0x0, 0x0, 0x0, 0x18, 0xdf, 0xff, 0xfd, 0x80,
    0x0, 0x0, 0x0, 0x0, 0x0, 0x1, 0x33, 0x10,
    0x0, 0x0, 0x0,

    /* U+F7E4 "" */
    0x0, 0x0, 0x1, 0xb2, 0x0, 0x0, 0x0, 0x0,
    0x0, 0xb, 0xf5, 0x0, 0x0, 0x0, 0x0, 0x0,
    0x3f, 0xf9, 0x0, 0x0, 0x0, 0x0, 0x0, 0x6f,
    0xff, 0x70, 0x0, 0x0, 0x0, 0x0, 0x6f, 0xff,
    0xf8, 0x0, 0x0, 0x0, 0x0, 0x2f, 0xff, 0xff,
    0x90, 0x0, 0x1, 0x91, 0x8, 0xff, 0xff, 0xf7,
    0x0, 0xa, 0xf5, 0x0, 0xbf, 0xff, 0xff, 0x30,
    0x4f, 0xf6, 0x0, 0xc, 0xff, 0xff, 0xb0, 0xaf,
    0xf6, 0x0, 0x4, 0xff, 0xff, 0xf1, 0xdf, 0xf6,
    0x0, 0x2, 0xff, 0xff, 0xf5, 0xff, 0xfc, 0x0,
    0x8, 0xff, 0xff, 0xf7, 0xef, 0xff, 0xd8, 0xbf,
    0xff, 0xff, 0xf6, 0xaf, 0xff, 0xff, 0xff, 0xff,
    0xff, 0xf3, 0x2f, 0xff, 0xff, 0xff, 0xff, 0xff,
    0xe0, 0x7, 0xff, 0xff, 0xff, 0xff, 0xff, 0x40,
    0x0, 0x8f, 0xff, 0xff, 0xff, 0xf7, 0x0, 0x0,
    0x3, 0xbf, 0xff, 0xeb, 0x20, 0x0, 0x0, 0x0,
    0x0, 0x11, 0x0, 0x0, 0x0,

    /* U+F863 "" */
    0x0, 0x0, 0x0, 0x0, 0x38, 0xa1, 0x0, 0x0,
    0x0, 0x0, 0x0, 0x0, 0x8, 0xff, 0xf4, 0x0,
    0x0, 0x0, 0x0, 0x0, 0x0, 0x6f, 0xff, 0xf4,
    0x0, 0x0, 0x0, 0x0, 0x0, 0x0, 0xff, 0xff,
    0xf4, 0x0, 0x0, 0x0, 0x0, 0x0, 0x3, 0xff,
    0xff, 0xf4, 0x0, 0x0, 0x0, 0x0, 0x0, 0x5,
    0xff, 0xff, 0xf4, 0x0, 0x0, 0x0, 0x0, 0x0,
    0x2, 0xff, 0xff, 0xfe, 0xff, 0xc5, 0x0, 0xef,
    0xff, 0xff, 0xff, 0xff, 0xff, 0xff, 0xff, 0x90,
    0xcf, 0xff, 0xff, 0xff, 0x55, 0xff, 0xff, 0xff,
    0xf5, 0x8f, 0xff, 0xff, 0xff, 0x0, 0xff, 0xff,
    0xff, 0xfb, 0xd, 0xff, 0xff, 0xff, 0xee, 0xff,
    0xff, 0xff, 0xfe, 0x1, 0xbf, 0xff, 0xff, 0xff,
    0xff, 0x76, 0x66, 0x64, 0x0, 0x3, 0x67, 0x7f,
    0xff, 0xff, 0x40, 0x0, 0x0, 0x0, 0x0, 0x0,
    0x4f, 0xff, 0xff, 0x40, 0x0, 0x0, 0x0, 0x0,
    0x0, 0x4f, 0xff, 0xff, 0x10, 0x0, 0x0, 0x0,
    0x0, 0x0, 0x4f, 0xff, 0xfa, 0x0, 0x0, 0x0,
    0x0, 0x0, 0x0, 0x4f, 0xff, 0xd1, 0x0, 0x0,
    0x0, 0x0, 0x0, 0x0, 0x3f, 0xe9, 0x0, 0x0,
    0x0, 0x0, 0x0, 0x0, 0x0, 0x1, 0x0, 0x0,
    0x0, 0x0, 0x0,

    /* U+F8FF "" */
    0x3, 0x66, 0x66, 0x66, 0x66, 0x66, 0x66, 0x30,
    0x0, 0x0, 0x0, 0x6f, 0xff, 0xff, 0xff, 0xff,
    0xff, 0xff, 0xfe, 0x40, 0x0, 0x0, 0xdf, 0xff,
    0xff, 0xff, 0xff, 0xff, 0xff, 0xff, 0xf3, 0x0,
    0x0, 0xef, 0xff, 0xff, 0xff, 0xff, 0xff, 0xff,
    0xff, 0xfb, 0x0, 0x0, 0xef, 0xfb, 0x0, 0x5,
    0xff, 0x80, 0x0, 0x9f, 0xff, 0x0, 0x0, 0xef,
    0xf7, 0x0, 0x0, 0xff, 0x30, 0x0, 0x4f, 0xff,
    0x10, 0x0, 0xef, 0xf7, 0x0, 0x0, 0xff, 0x30,
    0x0, 0x4f, 0xff, 0x10, 0x0, 0xef, 0xf9, 0x0,
    0x3, 0xff, 0x30, 0xa, 0xef, 0xff, 0x10, 0x0,
    0xef, 0xff, 0xdc, 0xcf, 0xff, 0x30, 0x9, 0xdf,
    0xff, 0x10, 0x0, 0xef, 0xff, 0xff, 0xff, 0xff,
    0x30, 0x0, 0x4f, 0xff, 0x10, 0x0, 0xef, 0xff,
    0xff, 0xff, 0xff, 0x30, 0x0, 0x5f, 0xff, 0x10,
    0x0, 0xef, 0xff, 0xff, 0xff, 0xff, 0xb5, 0x45,
    0xcf, 0xff, 0x54, 0x30, 0xbf, 0xff, 0xff, 0xff,
    0xff, 0xff, 0xff, 0xff, 0xff, 0xff, 0xf4, 0x2b,
    0xff, 0xfb, 0x2, 0xff, 0xff, 0xff, 0xff, 0xff,
    0xff, 0xd2, 0x0, 0x3, 0xf9, 0x0, 0xed, 0x0,
    0x0, 0x0, 0x0, 0x0, 0x0, 0x0, 0x0, 0xdf,
    0xac, 0xf8, 0x0, 0x0, 0x0, 0x0, 0x0, 0x0,
    0x0, 0x0, 0x2c, 0xff, 0x90, 0x0, 0x0, 0x0,
    0x0, 0x0, 0x0, 0x0, 0x0, 0x0, 0x10, 0x0,
    0x0, 0x0, 0x0, 0x0, 0x0, 0x0
};

/*---------------------
 *  GLYPH DESCRIPTION
 *--------------------*/

static const lv_font_fmt_txt_glyph_dsc_t glyph_dsc[] = {
    {.bitmap_index = 0, .adv_w = 0, .box_w = 0, .box_h = 0, .ofs_x = 0, .ofs_y = 0} /* id = 0 reserved */,
    {.bitmap_index = 0, .adv_w = 288, .box_w = 19, .box_h = 14, .ofs_x = -1, .ofs_y = 1},
    {.bitmap_index = 133, .adv_w = 288, .box_w = 18, .box_h = 18, .ofs_x = 0, .ofs_y = -2},
    {.bitmap_index = 295, .adv_w = 288, .box_w = 18, .box_h = 19, .ofs_x = 0, .ofs_y = -3},
    {.bitmap_index = 466, .adv_w = 288, .box_w = 18, .box_h = 17, .ofs_x = 0, .ofs_y = -2},
    {.bitmap_index = 619, .adv_w = 324, .box_w = 20, .box_h = 19, .ofs_x = 0, .ofs_y = -2},
    {.bitmap_index = 809, .adv_w = 252, .box_w = 16, .box_h = 19, .ofs_x = 0, .ofs_y = -3},
    {.bitmap_index = 961, .adv_w = 252, .box_w = 16, .box_h = 17, .ofs_x = 0, .ofs_y = -2},
    {.bitmap_index = 1097, .adv_w = 252, .box_w = 17, .box_h = 16, .ofs_x = -1, .ofs_y = -2},
    {.bitmap_index = 1233, .adv_w = 216, .box_w = 15, .box_h = 14, .ofs_x = -1, .ofs_y = 0},
    {.bitmap_index = 1338, .adv_w = 288, .box_w = 18, .box_h = 20, .ofs_x = 0, .ofs_y = -3},
    {.bitmap_index = 1518, .adv_w = 288, .box_w = 20, .box_h = 20, .ofs_x = -1, .ofs_y = -3},
    {.bitmap_index = 1718, .adv_w = 288, .box_w = 19, .box_h = 19, .ofs_x = 0, .ofs_y = -3},
    {.bitmap_index = 1899, .adv_w = 288, .box_w = 18, .box_h = 19, .ofs_x = 0, .ofs_y = -3},
    {.bitmap_index = 2070, .adv_w = 288, .box_w = 18, .box_h = 19, .ofs_x = 0, .ofs_y = -3},
    {.bitmap_index = 2241, .adv_w = 216, .box_w = 14, .box_h = 20, .ofs_x = 0, .ofs_y = -3},
    {.bitmap_index = 2381, .adv_w = 252, .box_w = 16, .box_h = 18, .ofs_x = 0, .ofs_y = -2},
    {.bitmap_index = 2525, .adv_w = 252, .box_w = 16, .box_h = 19, .ofs_x = 0, .ofs_y = -3},
    {.bitmap_index = 2677, .adv_w = 216, .box_w = 14, .box_h = 19, .ofs_x = 0, .ofs_y = -3},
    {.bitmap_index = 2810, .adv_w = 216, .box_w = 14, .box_h = 20, .ofs_x = 0, .ofs_y = -3},
    {.bitmap_index = 2950, .adv_w = 324, .box_w = 18, .box_h = 17, .ofs_x = 0, .ofs_y = -2},
    {.bitmap_index = 3103, .adv_w = 252, .box_w = 15, .box_h = 17, .ofs_x = 1, .ofs_y = -2},
    {.bitmap_index = 3231, .adv_w = 252, .box_w = 16, .box_h = 17, .ofs_x = 0, .ofs_y = -2},
    {.bitmap_index = 3367, .adv_w = 180, .box_w = 11, .box_h = 17, .ofs_x = -1, .ofs_y = -2},
    {.bitmap_index = 3461, .adv_w = 180, .box_w = 10, .box_h = 17, .ofs_x = 2, .ofs_y = -2},
    {.bitmap_index = 3546, .adv_w = 288, .box_w = 18, .box_h = 19, .ofs_x = 0, .ofs_y = -3},
    {.bitmap_index = 3717, .adv_w = 288, .box_w = 18, .box_h = 19, .ofs_x = 0, .ofs_y = -3},
    {.bitmap_index = 3888, .adv_w = 252, .box_w = 16, .box_h = 17, .ofs_x = 0, .ofs_y = -2},
    {.bitmap_index = 4024, .adv_w = 288, .box_w = 18, .box_h = 19, .ofs_x = 0, .ofs_y = -3},
    {.bitmap_index = 4195, .adv_w = 288, .box_w = 18, .box_h = 18, .ofs_x = 0, .ofs_y = -2},
    {.bitmap_index = 4357, .adv_w = 288, .box_w = 18, .box_h = 18, .ofs_x = 0, .ofs_y = -2},
    {.bitmap_index = 4519, .adv_w = 252, .box_w = 16, .box_h = 20, .ofs_x = 0, .ofs_y = -3},
    {.bitmap_index = 4679, .adv_w = 324, .box_w = 22, .box_h = 17, .ofs_x = -1, .ofs_y = -2},
    {.bitmap_index = 4866, .adv_w = 288, .box_w = 20, .box_h = 18, .ofs_x = -1, .ofs_y = -2},
    {.bitmap_index = 5046, .adv_w = 324, .box_w = 21, .box_h = 18, .ofs_x = 0, .ofs_y = -2},
    {.bitmap_index = 5235, .adv_w = 252, .box_w = 16, .box_h = 18, .ofs_x = 0, .ofs_y = -2},
    {.bitmap_index = 5379, .adv_w = 288, .box_w = 19, .box_h = 19, .ofs_x = -1, .ofs_y = -3},
    {.bitmap_index = 5560, .adv_w = 252, .box_w = 17, .box_h = 10, .ofs_x = -1, .ofs_y = 3},
    {.bitmap_index = 5645, .adv_w = 252, .box_w = 17, .box_h = 10, .ofs_x = -1, .ofs_y = 1},
    {.bitmap_index = 5730, .adv_w = 288, .box_w = 18, .box_h = 17, .ofs_x = 0, .ofs_y = -2},
    {.bitmap_index = 5883, .adv_w = 288, .box_w = 18, .box_h = 19, .ofs_x = 0, .ofs_y = -3},
    {.bitmap_index = 6054, .adv_w = 288, .box_w = 18, .box_h = 17, .ofs_x = 0, .ofs_y = -2},
    {.bitmap_index = 6207, .adv_w = 288, .box_w = 20, .box_h = 19, .ofs_x = -1, .ofs_y = -3},
    {.bitmap_index = 6397, .adv_w = 288, .box_w = 18, .box_h = 14, .ofs_x = 0, .ofs_y = 0},
    {.bitmap_index = 6523, .adv_w = 288, .box_w = 19, .box_h = 19, .ofs_x = 0, .ofs_y = -3},
    {.bitmap_index = 6704, .adv_w = 288, .box_w = 18, .box_h = 18, .ofs_x = 0, .ofs_y = -2},
    {.bitmap_index = 6866, .adv_w = 360, .box_w = 23, .box_h = 18, .ofs_x = 0, .ofs_y = -2},
    {.bitmap_index = 7073, .adv_w = 324, .box_w = 21, .box_h = 17, .ofs_x = 0, .ofs_y = -2},
    {.bitmap_index = 7252, .adv_w = 288, .box_w = 19, .box_h = 22, .ofs_x = -1, .ofs_y = -4},
    {.bitmap_index = 7461, .adv_w = 252, .box_w = 16, .box_h = 17, .ofs_x = 0, .ofs_y = -2},
    {.bitmap_index = 7597, .adv_w = 324, .box_w = 21, .box_h = 18, .ofs_x = 0, .ofs_y = -3},
    {.bitmap_index = 7786, .adv_w = 252, .box_w = 17, .box_h = 20, .ofs_x = -1, .ofs_y = -3},
    {.bitmap_index = 7956, .adv_w = 288, .box_w = 18, .box_h = 20, .ofs_x = 0, .ofs_y = -3},
    {.bitmap_index = 8136, .adv_w = 216, .box_w = 14, .box_h = 19, .ofs_x = 0, .ofs_y = -3},
    {.bitmap_index = 8269, .adv_w = 288, .box_w = 20, .box_h = 19, .ofs_x = -1, .ofs_y = -3},
    {.bitmap_index = 8459, .adv_w = 324, .box_w = 21, .box_h = 17, .ofs_x = 0, .ofs_y = -2},
    {.bitmap_index = 8638, .adv_w = 324, .box_w = 20, .box_h = 20, .ofs_x = 1, .ofs_y = -4},
    {.bitmap_index = 8838, .adv_w = 252, .box_w = 16, .box_h = 19, .ofs_x = 0, .ofs_y = -3},
    {.bitmap_index = 8990, .adv_w = 324, .box_w = 20, .box_h = 18, .ofs_x = 1, .ofs_y = -3},
    {.bitmap_index = 9170, .adv_w = 360, .box_w = 23, .box_h = 14, .ofs_x = 0, .ofs_y = 0},
    {.bitmap_index = 9331, .adv_w = 216, .box_w = 14, .box_h = 19, .ofs_x = 0, .ofs_y = -3},
    {.bitmap_index = 9464, .adv_w = 288, .box_w = 18, .box_h = 19, .ofs_x = 0, .ofs_y = -3},
    {.bitmap_index = 9635, .adv_w = 252, .box_w = 16, .box_h = 18, .ofs_x = 0, .ofs_y = -2},
    {.bitmap_index = 9779, .adv_w = 288, .box_w = 19, .box_h = 18, .ofs_x = -1, .ofs_y = -3},
    {.bitmap_index = 9950, .adv_w = 288, .box_w = 18, .box_h = 18, .ofs_x = 0, .ofs_y = -2},
    {.bitmap_index = 10112, .adv_w = 216, .box_w = 14, .box_h = 21, .ofs_x = 0, .ofs_y = -4},
    {.bitmap_index = 10259, .adv_w = 324, .box_w = 21, .box_h = 21, .ofs_x = 0, .ofs_y = -4},
    {.bitmap_index = 10480, .adv_w = 288, .box_w = 16, .box_h = 19, .ofs_x = 0, .ofs_y = -3},
    {.bitmap_index = 10632, .adv_w = 216, .box_w = 14, .box_h = 19, .ofs_x = 0, .ofs_y = -3},
    {.bitmap_index = 10765, .adv_w = 288, .box_w = 18, .box_h = 17, .ofs_x = 0, .ofs_y = -2},
    {.bitmap_index = 10918, .adv_w = 252, .box_w = 17, .box_h = 21, .ofs_x = -1, .ofs_y = -4},
    {.bitmap_index = 11097, .adv_w = 288, .box_w = 18, .box_h = 17, .ofs_x = 0, .ofs_y = -2},
    {.bitmap_index = 11250, .adv_w = 324, .box_w = 19, .box_h = 20, .ofs_x = 1, .ofs_y = -3},
    {.bitmap_index = 11440, .adv_w = 252, .box_w = 16, .box_h = 21, .ofs_x = 0, .ofs_y = -3},
    {.bitmap_index = 11608, .adv_w = 324, .box_w = 22, .box_h = 17, .ofs_x = -1, .ofs_y = -2},
    {.bitmap_index = 11795, .adv_w = 252, .box_w = 16, .box_h = 20, .ofs_x = 0, .ofs_y = -3},
    {.bitmap_index = 11955, .adv_w = 360, .box_w = 23, .box_h = 17, .ofs_x = 0, .ofs_y = -2},
    {.bitmap_index = 12151, .adv_w = 252, .box_w = 16, .box_h = 20, .ofs_x = 0, .ofs_y = -3},
    {.bitmap_index = 12311, .adv_w = 252, .box_w = 16, .box_h = 17, .ofs_x = 0, .ofs_y = -2},
    {.bitmap_index = 12447, .adv_w = 324, .box_w = 21, .box_h = 17, .ofs_x = 0, .ofs_y = -2},
    {.bitmap_index = 12626, .adv_w = 360, .box_w = 22, .box_h = 14, .ofs_x = 1, .ofs_y = 0},
    {.bitmap_index = 12780, .adv_w = 360, .box_w = 22, .box_h = 14, .ofs_x = 1, .ofs_y = 0},
    {.bitmap_index = 12934, .adv_w = 360, .box_w = 22, .box_h = 14, .ofs_x = 1, .ofs_y = 0},
    {.bitmap_index = 13088, .adv_w = 360, .box_w = 22, .box_h = 14, .ofs_x = 1, .ofs_y = 0},
    {.bitmap_index = 13242, .adv_w = 360, .box_w = 22, .box_h = 15, .ofs_x = 1, .ofs_y = -2},
    {.bitmap_index = 13407, .adv_w = 252, .box_w = 16, .box_h = 19, .ofs_x = 0, .ofs_y = -2},
    {.bitmap_index = 13559, .adv_w = 180, .box_w = 11, .box_h = 19, .ofs_x = 0, .ofs_y = -3},
    {.bitmap_index = 13664, .adv_w = 288, .box_w = 18, .box_h = 19, .ofs_x = 0, .ofs_y = -3},
    {.bitmap_index = 13835, .adv_w = 288, .box_w = 20, .box_h = 21, .ofs_x = -1, .ofs_y = -4},
    {.bitmap_index = 14045, .adv_w = 288, .box_w = 17, .box_h = 19, .ofs_x = 0, .ofs_y = -3},
    {.bitmap_index = 14207, .adv_w = 288, .box_w = 18, .box_h = 19, .ofs_x = 0, .ofs_y = -3},
    {.bitmap_index = 14378, .adv_w = 288, .box_w = 18, .box_h = 17, .ofs_x = 0, .ofs_y = -2},
    {.bitmap_index = 14531, .adv_w = 216, .box_w = 14, .box_h = 19, .ofs_x = 0, .ofs_y = -3},
    {.bitmap_index = 14664, .adv_w = 288, .box_w = 18, .box_h = 19, .ofs_x = 0, .ofs_y = -3},
    {.bitmap_index = 14835, .adv_w = 324, .box_w = 21, .box_h = 19, .ofs_x = 0, .ofs_y = -3},
    {.bitmap_index = 15035, .adv_w = 252, .box_w = 16, .box_h = 19, .ofs_x = 0, .ofs_y = -3},
    {.bitmap_index = 15187, .adv_w = 288, .box_w = 20, .box_h = 17, .ofs_x = -1, .ofs_y = -2},
    {.bitmap_index = 15357, .adv_w = 324, .box_w = 20, .box_h = 17, .ofs_x = 0, .ofs_y = -2},
    {.bitmap_index = 15527, .adv_w = 360, .box_w = 23, .box_h = 18, .ofs_x = 0, .ofs_y = -3},
    {.bitmap_index = 15734, .adv_w = 288, .box_w = 18, .box_h = 20, .ofs_x = 0, .ofs_y = -4},
    {.bitmap_index = 15914, .adv_w = 324, .box_w = 22, .box_h = 18, .ofs_x = -1, .ofs_y = -3},
    {.bitmap_index = 16112, .adv_w = 288, .box_w = 18, .box_h = 20, .ofs_x = 0, .ofs_y = -3},
    {.bitmap_index = 16292, .adv_w = 324, .box_w = 20, .box_h = 19, .ofs_x = 1, .ofs_y = -3},
    {.bitmap_index = 16482, .adv_w = 288, .box_w = 18, .box_h = 19, .ofs_x = 0, .ofs_y = -3},
    {.bitmap_index = 16653, .adv_w = 288, .box_w = 20, .box_h = 18, .ofs_x = -1, .ofs_y = -2},
    {.bitmap_index = 16833, .adv_w = 288, .box_w = 19, .box_h = 19, .ofs_x = 0, .ofs_y = -3},
    {.bitmap_index = 17014, .adv_w = 288, .box_w = 20, .box_h = 14, .ofs_x = -1, .ofs_y = 0},
    {.bitmap_index = 17154, .adv_w = 360, .box_w = 22, .box_h = 18, .ofs_x = 1, .ofs_y = -4},
    {.bitmap_index = 17352, .adv_w = 324, .box_w = 19, .box_h = 20, .ofs_x = 2, .ofs_y = -3},
    {.bitmap_index = 17542, .adv_w = 288, .box_w = 18, .box_h = 19, .ofs_x = 0, .ofs_y = -3},
    {.bitmap_index = 17713, .adv_w = 216, .box_w = 14, .box_h = 19, .ofs_x = 0, .ofs_y = -3},
    {.bitmap_index = 17846, .adv_w = 288, .box_w = 18, .box_h = 19, .ofs_x = 0, .ofs_y = -3},
    {.bitmap_index = 18017, .adv_w = 360, .box_w = 22, .box_h = 18, .ofs_x = 1, .ofs_y = -3}
};

/*---------------------
 *  CHARACTER MAPPING
 *--------------------*/

static const uint16_t unicode_list_0[] = {
    0x0, 0xffc, 0xffd, 0xfff, 0x1000, 0x1002, 0x1003, 0x1007,
    0x1008, 0x100c, 0x100e, 0x1010, 0x1012, 0x101c, 0x101e, 0x1020,
    0x1028, 0x103c, 0x103e, 0x1045, 0x1046, 0x1048, 0x104e, 0x104f,
    0x1052, 0x1055, 0x1060, 0x1065, 0x1066, 0x1067, 0x1068, 0x1069,
    0x106c, 0x106d, 0x106e, 0x1070, 0x1072, 0x1073, 0x107e, 0x107f,
    0x108b, 0x1090, 0x1098, 0x10a7, 0x10ac, 0x10bb, 0x10bd, 0x10c1,
    0x10c3, 0x10cc, 0x10e2, 0x10e4, 0x10e6, 0x10e7, 0x10e9, 0x10ec,
    0x10ee, 0x10ef, 0x1116, 0x112b, 0x112d, 0x112e, 0x1130, 0x115f,
    0x117e, 0x1180, 0x1181, 0x11a8, 0x11b4, 0x11b6, 0x11d9, 0x11dd,
    0x11e1, 0x11e6, 0x11f3, 0x1201, 0x1216, 0x122e, 0x1231, 0x123b,
    0x123c, 0x123d, 0x123e, 0x123f, 0x128b, 0x12c2, 0x12c8, 0x12d7,
    0x12e2, 0x12ec, 0x12f1, 0x13c0, 0x13f8, 0x148f, 0x1525, 0x1549,
    0x154a, 0x154e, 0x15a5, 0x15ab, 0x15d5, 0x15e2, 0x15f8, 0x16f7,
    0x1729, 0x176e, 0x178f, 0x17b1, 0x17bb, 0x17df, 0x185e, 0x18fa
};

/*Collect the unicode lists and glyph_id offsets*/
static const lv_font_fmt_txt_cmap_t cmaps[] =
{
    {
        .range_start = 57349, .range_length = 6395, .glyph_id_start = 1,
        .unicode_list = unicode_list_0, .glyph_id_ofs_list = NULL, .list_length = 112, .type = LV_FONT_FMT_TXT_CMAP_SPARSE_TINY
    }
};

/*--------------------
 *  ALL CUSTOM DATA
 *--------------------*/

#if LVGL_VERSION_MAJOR == 8
/*Store all the custom data of the font*/
static  lv_font_fmt_txt_glyph_cache_t cache;
#endif

#if LVGL_VERSION_MAJOR >= 8
static const lv_font_fmt_txt_dsc_t font_dsc = {
#else
static lv_font_fmt_txt_dsc_t font_dsc = {
#endif
    .glyph_bitmap = glyph_bitmap,
    .glyph_dsc = glyph_dsc,
    .cmaps = cmaps,
    .kern_dsc = NULL,
    .kern_scale = 0,
    .cmap_num = 1,
    .bpp = 4,
    .kern_classes = 0,
    .bitmap_format = 0,
#if LVGL_VERSION_MAJOR == 8
    .cache = &cache
#endif
};

/*-----------------
 *  PUBLIC FONT
 *----------------*/

/*Initialize a public general font descriptor*/
#if LVGL_VERSION_MAJOR >= 8
const lv_font_t ui_font_fa18 = {
#else
lv_font_t ui_font_fa18 = {
#endif
    .get_glyph_dsc = lv_font_get_glyph_dsc_fmt_txt,    /*Function pointer to get glyph's data*/
    .get_glyph_bitmap = lv_font_get_bitmap_fmt_txt,    /*Function pointer to get glyph's bitmap*/
    .line_height = 22,          /*The maximum line height required by the font*/
    .base_line = 4,             /*Baseline measured from the bottom of the line*/
#if !(LVGL_VERSION_MAJOR == 6 && LVGL_VERSION_MINOR == 0)
    .subpx = LV_FONT_SUBPX_NONE,
#endif
#if LV_VERSION_CHECK(7, 4, 0) || LVGL_VERSION_MAJOR >= 8
    .underline_position = 0,
    .underline_thickness = 0,
#endif
    .dsc = &font_dsc,          /*The custom font data. Will be accessed by `get_glyph_bitmap/dsc` */
#if LV_VERSION_CHECK(8, 2, 0) || LVGL_VERSION_MAJOR >= 9
    .fallback = NULL,
#endif
    .user_data = NULL,
};

#endif /*#if UI_FONT_FA18*/